  WRAP    arch/arm/include/generated/uapi/asm/kvm_para.h
  SYSHDR  arch/arm/include/generated/uapi/asm/unistd-oabi.h
  WRAP    arch/arm/include/generated/uapi/asm/bitsperlong.h
  WRAP    arch/arm/include/generated/uapi/asm/bpf_perf_event.h
  SYSHDR  arch/arm/include/generated/uapi/asm/unistd-eabi.h
  WRAP    arch/arm/include/generated/uapi/asm/errno.h
  WRAP    arch/arm/include/generated/uapi/asm/ioctl.h
  WRAP    arch/arm/include/generated/uapi/asm/ipcbuf.h
  WRAP    arch/arm/include/generated/uapi/asm/msgbuf.h
  WRAP    arch/arm/include/generated/uapi/asm/param.h
  WRAP    arch/arm/include/generated/uapi/asm/poll.h
  WRAP    arch/arm/include/generated/uapi/asm/resource.h
  WRAP    arch/arm/include/generated/uapi/asm/sembuf.h
  WRAP    arch/arm/include/generated/uapi/asm/shmbuf.h
  WRAP    arch/arm/include/generated/uapi/asm/siginfo.h
  WRAP    arch/arm/include/generated/uapi/asm/socket.h
  WRAP    arch/arm/include/generated/uapi/asm/sockios.h
  WRAP    arch/arm/include/generated/uapi/asm/termbits.h
  WRAP    arch/arm/include/generated/uapi/asm/termios.h
  UPD     include/generated/uapi/linux/version.h
  UPD     include/generated/compile.h
  WRAP    arch/arm/include/generated/asm/early_ioremap.h
  WRAP    arch/arm/include/generated/asm/extable.h
  WRAP    arch/arm/include/generated/asm/flat.h
  WRAP    arch/arm/include/generated/asm/parport.h
  WRAP    arch/arm/include/generated/asm/ring_buffer.h
  WRAP    arch/arm/include/generated/asm/cfi.h
  WRAP    arch/arm/include/generated/asm/compat.h
  WRAP    arch/arm/include/generated/asm/dma-mapping.h
  WRAP    arch/arm/include/generated/asm/emergency-restart.h
  WRAP    arch/arm/include/generated/asm/exec.h
  WRAP    arch/arm/include/generated/asm/irq_regs.h
  WRAP    arch/arm/include/generated/asm/kdebug.h
  WRAP    arch/arm/include/generated/asm/kmap_size.h
  WRAP    arch/arm/include/generated/asm/kvm_types.h
  WRAP    arch/arm/include/generated/asm/local.h
  WRAP    arch/arm/include/generated/asm/local64.h
  WRAP    arch/arm/include/generated/asm/mmiowb.h
  WRAP    arch/arm/include/generated/asm/msi.h
  WRAP    arch/arm/include/generated/asm/preempt.h
  WRAP    arch/arm/include/generated/asm/runtime-const.h
  WRAP    arch/arm/include/generated/asm/rqspinlock.h
  WRAP    arch/arm/include/generated/asm/rwonce.h
  WRAP    arch/arm/include/generated/asm/serial.h
  WRAP    arch/arm/include/generated/asm/softirq_stack.h
  WRAP    arch/arm/include/generated/asm/trace_clock.h
  WRAP    arch/arm/include/generated/asm/unwind_user.h
  WRAP    arch/arm/include/generated/asm/video.h
  UPD     include/config/kernel.release
  UPD     include/generated/utsrelease.h
  SYSNR   arch/arm/include/generated/asm/unistd-nr.h
  GEN     arch/arm/include/generated/asm/mach-types.h
  DTC     arch/arm/boot/dts/aspeed/aspeed-ast2500-evb.dtb
  DTC     arch/arm/boot/dts/aspeed/aspeed-ast2600-evb-a1.dtb
  DTC     arch/arm/boot/dts/aspeed/aspeed-ast2600-evb.dtb
  SYSTBL  arch/arm/include/generated/calls-oabi.S
  SYSTBL  arch/arm/include/generated/calls-eabi.S
  DTC     arch/arm/boot/dts/aspeed/aspeed-bmc-amd-daytonax.dtb
  DTC     arch/arm/boot/dts/aspeed/aspeed-bmc-amd-ethanolx.dtb
  DTC     arch/arm/boot/dts/aspeed/aspeed-bmc-ampere-mtjade.dtb
  DTC     arch/arm/boot/dts/aspeed/aspeed-bmc-ampere-mtjefferson.dtb
  CC      scripts/mod/empty.o
  DTC     arch/arm/boot/dts/aspeed/aspeed-bmc-ampere-mtmitchell.dtb
  CC      scripts/mod/devicetable-offsets.s
  DTC     arch/arm/boot/dts/aspeed/aspeed-bmc-arm-stardragon4800-rep2.dtb
  DTC     arch/arm/boot/dts/aspeed/aspeed-bmc-asrock-altrad8.dtb
  DTC     arch/arm/boot/dts/aspeed/aspeed-bmc-asrock-e3c246d4i.dtb
  DTC     arch/arm/boot/dts/aspeed/aspeed-bmc-asrock-e3c256d4i.dtb
  DTC     arch/arm/boot/dts/aspeed/aspeed-bmc-asrock-paul-ipmi-card.dtb
  DTC     arch/arm/boot/dts/aspeed/aspeed-bmc-asrock-romed8hm3.dtb
  DTC     arch/arm/boot/dts/aspeed/aspeed-bmc-asrock-spc621d8hm3.dtb
  DTC     arch/arm/boot/dts/aspeed/aspeed-bmc-asrock-x570d4u.dtb
  DTC     arch/arm/boot/dts/aspeed/aspeed-bmc-asus-kommando-ipmi-card.dtb
  DTC     arch/arm/boot/dts/aspeed/aspeed-bmc-asus-x4tf.dtb
  MKELF   scripts/mod/elfconfig.h
  DTC     arch/arm/boot/dts/aspeed/aspeed-bmc-bytedance-g220a.dtb
  HOSTCC  scripts/mod/sumversion.o
  DTC     arch/arm/boot/dts/aspeed/aspeed-bmc-delta-ahe50dc.dtb
  DTC     arch/arm/boot/dts/aspeed/aspeed-bmc-facebook-anacapa.dtb
  HOSTCC  scripts/mod/symsearch.o
  DTC     arch/arm/boot/dts/aspeed/aspeed-bmc-facebook-bletchley.dtb
  DTC     arch/arm/boot/dts/aspeed/aspeed-bmc-facebook-catalina.dtb
  DTC     arch/arm/boot/dts/aspeed/aspeed-bmc-facebook-clemente.dtb
  DTC     arch/arm/boot/dts/aspeed/aspeed-bmc-facebook-cmm.dtb
  DTC     arch/arm/boot/dts/aspeed/aspeed-bmc-facebook-darwin.dtb
  DTC     arch/arm/boot/dts/aspeed/aspeed-bmc-facebook-elbert.dtb
  DTC     arch/arm/boot/dts/aspeed/aspeed-bmc-facebook-fuji-data64.dtb
  DTC     arch/arm/boot/dts/aspeed/aspeed-bmc-facebook-fuji.dtb
  DTC     arch/arm/boot/dts/aspeed/aspeed-bmc-facebook-galaxy100.dtb
  DTC     arch/arm/boot/dts/aspeed/aspeed-bmc-facebook-greatlakes.dtb
  DTC     arch/arm/boot/dts/aspeed/aspeed-bmc-facebook-harma.dtb
  DTC     arch/arm/boot/dts/aspeed/aspeed-bmc-facebook-minerva.dtb
  DTC     arch/arm/boot/dts/aspeed/aspeed-bmc-facebook-minipack.dtb
  DTC     arch/arm/boot/dts/aspeed/aspeed-bmc-facebook-santabarbara.dtb
  DTC     arch/arm/boot/dts/aspeed/aspeed-bmc-facebook-tiogapass.dtb
  HOSTCC  scripts/mod/modpost.o
  DTC     arch/arm/boot/dts/aspeed/aspeed-bmc-facebook-wedge40.dtb
  HOSTCC  scripts/mod/file2alias.o
  DTC     arch/arm/boot/dts/aspeed/aspeed-bmc-facebook-wedge100.dtb
  DTC     arch/arm/boot/dts/aspeed/aspeed-bmc-facebook-wedge400-data64.dtb
  DTC     arch/arm/boot/dts/aspeed/aspeed-bmc-facebook-wedge400.dtb
  DTC     arch/arm/boot/dts/aspeed/aspeed-bmc-facebook-yamp.dtb
  DTC     arch/arm/boot/dts/aspeed/aspeed-bmc-facebook-yosemitev2.dtb
  DTC     arch/arm/boot/dts/aspeed/aspeed-bmc-facebook-yosemite4.dtb
  DTC     arch/arm/boot/dts/aspeed/aspeed-bmc-facebook-yosemite5.dtb
  DTC     arch/arm/boot/dts/aspeed/aspeed-bmc-ibm-balcones.dtb
  DTC     arch/arm/boot/dts/aspeed/aspeed-bmc-ibm-blueridge.dtb
  DTC     arch/arm/boot/dts/aspeed/aspeed-bmc-ibm-bonnell.dtb
  DTC     arch/arm/boot/dts/aspeed/aspeed-bmc-ibm-everest.dtb
  DTC     arch/arm/boot/dts/aspeed/aspeed-bmc-ibm-fuji.dtb
  DTC     arch/arm/boot/dts/aspeed/aspeed-bmc-ibm-rainier.dtb
  DTC     arch/arm/boot/dts/aspeed/aspeed-bmc-ibm-rainier-1s4u.dtb
  DTC     arch/arm/boot/dts/aspeed/aspeed-bmc-ibm-rainier-4u.dtb
  DTC     arch/arm/boot/dts/aspeed/aspeed-bmc-ibm-sbp1.dtb
  DTC     arch/arm/boot/dts/aspeed/aspeed-bmc-ibm-system1.dtb
  DTC     arch/arm/boot/dts/aspeed/aspeed-bmc-intel-s2600wf.dtb
  DTC     arch/arm/boot/dts/aspeed/aspeed-bmc-inspur-fp5280g2.dtb
  DTC     arch/arm/boot/dts/aspeed/aspeed-bmc-inspur-nf5280m6.dtb
  DTC     arch/arm/boot/dts/aspeed/aspeed-bmc-inspur-on5263m5.dtb
  DTC     arch/arm/boot/dts/aspeed/aspeed-bmc-lenovo-hr630.dtb
  DTC     arch/arm/boot/dts/aspeed/aspeed-bmc-lenovo-hr855xg2.dtb
  DTC     arch/arm/boot/dts/aspeed/aspeed-bmc-microsoft-olympus.dtb
  DTC     arch/arm/boot/dts/aspeed/aspeed-bmc-nvidia-gb200nvl-bmc.dtb
  DTC     arch/arm/boot/dts/aspeed/aspeed-bmc-nvidia-msx4-bmc.dtb
  DTC     arch/arm/boot/dts/aspeed/aspeed-bmc-opp-lanyang.dtb
  DTC     arch/arm/boot/dts/aspeed/aspeed-bmc-opp-mowgli.dtb
  DTC     arch/arm/boot/dts/aspeed/aspeed-bmc-opp-nicole.dtb
  DTC     arch/arm/boot/dts/aspeed/aspeed-bmc-opp-palmetto.dtb
  DTC     arch/arm/boot/dts/aspeed/aspeed-bmc-opp-romulus.dtb
  DTC     arch/arm/boot/dts/aspeed/aspeed-bmc-opp-tacoma.dtb
  DTC     arch/arm/boot/dts/aspeed/aspeed-bmc-opp-vesnin.dtb
  DTC     arch/arm/boot/dts/aspeed/aspeed-bmc-opp-witherspoon.dtb
  DTC     arch/arm/boot/dts/aspeed/aspeed-bmc-opp-zaius.dtb
  DTC     arch/arm/boot/dts/aspeed/aspeed-bmc-portwell-neptune.dtb
  DTC     arch/arm/boot/dts/aspeed/aspeed-bmc-qcom-dc-scm-v1.dtb
  DTC     arch/arm/boot/dts/aspeed/aspeed-bmc-quanta-q71l.dtb
  DTC     arch/arm/boot/dts/aspeed/aspeed-bmc-quanta-s6q.dtb
  DTC     arch/arm/boot/dts/aspeed/aspeed-bmc-supermicro-x11spi.dtb
  DTC     arch/arm/boot/dts/aspeed/aspeed-bmc-inventec-starscream.dtb
  DTC     arch/arm/boot/dts/aspeed/aspeed-bmc-inventec-transformers.dtb
  DTC     arch/arm/boot/dts/aspeed/aspeed-bmc-tyan-s7106.dtb
  DTC     arch/arm/boot/dts/aspeed/aspeed-bmc-tyan-s8036.dtb
  DTC     arch/arm/boot/dts/aspeed/aspeed-bmc-ufispace-ncplite.dtb
  DTC     arch/arm/boot/dts/aspeed/aspeed-bmc-vegman-n110.dtb
  DTC     arch/arm/boot/dts/aspeed/aspeed-bmc-vegman-rx20.dtb
  HOSTLD  scripts/mod/modpost
  DTC     arch/arm/boot/dts/aspeed/aspeed-bmc-vegman-sx20.dtb
  CC      kernel/bounds.s
  UPD     include/generated/timeconst.h
  UPD     include/generated/bounds.h
  CC      arch/arm/kernel/asm-offsets.s
  UPD     include/generated/asm-offsets.h
  CC      kernel/sched/rq-offsets.s
  UPD     include/generated/rq-offsets.h
  CALL    scripts/checksyscalls.sh 
  HOSTCC  usr/gen_init_cpio
  CC      init/main.o
  CC      arch/arm/mach-aspeed/platsmp.o
  CC      arch/arm/vfp/vfpmodule.o
  AR      arch/arm/mach-aspeed/built-in.a
  CC      kernel/sched/core.o
  GEN     usr/initramfs_data.cpio
  COPY    usr/initramfs_inc_data
  AS      usr/initramfs_data.o
  AR      usr/built-in.a
  AR      certs/built-in.a
  CC      mm/filemap.o
  AS      arch/arm/vfp/vfphw.o
  CC      arch/arm/vfp/vfpsingle.o
  CC      arch/arm/vfp/vfpdouble.o
  UPD     init/utsversion-tmp.h
  CC      init/do_mounts.o
  AR      arch/arm/vfp/built-in.a
  LDS     arch/arm/vdso/vdso.lds
  CC      arch/arm/vdso/vgettimeofday.o
  CC      mm/mempool.o
  CC      init/do_mounts_initrd.o
  CC      arch/arm/vdso/note.o
  HOSTCC  arch/arm/vdso/vdsomunge
  CC      mm/oom_kill.o
  LD      arch/arm/vdso/vdso.so.raw
  MUNGE   arch/arm/vdso/vdso.so.dbg
  OBJCOPY arch/arm/vdso/vdso.so
  AS      arch/arm/vdso/vdso.o
  AR      arch/arm/vdso/built-in.a
  CC      arch/arm/kernel/elf.o
  CC      init/initramfs.o
  AS      arch/arm/kernel/entry-common.o
  CC      arch/arm/kernel/irq.o
  CC      kernel/sched/fair.o
  CC      arch/arm/kernel/opcodes.o
  CC      init/calibrate.o
  CC      mm/fadvise.o
  CC      arch/arm/kernel/process.o
  CC      init/init_task.o
  CC      mm/maccess.o
  CC      arch/arm/kernel/ptrace.o
  CC      init/version.o
  AR      init/built-in.a
  CC      kernel/locking/mutex.o
  CC      mm/page-writeback.o
  CC      arch/arm/kernel/reboot.o
  CC      arch/arm/kernel/io.o
  CC      kernel/locking/semaphore.o
  CC      arch/arm/kernel/setup.o
  CC      kernel/locking/rwsem.o
  CC      mm/folio-compat.o
  CC      arch/arm/kernel/signal.o
  CC      kernel/sched/build_policy.o
  CC      mm/readahead.o
  CC      kernel/locking/percpu-rwsem.o
  CC      kernel/locking/spinlock.o
  AS      arch/arm/kernel/sigreturn_codes.o
  CC      arch/arm/kernel/stacktrace.o
  CC      kernel/locking/osq_lock.o
  CC      arch/arm/kernel/sys_arm.o
  CC      mm/swap.o
  CC      kernel/locking/rtmutex_api.o
  CC      arch/arm/kernel/time.o
  CC      arch/arm/kernel/traps.o
  AR      kernel/locking/built-in.a
  AS      arch/arm/kernel/entry-armv.o
  CC      arch/arm/mm/extable.o
  CC      mm/truncate.o
  CC      arch/arm/mm/fault.o
  CC      arch/arm/kernel/bugs.o
  CC      arch/arm/kernel/cacheinfo.o
  CC      arch/arm/mm/init.o
  CC      mm/vmscan.o
  CC      kernel/sched/build_utility.o
  AS      arch/arm/kernel/sleep.o
  CC      arch/arm/kernel/suspend.o
  CC      arch/arm/mm/iomap.o
  CC      arch/arm/kernel/smp.o
  CC      arch/arm/mm/dma-mapping.o
  CC      arch/arm/kernel/smp_tlb.o
  CC      arch/arm/kernel/arch_timer.o
  CC      arch/arm/mm/fault-armv.o
  AS      arch/arm/kernel/entry-ftrace.o
  CC      arch/arm/kernel/ftrace.o
  CC      arch/arm/mm/flush.o
  CC      mm/shrinker.o
  CC      arch/arm/kernel/insn.o
  AR      kernel/sched/built-in.a
  CC      arch/arm/kernel/patch.o
  CC      kernel/power/qos.o
  CC      arch/arm/mm/idmap.o
  CC      mm/shmem.o
  CC      arch/arm/kernel/jump_label.o
  CC      arch/arm/kernel/machine_kexec.o
  CC      arch/arm/mm/ioremap.o
  CC      kernel/power/main.o
  CC      arch/arm/mm/mmap.o
  AS      arch/arm/kernel/relocate_kernel.o
  CC      arch/arm/kernel/vmcore_info.o
  CC      arch/arm/kernel/unwind.o
  CC      arch/arm/mm/pgd.o
  CC      kernel/power/process.o
  CC      arch/arm/kernel/devtree.o
  CC      mm/util.o
  CC      arch/arm/mm/mmu.o
  CC      arch/arm/kernel/crash_dump.o
  CC      kernel/power/suspend.o
  CC      arch/arm/kernel/swp_emulate.o
  CC      arch/arm/mm/pageattr.o
  CC      mm/mmzone.o
  AR      kernel/power/built-in.a
  CC      kernel/printk/printk.o
  CC      arch/arm/mm/dump.o
  CC      mm/vmstat.o
  CC      arch/arm/kernel/hw_breakpoint.o
  CC      arch/arm/mm/alignment.o
  CC      arch/arm/kernel/perf_regs.o
  AS      arch/arm/mm/abort-ev6.o
  AS      arch/arm/mm/abort-ev7.o
  CC      mm/backing-dev.o
  AS      arch/arm/mm/pabort-v6.o
  AS      arch/arm/mm/pabort-v7.o
  AS      arch/arm/mm/cache-v6.o
  AS      arch/arm/mm/cache-v7.o
  CC      arch/arm/mm/cache.o
  CC      arch/arm/kernel/perf_callchain.o
  CC      arch/arm/mm/copypage-v6.o
  CC      mm/mm_init.o
  CC      kernel/printk/printk_safe.o
  CC      arch/arm/kernel/vdso.o
  CC      arch/arm/mm/context.o
  CC      kernel/printk/nbcon.o
  AS      arch/arm/kernel/head.o
  AS      arch/arm/kernel/phys2virt.o
  AS      arch/arm/mm/tlb-v6.o
  AS      arch/arm/kernel/hyp-stub.o
  AS      arch/arm/mm/tlb-v7.o
  AS      arch/arm/kernel/smccc-call.o
  CC      arch/arm/kernel/spectre.o
  CC      mm/percpu.o
  CC      arch/arm/mm/tlb.o
  AS      arch/arm/mm/proc-v6.o
  AS      arch/arm/mm/proc-v7.o
  CC      arch/arm/mm/proc-v7-bugs.o
  CC      kernel/printk/printk_ringbuffer.o
  LDS     arch/arm/kernel/vmlinux.lds
  AR      arch/arm/kernel/built-in.a
  AR      arch/arm/mm/built-in.a
  CC      mm/slab_common.o
  CC      arch/arm/common/firmware.o
  CC      kernel/printk/sysctl.o
  AS      arch/arm/common/secure_cntvoff.o
  AR      arch/arm/common/built-in.a
  CC      arch/arm/probes/uprobes/core.o
  AR      kernel/printk/built-in.a
  CC      kernel/irq/irqdesc.o
  CC      arch/arm/probes/uprobes/actions-arm.o
  CC      kernel/irq/handle.o
  AR      arch/arm/probes/uprobes/built-in.a
  CC      arch/arm/probes/decode.o
  CC      kernel/irq/manage.o
  CC      arch/arm/probes/decode-arm.o
  AR      arch/arm/net/built-in.a
  CC      mm/compaction.o
  CC      kernel/rcu/update.o
  AR      arch/arm/probes/built-in.a
  AR      arch/arm/crypto/built-in.a
  AR      arch/arm/built-in.a
  CC      fs/notify/dnotify/dnotify.o
  CC      kernel/irq/spurious.o
  AR      fs/notify/dnotify/built-in.a
  CC      fs/notify/inotify/inotify_fsnotify.o
  CC      mm/show_mem.o
  CC      kernel/irq/resend.o
  CC      fs/notify/inotify/inotify_user.o
  CC      kernel/irq/chip.o
  CC      mm/interval_tree.o
  CC      kernel/rcu/sync.o
  CC      kernel/rcu/srcutree.o
  CC      kernel/irq/dummychip.o
  AR      fs/notify/inotify/built-in.a
  CC      fs/notify/fanotify/fanotify.o
  CC      mm/list_lru.o
  CC      kernel/irq/devres.o
  CC      kernel/irq/kexec.o
  CC      mm/workingset.o
  CC      kernel/rcu/tree.o
  CC      fs/notify/fanotify/fanotify_user.o
  CC      kernel/irq/autoprobe.o
  CC      mm/debug.o
  CC      kernel/irq/irqdomain.o
  AR      fs/notify/fanotify/built-in.a
  CC      fs/notify/fsnotify.o
  CC      mm/gup.o
  CC      kernel/irq/proc.o
  CC      fs/notify/notification.o
  CC      kernel/irq/cpuhotplug.o
  CC      fs/notify/group.o
  CC      kernel/irq/pm.o
  CC      kernel/irq/ipi.o
  CC      fs/notify/mark.o
  CC      mm/mmap_lock.o
  CC      kernel/rcu/rcu_segcblist.o
  CC      kernel/irq/affinity.o
  AR      kernel/rcu/built-in.a
  AR      kernel/livepatch/built-in.a
  AR      kernel/irq/built-in.a
  CC      ipc/util.o
  AR      kernel/liveupdate/built-in.a
  CC      kernel/dma/mapping.o
  CC      fs/notify/fdinfo.o
  CC      mm/vma_init.o
  AR      fs/notify/built-in.a
  CC      fs/iomap/trace.o
  CC      ipc/msgutil.o
  CC      mm/highmem.o
  CC      ipc/msg.o
  CC      mm/memory.o
  CC      kernel/dma/direct.o
  CC      fs/iomap/iter.o
  CC      fs/iomap/buffered-io.o
  CC      kernel/dma/ops_helpers.o
  CC      ipc/sem.o
  CC      kernel/dma/dummy.o
  CC      kernel/dma/contiguous.o
  CC      fs/iomap/direct-io.o
  CC      kernel/dma/coherent.o
  CC      ipc/shm.o
  CC      mm/mincore.o
  CC      kernel/dma/remap.o
  CC      fs/iomap/ioend.o
  AR      kernel/dma/built-in.a
  AR      kernel/entry/built-in.a
  CC      mm/mlock.o
  AR      kernel/unwind/built-in.a
  CC      kernel/time/time.o
  CC      ipc/syscall.o
  CC      fs/iomap/fiemap.o
  CC      ipc/ipc_sysctl.o
  CC      kernel/time/timer.o
  CC      mm/mmap.o
  CC      fs/iomap/seek.o
  CC      ipc/namespace.o
  AR      ipc/built-in.a
  CC      kernel/futex/core.o
  CC      fs/iomap/bio.o
  AR      fs/iomap/built-in.a
  AR      fs/quota/built-in.a
  CC      fs/proc/task_mmu.o
  CC      mm/mmu_gather.o
  CC      kernel/time/hrtimer.o
  CC      kernel/futex/syscalls.o
  CC      mm/mprotect.o
  CC      kernel/futex/pi.o
  CC      fs/proc/inode.o
  CC      kernel/time/sleep_timeout.o
  CC      kernel/futex/requeue.o
  CC      kernel/time/timekeeping.o
  CC      mm/mremap.o
  CC      fs/proc/root.o
  CC      kernel/futex/waitwake.o
  CC      fs/proc/base.o
  AR      kernel/futex/built-in.a
  CC      security/commoncap.o
  CC      mm/msync.o
  CC      kernel/time/ntp.o
  CC      mm/page_vma_mapped.o
  CC      kernel/time/clocksource.o
  CC      fs/proc/generic.o
  CC      kernel/time/jiffies.o
  CC      mm/pagewalk.o
  CC      security/min_addr.o
  CC      kernel/time/timer_list.o
  CC      mm/pgtable-generic.o
  CC      security/device_cgroup.o
  CC      fs/proc/array.o
  CC      kernel/time/timeconv.o
  CC      mm/rmap.o
  CC      kernel/time/timecounter.o
  CC      kernel/time/alarmtimer.o
  AR      security/built-in.a
  CC      crypto/api.o
  CC      fs/proc/fd.o
  CC      fs/proc/proc_tty.o
  CC      kernel/time/posix-timers.o
  CC      crypto/cipher.o
  CC      mm/vmalloc.o
  CC      fs/proc/cmdline.o
  CC      crypto/algapi.o
  CC      fs/proc/consoles.o
  CC      kernel/time/posix-cpu-timers.o
  CC      fs/proc/cpuinfo.o
  CC      crypto/scatterwalk.o
  CC      fs/proc/devices.o
  CC      kernel/time/posix-clock.o
  CC      fs/proc/interrupts.o
  CC      crypto/proc.o
  CC      fs/proc/loadavg.o
  CC      kernel/time/itimer.o
  CC      crypto/ahash.o
  CC      mm/vma.o
  CC      fs/proc/meminfo.o
  CC      kernel/time/clockevents.o
  CC      fs/proc/stat.o
  CC      kernel/time/tick-common.o
  CC      crypto/shash.o
  CC      fs/proc/uptime.o
  CC      crypto/acompress.o
  CC      mm/vma_exec.o
  CC      fs/proc/util.o
  CC      kernel/time/tick-broadcast.o
  CC      fs/proc/version.o
  CC      mm/process_vm_access.o
  CC      kernel/time/tick-broadcast-hrtimer.o
  CC      crypto/scompress.o
  CC      fs/proc/softirqs.o
  CC      kernel/time/sched_clock.o
  CC      mm/page_alloc.o
  CC      crypto/algboss.o
  CC      kernel/time/tick-oneshot.o
  CC      fs/proc/namespaces.o
  CC      kernel/time/tick-sched.o
  CC      fs/proc/self.o
  CC      crypto/testmgr.o
  CC      fs/proc/thread_self.o
  CC      kernel/time/timer_migration.o
  CC      crypto/hmac.o
  CC      fs/proc/proc_sysctl.o
  CC      crypto/sha256.o
  CC      crypto/deflate.o
  CC      kernel/time/vsyscall.o
  CC      fs/proc/proc_net.o
  CC      mm/page_frag_cache.o
  CC      crypto/lzo.o
  CC      kernel/time/timekeeping_debug.o
  CC      crypto/lzo-rle.o
  CC      mm/init-mm.o
  CC      fs/proc/vmcore.o
  CC      crypto/af_alg.o
  CC      mm/memblock.o
  CC      kernel/time/namespace.o
  CC      fs/proc/kmsg.o
  CC      kernel/time/namespace_vdso.o
  CC      fs/proc/page.o
  AR      kernel/time/built-in.a
  CC      mm/slub.o
  CC      kernel/cgroup/cgroup.o
  CC      crypto/algif_hash.o
  AR      fs/proc/built-in.a
  CC      fs/kernfs/mount.o
  CC      fs/kernfs/inode.o
  CC      crypto/zstd.o
  CC      fs/kernfs/dir.o
  AR      crypto/built-in.a
  CC      block/partitions/core.o
  CC      block/partitions/msdos.o
  CC      fs/kernfs/file.o
  CC      mm/madvise.o
  CC      kernel/cgroup/rstat.o
  CC      block/partitions/efi.o
  CC      fs/kernfs/symlink.o
  CC      kernel/cgroup/namespace.o
  AR      block/partitions/built-in.a
  CC      block/bdev.o
  AR      fs/kernfs/built-in.a
  CC      fs/sysfs/file.o
  CC      kernel/cgroup/cgroup-v1.o
  CC      mm/dmapool.o
  CC      mm/migrate.o
  CC      fs/sysfs/dir.o
  CC      block/fops.o
  CC      kernel/cgroup/freezer.o
  CC      fs/sysfs/symlink.o
  CC      fs/sysfs/mount.o
  AR      kernel/cgroup/built-in.a
  CC      kernel/trace/trace_clock.o
  CC      mm/page_isolation.o
  CC      block/bio.o
  CC      fs/sysfs/group.o
  CC      kernel/trace/ftrace.o
  CC      mm/early_ioremap.o
  AR      fs/sysfs/built-in.a
  CC      fs/configfs/inode.o
  CC      block/elevator.o
  CC      mm/cma.o
  CC      fs/configfs/file.o
  CC      fs/configfs/dir.o
  CC      block/blk-core.o
  CC      mm/usercopy.o
  CC      fs/configfs/symlink.o
  CC      kernel/trace/ring_buffer.o
  CC      mm/memfd.o
  CC      fs/configfs/mount.o
  CC      block/blk-sysfs.o
  AR      mm/built-in.a
  CC      kernel/bpf/core.o
  CC      fs/configfs/item.o
  AR      fs/configfs/built-in.a
  CC      fs/devpts/inode.o
  CC      block/blk-flush.o
  AR      fs/devpts/built-in.a
  CC      fs/ext4/balloc.o
  CC      block/blk-settings.o
  CC      kernel/trace/trace.o
  CC      block/blk-ioc.o
  CC      fs/ext4/bitmap.o
  CC      kernel/bpf/syscall.o
  CC      block/blk-map.o
  CC      fs/ext4/block_validity.o
  CC      block/blk-merge.o
  CC      fs/ext4/dir.o
  CC      block/blk-timeout.o
  CC      kernel/trace/trace_output.o
  CC      fs/ext4/ext4_jbd2.o
  CC      block/blk-lib.o
  CC      fs/ext4/extents.o
  CC      kernel/bpf/verifier.o
  CC      block/blk-mq.o
  CC      kernel/trace/trace_seq.o
  CC      kernel/trace/trace_stat.o
  CC      kernel/trace/trace_printk.o
  CC      fs/ext4/extents_status.o
  CC      kernel/trace/trace_pid.o
  CC      block/blk-mq-tag.o
  CC      kernel/trace/pid_list.o
  CC      block/blk-mq-dma.o
  CC      fs/ext4/file.o
  CC      kernel/trace/trace_sched_switch.o
  CC      block/blk-stat.o
  CC      fs/ext4/fsmap.o
  CC      block/blk-mq-sysfs.o
  CC      kernel/trace/trace_functions.o
  CC      block/blk-mq-cpumap.o
  CC      fs/ext4/fsync.o
  CC      kernel/trace/trace_nop.o
  CC      block/blk-mq-sched.o
  CC      fs/ext4/hash.o
  CC      kernel/trace/trace_functions_graph.o
  CC      block/ioctl.o
  CC      fs/ext4/ialloc.o
  CC      kernel/trace/fgraph.o
  CC      block/genhd.o
  CC      kernel/bpf/inode.o
  CC      fs/ext4/indirect.o
  CC      kernel/trace/blktrace.o
  CC      block/ioprio.o
  CC      kernel/bpf/helpers.o
  CC      kernel/trace/trace_events.o
  CC      fs/ext4/inline.o
  CC      block/badblocks.o
  CC      block/blk-rq-qos.o
  CC      fs/ext4/inode.o
  CC      block/disk-events.o
  CC      kernel/bpf/tnum.o
  CC      kernel/bpf/log.o
  CC      kernel/trace/trace_export.o
  CC      block/blk-ia-ranges.o
  CC      kernel/trace/trace_event_perf.o
  CC      block/early-lookup.o
  CC      kernel/bpf/token.o
  CC      block/bsg.o
  CC      kernel/trace/trace_events_filter.o
  CC      kernel/bpf/liveness.o
  CC      block/bfq-iosched.o
  CC      kernel/trace/trace_events_trigger.o
  CC      fs/ext4/ioctl.o
  CC      kernel/bpf/const_fold.o
  CC      kernel/trace/trace_eprobe.o
  CC      block/bfq-wf2q.o
  CC      kernel/bpf/bpf_iter.o
  CC      fs/ext4/mballoc.o
  CC      block/bfq-cgroup.o
  CC      kernel/trace/bpf_trace.o
  CC      block/blk-pm.o
  CC      kernel/bpf/map_iter.o
  AR      block/built-in.a
  CC      kernel/trace/error_report-traces.o
  CC      kernel/bpf/task_iter.o
  CC      kernel/trace/power-traces.o
  CC      kernel/events/core.o
  CC      kernel/bpf/prog_iter.o
  CC      fs/ext4/migrate.o
  CC      kernel/trace/rpm-traces.o
  CC      kernel/bpf/link_iter.o
  CC      fs/ext4/mmp.o
  CC      kernel/trace/trace_dynevent.o
  CC      kernel/bpf/hashtab.o
  CC      kernel/trace/trace_probe.o
  CC      fs/ext4/move_extent.o
  CC      fs/ext4/namei.o
  CC      kernel/trace/trace_uprobe.o
  CC      kernel/bpf/arraymap.o
  CC      kernel/bpf/percpu_freelist.o
  AR      kernel/trace/built-in.a
  CC      kernel/fork.o
  CC      fs/ext4/page-io.o
  CC      kernel/bpf/bpf_lru_list.o
  CC      kernel/bpf/lpm_trie.o
  CC      kernel/events/ring_buffer.o
  CC      fs/ext4/readpage.o
  CC      kernel/events/callchain.o
  CC      kernel/bpf/map_in_map.o
  CC      fs/ext4/resize.o
  CC      kernel/exec_domain.o
  CC      kernel/events/hw_breakpoint.o
  CC      kernel/bpf/bloom_filter.o
  CC      fs/jbd2/transaction.o
  CC      kernel/bpf/local_storage.o
  CC      kernel/events/uprobes.o
  CC      fs/ext4/super.o
  CC      kernel/bpf/queue_stack_maps.o
  CC      fs/jbd2/commit.o
  CC      kernel/bpf/ringbuf.o
  AR      kernel/events/built-in.a
  CC      kernel/bpf/bpf_insn_array.o
  CC      fs/jbd2/recovery.o
  CC      io_uring/io_uring.o
  CC      kernel/bpf/bpf_local_storage.o
  CC      fs/jbd2/checkpoint.o
  CC      fs/jbd2/revoke.o
  CC      kernel/bpf/bpf_task_storage.o
  CC      fs/jbd2/journal.o
  CC      kernel/bpf/fixups.o
  CC      io_uring/opdef.o
  AR      fs/jbd2/built-in.a
  CC      io_uring/kbuf.o
  CC      fs/ext4/symlink.o
  CC      kernel/bpf/cfg.o
  CC      fs/ext4/sysfs.o
  CC      kernel/panic.o
  CC      io_uring/rsrc.o
  CC      fs/ext4/xattr.o
  CC      kernel/bpf/states.o
  CC      io_uring/notif.o
  CC      io_uring/tctx.o
  CC      kernel/bpf/backtrack.o
  CC      io_uring/filetable.o
  AS      arch/arm/lib/ashldi3.o
  AS      arch/arm/lib/ashrdi3.o
  AS      arch/arm/lib/backtrace.o
  AS      arch/arm/lib/bswapsdi2.o
  CC      fs/ext4/xattr_hurd.o
  AS      arch/arm/lib/call_with_stack.o
  AS      arch/arm/lib/changebit.o
  AS      arch/arm/lib/clear_user.o
  AS      arch/arm/lib/clearbit.o
  AS      arch/arm/lib/copy_from_user.o
  CC      io_uring/rw.o
  AS      arch/arm/lib/copy_page.o
  AS      arch/arm/lib/copy_to_user.o
  AS      arch/arm/lib/csumipv6.o
  AS      arch/arm/lib/csumpartial.o
  AS      arch/arm/lib/csumpartialcopy.o
  AS      arch/arm/lib/csumpartialcopyuser.o
  CC      kernel/bpf/check_btf.o
  AS      arch/arm/lib/delay-loop.o
  CC      fs/ext4/xattr_trusted.o
  CC      arch/arm/lib/delay.o
  AS      arch/arm/lib/div64.o
  AS      arch/arm/lib/findbit.o
  AS      arch/arm/lib/getuser.o
  AS      arch/arm/lib/io-readsb.o
  AS      arch/arm/lib/io-readsl.o
  AS      arch/arm/lib/io-readsw-armv4.o
  CC      fs/ext4/xattr_user.o
  AS      arch/arm/lib/io-writesb.o
  AS      arch/arm/lib/io-writesl.o
  AS      arch/arm/lib/io-writesw-armv4.o
  AS      arch/arm/lib/lib1funcs.o
  CC      io_uring/poll.o
  AS      arch/arm/lib/lshrdi3.o
  AS      arch/arm/lib/memchr.o
  AS      arch/arm/lib/memcpy.o
  AS      arch/arm/lib/memmove.o
  CC      kernel/bpf/disasm.o
  AS      arch/arm/lib/memset.o
  AS      arch/arm/lib/muldi3.o
  AS      arch/arm/lib/putuser.o
  AS      arch/arm/lib/setbit.o
  AS      arch/arm/lib/strchr.o
  AS      arch/arm/lib/strrchr.o
  AS      arch/arm/lib/testchangebit.o
  CC      fs/ext4/fast_commit.o
  AS      arch/arm/lib/testclearbit.o
  AS      arch/arm/lib/testsetbit.o
  AS      arch/arm/lib/ucmpdi2.o
  CC      arch/arm/lib/uaccess_with_memcpy.o
  CC      kernel/bpf/mprog.o
  CC      io_uring/tw.o
  AR      arch/arm/lib/lib.a
  CC      kernel/bpf/btf.o
  CC      fs/ext4/orphan.o
  CC      io_uring/wait.o
  AR      arch/arm/lib/built-in.a
  AR      lib/kunit/built-in.a
  AR      lib/math/tests/built-in.a
  CC      lib/math/div64.o
  AR      fs/ext4/built-in.a
  CC      fs/squashfs/block.o
  CC      lib/math/gcd.o
  CC      lib/math/lcm.o
  CC      lib/math/int_log.o
  CC      io_uring/eventfd.o
  CC      lib/math/int_pow.o
  CC      lib/math/int_sqrt.o
  CC      lib/math/reciprocal_div.o
  CC      fs/squashfs/cache.o
  CC      io_uring/uring_cmd.o
  CC      lib/math/rational.o
  AR      lib/math/built-in.a
  AR      lib/crc/tests/built-in.a
  CC      lib/crc/crc4.o
  CC      fs/squashfs/dir.o
  CC      lib/crc/crc16.o
  CC      io_uring/openclose.o
  CC      lib/crc/crc-ccitt.o
  CC      fs/squashfs/export.o
  HOSTCC  lib/crc/gen_crc32table
  AS      lib/crc/arm/crc32-core.o
  CC      fs/squashfs/file.o
  GEN     lib/crc/crc32table.h
  CC      lib/crc/crc32-main.o
  CC      io_uring/sqpoll.o
  AR      lib/crc/built-in.a
  CC      lib/crypto/hash_info.o
  CC      fs/squashfs/fragment.o
  CC      lib/crypto/memneq.o
  CC      kernel/bpf/memalloc.o
  CC      fs/squashfs/id.o
  CC      lib/crypto/utils.o
  CC      lib/crypto/blake2s.o
  CC      fs/squashfs/inode.o
  CC      io_uring/xattr.o
  AS      lib/crypto/arm/blake2s-core.o
  CC      lib/crypto/chacha-block-generic.o
  CC      lib/crypto/sha1.o
  CC      kernel/bpf/rqspinlock.o
  CC      fs/squashfs/namei.o
  CC      io_uring/nop.o
  AS      lib/crypto/arm/sha1-armv4-large.o
  AS      lib/crypto/arm/sha1-armv7-neon.o
  AS      lib/crypto/arm/sha1-ce-core.o
  CC      lib/crypto/sha256.o
  CC      fs/squashfs/super.o
  CC      kernel/bpf/stream.o
  CC      io_uring/fs.o
  AS      lib/crypto/arm/sha256-ce.o
  PERLASM lib/crypto/arm/sha256-core.S
  AS      lib/crypto/arm/sha256-core.o
  AR      lib/crypto/built-in.a
  AR      lib/tests/built-in.a
  CC      lib/vdso/datastore.o
  CC      fs/squashfs/symlink.o
  CC      kernel/bpf/devmap.o
  CC      io_uring/splice.o
  AR      lib/vdso/built-in.a
  AR      lib/raid/xor/tests/built-in.a
  AR      lib/raid/xor/built-in.a
  AR      lib/raid/built-in.a
  CC      lib/zlib_inflate/inffast.o
  CC      fs/squashfs/decompressor.o
  CC      lib/zlib_inflate/inflate.o
  CC      io_uring/sync.o
  CC      fs/squashfs/page_actor.o
  CC      lib/zlib_inflate/infutil.o
  CC      kernel/bpf/cpumap.o
  CC      lib/zlib_inflate/inftrees.o
  CC      lib/zlib_inflate/inflate_syms.o
  CC      io_uring/msg_ring.o
  CC      fs/squashfs/file_cache.o
  AR      lib/zlib_inflate/built-in.a
  CC      lib/zlib_deflate/deflate.o
  CC      io_uring/advise.o
  CC      fs/squashfs/decompressor_single.o
  CC      lib/zlib_deflate/deftree.o
  CC      fs/squashfs/xz_wrapper.o
  CC      io_uring/statx.o
  CC      kernel/bpf/offload.o
  CC      lib/zlib_deflate/deflate_syms.o
  AR      lib/zlib_deflate/built-in.a
  CC      lib/reed_solomon/reed_solomon.o
  CC      fs/squashfs/zlib_wrapper.o
  CC      io_uring/timeout.o
  CC      fs/squashfs/zstd_wrapper.o
  CC      kernel/bpf/net_namespace.o
  AR      lib/reed_solomon/built-in.a
  CC      lib/lzo/lzo1x_compress.o
  AR      fs/squashfs/built-in.a
  CC      io_uring/cancel.o
  CC      fs/ramfs/inode.o
  CC      lib/lzo/lzo1x_compress_safe.o
  CC      lib/lzo/lzo1x_decompress_safe.o
  CC      kernel/bpf/tcx.o
  CC      fs/ramfs/file-mmu.o
  AR      lib/lzo/built-in.a
  CC      io_uring/waitid.o
  CC      lib/zstd/zstd_compress_module.o
  AR      fs/ramfs/built-in.a
  CC      fs/fat/cache.o
  CC      lib/zstd/compress/fse_compress.o
  CC      kernel/bpf/stackmap.o
  CC      lib/zstd/compress/hist.o
  CC      io_uring/register.o
  CC      lib/zstd/compress/huf_compress.o
  CC      fs/fat/dir.o
  CC      lib/zstd/compress/zstd_compress.o
  CC      kernel/bpf/cgroup_iter.o
  CC      fs/fat/fatent.o
  CC      io_uring/truncate.o
  CC      kernel/bpf/bpf_cgrp_storage.o
  CC      io_uring/memmap.o
  CC      kernel/bpf/reuseport_array.o
  CC      fs/fat/file.o
  CC      io_uring/alloc_cache.o
  CC      lib/zstd/compress/zstd_compress_literals.o
  CC      lib/zstd/compress/zstd_compress_sequences.o
  CC      kernel/bpf/crypto.o
  CC      io_uring/query.o
  CC      lib/zstd/compress/zstd_compress_superblock.o
  CC      fs/fat/inode.o
  CC      lib/zstd/compress/zstd_double_fast.o
  CC      kernel/bpf/relo_core.o
  CC      io_uring/loop.o
  CC      fs/fat/misc.o
  CC      io_uring/zcrx.o
  CC      kernel/bpf/btf_iter.o
  CC      kernel/bpf/btf_relocate.o
  CC      lib/zstd/compress/zstd_fast.o
  CC      fs/fat/nfs.o
  CC      fs/fat/namei_vfat.o
  CC      kernel/bpf/kmem_cache_iter.o
  CC      io_uring/io-wq.o
  CC      kernel/bpf/dmabuf_iter.o
  AR      fs/fat/built-in.a
  CC      fs/exportfs/expfs.o
  AR      kernel/bpf/built-in.a
  CC      kernel/cpu.o
  CC      lib/zstd/compress/zstd_lazy.o
  CC      io_uring/futex.o
  AR      fs/exportfs/built-in.a
  CC      fs/nls/nls_base.o
  CC      io_uring/epoll.o
  CC      fs/nls/nls_cp437.o
  CC      fs/nls/nls_iso8859-1.o
  AR      fs/nls/built-in.a
  AR      fs/unicode/built-in.a
  CC      fs/jffs2/compr.o
  CC      io_uring/napi.o
  CC      kernel/exit.o
  CC      fs/jffs2/dir.o
  CC      fs/jffs2/file.o
  CC      io_uring/net.o
  CC      fs/jffs2/ioctl.o
  CC      kernel/softirq.o
  CC      fs/jffs2/nodelist.o
  CC      io_uring/cmd_net.o
  CC      fs/jffs2/malloc.o
  CC      kernel/resource.o
  CC      fs/jffs2/read.o
  CC      io_uring/fdinfo.o
  CC      kernel/sysctl.o
  CC      fs/jffs2/nodemgmt.o
  CC      io_uring/bpf_filter.o
  CC      fs/jffs2/readinode.o
  CC      kernel/capability.o
  AR      io_uring/built-in.a
  CC      kernel/ptrace.o
  CC      kernel/user.o
  CC      fs/jffs2/write.o
  CC      fs/jffs2/scan.o
  CC      lib/zstd/compress/zstd_ldm.o
  CC      kernel/signal.o
  CC      lib/zstd/compress/zstd_opt.o
  CC      fs/jffs2/gc.o
  CC      kernel/sys.o
  CC      fs/jffs2/symlink.o
  CC      fs/jffs2/build.o
  CC      kernel/umh.o
  CC      lib/zstd/compress/zstd_preSplit.o
  CC      fs/jffs2/erase.o
  CC      lib/zstd/zstd_decompress_module.o
  CC      lib/zstd/decompress/huf_decompress.o
  CC      lib/xz/xz_dec_syms.o
  CC      kernel/workqueue.o
  CC      fs/jffs2/background.o
  CC      lib/xz/xz_dec_stream.o
  CC      lib/xz/xz_dec_lzma2.o
  CC      fs/jffs2/fs.o
  CC      lib/zstd/decompress/zstd_ddict.o
  CC      lib/zstd/decompress/zstd_decompress.o
  CC      lib/xz/xz_dec_bcj.o
  CC      fs/jffs2/writev.o
  AR      lib/xz/built-in.a
  CC      fs/jffs2/super.o
  CC      lib/zstd/decompress/zstd_decompress_block.o
  CC      lib/zstd/zstd_common_module.o
  CC      fs/jffs2/debug.o
  CC      lib/dim/dim.o
  CC      fs/jffs2/xattr.o
  CC      lib/dim/net_dim.o
  CC      lib/zstd/common/debug.o
  CC      lib/zstd/common/entropy_common.o
  CC      kernel/pid.o
  CC      lib/zstd/common/error_private.o
  CC      lib/zstd/common/fse_decompress.o
  CC      lib/dim/rdma_dim.o
  CC      lib/zstd/common/zstd_common.o
  AR      lib/zstd/built-in.a
  CC      fs/jffs2/xattr_trusted.o
  CC      fs/ubifs/shrinker.o
  AR      lib/dim/built-in.a
  TEST    lib/test_fortify/read_overflow-memchr.log
  CC      fs/jffs2/xattr_user.o
  TEST    lib/test_fortify/read_overflow-memchr_inv.log
  CC      kernel/task_work.o
  CC      fs/ubifs/journal.o
  TEST    lib/test_fortify/read_overflow-memcmp.log
  CC      fs/jffs2/security.o
  TEST    lib/test_fortify/read_overflow-memscan.log
  CC      kernel/extable.o
  TEST    lib/test_fortify/read_overflow2-memcmp.log
  CC      fs/jffs2/acl.o
  TEST    lib/test_fortify/read_overflow2-memcpy.log
  TEST    lib/test_fortify/read_overflow2-memmove.log
  CC      fs/ubifs/file.o
  CC      kernel/params.o
  TEST    lib/test_fortify/read_overflow2_field-memcpy.log
  CC      fs/jffs2/compr_rtime.o
  TEST    lib/test_fortify/read_overflow2_field-memmove.log
  TEST    lib/test_fortify/write_overflow-memcpy.log
  CC      fs/jffs2/compr_zlib.o
  CC      kernel/kthread.o
  CC      fs/ubifs/dir.o
  TEST    lib/test_fortify/write_overflow-memmove.log
  CC      fs/jffs2/summary.o
  TEST    lib/test_fortify/write_overflow-memset.log
  TEST    lib/test_fortify/write_overflow-strcpy-lit.log
  AR      fs/jffs2/built-in.a
  CC      fs/ubifs/super.o
  TEST    lib/test_fortify/write_overflow-strcpy.log
  CC      kernel/sys_ni.o
  CC      kernel/nsproxy.o
  CC      fs/overlayfs/super.o
  TEST    lib/test_fortify/write_overflow-strncpy-src.log
  TEST    lib/test_fortify/write_overflow-strncpy.log
  TEST    lib/test_fortify/write_overflow-strscpy.log
  CC      kernel/nstree.o
  CC      fs/ubifs/sb.o
  TEST    lib/test_fortify/write_overflow_field-memcpy.log
  CC      fs/overlayfs/namei.o
  TEST    lib/test_fortify/write_overflow_field-memmove.log
  TEST    lib/test_fortify/write_overflow_field-memset.log
  CC      kernel/nscommon.o
  CC      fs/ubifs/io.o
  CAT     lib/test_fortify/test_fortify.log
  CC      lib/argv_split.o
  CC      fs/overlayfs/util.o
  CC      kernel/notifier.o
  CC      lib/bug.o
  CC      lib/buildid.o
  CC      fs/ubifs/tnc.o
  CC      fs/overlayfs/inode.o
  CC      kernel/ksysfs.o
  CC      lib/cmdline.o
  CC      kernel/cred.o
  CC      lib/cpumask.o
  CC      fs/overlayfs/file.o
  CC      lib/ctype.o
  CC      lib/dec_and_lock.o
  CC      fs/ubifs/master.o
  CC      kernel/reboot.o
  CC      lib/decompress.o
  CC      lib/decompress_inflate.o
  CC      fs/overlayfs/dir.o
  CC      lib/decompress_unlzma.o
  CC      fs/ubifs/scan.o
  CC      kernel/async.o
  CC      kernel/range.o
  CC      lib/decompress_unxz.o
  CC      kernel/smpboot.o
  CC      fs/ubifs/replay.o
  CC      fs/overlayfs/readdir.o
  CC      lib/decompress_unzstd.o
  CC      kernel/ucount.o
  CC      lib/dump_stack.o
  CC      kernel/regset.o
  CC      fs/ubifs/log.o
  CC      kernel/ksyms_common.o
  CC      lib/earlycpio.o
  CC      lib/extable.o
  CC      kernel/groups.o
  CC      fs/overlayfs/copy_up.o
  CC      lib/fdt.o
  CC      fs/ubifs/commit.o
  CC      lib/fdt_addresses.o
  CC      lib/fdt_empty_tree.o
  CC      lib/fdt_ro.o
  CC      kernel/kcmp.o
  CC      lib/fdt_rw.o
  CC      fs/ubifs/gc.o
  CC      fs/overlayfs/export.o
  CC      lib/fdt_strerror.o
  CC      lib/fdt_sw.o
  CC      lib/fdt_wip.o
  CC      kernel/freezer.o
  CC      lib/flex_proportions.o
  CC      fs/overlayfs/params.o
  CC      fs/ubifs/orphan.o
  CC      lib/idr.o
  CC      kernel/stacktrace.o
  CC      lib/iomem_copy.o
  CC      fs/overlayfs/xattrs.o
  CC      lib/irq_regs.o
  CC      fs/ubifs/budget.o
  CC      lib/is_single_threaded.o
  CC      kernel/smp.o
  CC      lib/klist.o
  AR      fs/overlayfs/built-in.a
  AR      drivers/cache/built-in.a
  CC      drivers/irqchip/irqchip.o
  CC      lib/kobject.o
  CC      fs/ubifs/find.o
  CC      drivers/irqchip/irq-gic.o
  CC      kernel/kallsyms.o
  CC      lib/kobject_uevent.o
  CC      fs/ubifs/tnc_commit.o
  CC      drivers/irqchip/irq-gic-common.o
  CC      kernel/vmcore_info.o
  CC      lib/logic_pio.o
  CC      drivers/irqchip/irq-aspeed-vic.o
  CC      fs/ubifs/compress.o
  CC      kernel/elfcorehdr.o
  CC      lib/maple_tree.o
  CC      drivers/irqchip/irq-aspeed-i2c-ic.o
  CC      kernel/crash_reserve.o
  CC      fs/ubifs/lpt.o
  CC      drivers/irqchip/irq-aspeed-scu-ic.o
  CC      kernel/kexec_core.o
  CC      drivers/irqchip/irq-aspeed-intc.o
  AR      drivers/irqchip/built-in.a
  AR      drivers/bus/mhi/built-in.a
  CC      drivers/bus/simple-pm-bus.o
  CC      fs/ubifs/lprops.o
  CC      kernel/crash_core.o
  AR      drivers/bus/built-in.a
  AR      drivers/phy/built-in.a
  AR      drivers/pinctrl/actions/built-in.a
  CC      drivers/pinctrl/aspeed/pinctrl-aspeed.o
  CC      fs/ubifs/recovery.o
  CC      kernel/kexec.o
  CC      drivers/pinctrl/aspeed/pinmux-aspeed.o
  CC      drivers/pinctrl/aspeed/pinctrl-aspeed-g5.o
  CC      kernel/utsname.o
  CC      fs/ubifs/ioctl.o
  CC      lib/memcat_p.o
  CC      kernel/pid_namespace.o
  CC      drivers/pinctrl/aspeed/pinctrl-aspeed-g6.o
  CC      lib/nmi_backtrace.o
  CC      fs/ubifs/lpt_commit.o
  AR      drivers/pinctrl/aspeed/built-in.a
  AR      drivers/pinctrl/bcm/built-in.a
  AR      drivers/pinctrl/cirrus/built-in.a
  AR      drivers/pinctrl/cix/built-in.a
  AR      drivers/pinctrl/freescale/built-in.a
  AR      drivers/pinctrl/mediatek/built-in.a
  CC      lib/objpool.o
  AR      drivers/pinctrl/microchip/built-in.a
  AR      drivers/pinctrl/mvebu/built-in.a
  AR      drivers/pinctrl/nomadik/built-in.a
  UPD     kernel/config_data
  CC      kernel/stop_machine.o
  AR      drivers/pinctrl/nuvoton/built-in.a
  AR      drivers/pinctrl/nxp/built-in.a
  AR      drivers/pinctrl/qcom/built-in.a
  AR      drivers/pinctrl/sophgo/built-in.a
  AR      drivers/pinctrl/spacemit/built-in.a
  AR      drivers/pinctrl/sprd/built-in.a
  AR      drivers/pinctrl/starfive/built-in.a
  AR      drivers/pinctrl/sunplus/built-in.a
  AR      drivers/pinctrl/ti/built-in.a
  CC      drivers/pinctrl/core.o
  CC      lib/plist.o
  CC      lib/radix-tree.o
  CC      kernel/hung_task.o
  CC      fs/ubifs/tnc_misc.o
  CC      kernel/watchdog.o
  CC      lib/ratelimit.o
  CC      lib/rbtree.o
  CC      drivers/pinctrl/pinctrl-utils.o
  CC      fs/ubifs/debug.o
  CC      kernel/seccomp.o
  CC      drivers/pinctrl/pinmux.o
  CC      lib/seq_buf.o
  CC      lib/siphash.o
  CC      drivers/pinctrl/pinconf.o
  CC      drivers/pinctrl/pinconf-generic.o
  CC      lib/string.o
  CC      lib/sys_info.o
  CC      kernel/utsname_sysctl.o
  CC      fs/ubifs/misc.o
  CC      drivers/pinctrl/devicetree.o
  CC      kernel/tracepoint.o
  CC      lib/timerqueue.o
  AR      drivers/pinctrl/built-in.a
  CC      drivers/gpio/gpiolib.o
  CC      fs/ubifs/sysfs.o
  CC      lib/vsprintf.o
  CC      kernel/irq_work.o
  CC      kernel/cpu_pm.o
  CC      fs/ubifs/xattr.o
  CC      kernel/jump_label.o
  CC      kernel/context_tracking.o
  AR      fs/ubifs/built-in.a
  AR      fs/hostfs/built-in.a
  CC      fs/debugfs/inode.o
  CC      kernel/iomem.o
  CC      lib/win_minmax.o
  CC      fs/debugfs/file.o
  CC      lib/xarray.o
  CC      kernel/rseq.o
  CC      drivers/gpio/gpiolib-devres.o
  CC      lib/lockref.o
  CC      drivers/gpio/gpiolib-legacy.o
  AR      fs/debugfs/built-in.a
  CC      fs/tracefs/inode.o
  CC      lib/bcd.o
  CC      lib/sort.o
  CC      drivers/gpio/gpiolib-of.o
  GZIP    kernel/config_data.gz
  CC      kernel/configs.o
  CC      lib/parser.o
  CC      lib/debug_locks.o
  AR      kernel/built-in.a
  AR      sound/built-in.a
  CC      fs/tracefs/event_inode.o
  CC      lib/random32.o
  AR      drivers/pwm/built-in.a
  CC      drivers/gpio/gpiolib-cdev.o
  AR      drivers/leds/flash/built-in.a
  CC      drivers/leds/trigger/ledtrig-timer.o
  CC      lib/bust_spinlocks.o
  CC      drivers/leds/trigger/ledtrig-heartbeat.o
  AR      fs/tracefs/built-in.a
  CC      fs/pstore/inode.o
  CC      lib/kasprintf.o
  CC      drivers/leds/trigger/ledtrig-default-on.o
  CC      lib/bitmap.o
  CC      drivers/gpio/gpiolib-sysfs.o
  AR      drivers/leds/trigger/built-in.a
  AR      drivers/leds/blink/built-in.a
  AR      drivers/leds/simatic/built-in.a
  CC      drivers/leds/led-core.o
  CC      fs/pstore/platform.o
  CC      lib/scatterlist.o
  CC      drivers/leds/led-class.o
  CC      drivers/gpio/gpiolib-swnode.o
  CC      fs/pstore/ftrace.o
  CC      drivers/gpio/gpio-mmio.o
  CC      drivers/leds/led-class-flash.o
  CC      lib/list_sort.o
  CC      lib/uuid.o
  CC      fs/pstore/pmsg.o
  CC      drivers/leds/led-triggers.o
  CC      lib/iov_iter.o
  CC      drivers/gpio/gpio-aspeed.o
  CC      fs/pstore/ram.o
  CC      drivers/leds/leds-gpio.o
  CC      drivers/gpio/gpio-aspeed-sgpio.o
  CC      drivers/leds/leds-pca955x.o
  CC      fs/pstore/ram_core.o
  CC      drivers/gpio/gpio-pca953x.o
  CC      lib/clz_ctz.o
  AR      drivers/leds/built-in.a
  CC      net/core/sock.o
  CC      lib/bsearch.o
  AR      fs/pstore/built-in.a
  CC      fs/open.o
  CC      lib/find_bit.o
  CC      lib/llist.o
  AR      drivers/gpio/built-in.a
  CC      lib/lwq.o
  AR      drivers/pci/controller/dwc/built-in.a
  AR      drivers/pci/controller/mobiveil/built-in.a
  AR      drivers/pci/controller/plda/built-in.a
  AR      drivers/pci/controller/built-in.a
  AR      drivers/pci/switch/built-in.a
  CC      drivers/pci/of.o
  CC      lib/memweight.o
  CC      lib/kfifo.o
  CC      fs/read_write.o
  CC      drivers/pci/trace.o
  CC      lib/percpu-refcount.o
  CC      lib/rhashtable.o
  AR      drivers/pci/built-in.a
  AR      drivers/video/backlight/built-in.a
  CC      net/core/skbuff.o
  CC      drivers/video/fbdev/core/fb_notify.o
  CC      fs/file_table.o
  CC      drivers/video/fbdev/core/fb_info.o
  CC      lib/base64.o
  CC      fs/super.o
  CC      lib/once.o
  CC      drivers/video/fbdev/core/fbmem.o
  CC      lib/refcount.o
  CC      lib/rcuref.o
  CC      lib/usercopy.o
  CC      drivers/video/fbdev/core/fbcmap.o
  CC      lib/errseq.o
  CC      lib/bucket_locks.o
  CC      fs/char_dev.o
  CC      lib/generic-radix-tree.o
  CC      drivers/video/fbdev/core/modedb.o
  CC      fs/stat.o
  CC      lib/bitmap-str.o
  CC      drivers/video/fbdev/core/fbcvt.o
  CC      lib/string_helpers.o
  CC      fs/exec.o
  CC      drivers/video/fbdev/core/fb_cmdline.o
  CC      net/core/datagram.o
  CC      lib/hexdump.o
  CC      lib/kstrtox.o
  CC      drivers/video/fbdev/core/fb_backlight.o
  CC      fs/pipe.o
  CC      lib/debug_info.o
  CC      drivers/video/fbdev/core/fbmon.o
  CC      net/core/stream.o
  CC      drivers/video/fbdev/core/fb_defio.o
  CC      lib/iomap_copy.o
  CC      fs/namei.o
  CC      net/core/scm.o
  CC      lib/devres.o
  CC      drivers/video/fbdev/core/fb_chrdev.o
  CC      lib/hweight.o
  CC      lib/bitrev.o
  CC      lib/xxhash.o
  CC      net/core/gen_stats.o
  CC      drivers/video/fbdev/core/fb_procfs.o
  CC      lib/genalloc.o
  CC      drivers/video/fbdev/core/fbsysfs.o
  CC      lib/percpu_counter.o
  CC      net/core/gen_estimator.o
  CC      lib/syscall.o
  CC      drivers/video/fbdev/core/sysfillrect.o
  CC      lib/dynamic_debug.o
  CC      net/core/net_namespace.o
  CC      fs/fcntl.o
  CC      drivers/video/fbdev/core/syscopyarea.o
  CC      drivers/video/fbdev/core/sysimgblt.o
  CC      fs/ioctl.o
  CC      lib/errname.o
  CC      net/core/secure_seq.o
  CC      lib/nlattr.o
  CC      drivers/video/fbdev/core/fb_sys_fops.o
  CC      fs/readdir.o
  CC      net/core/flow_dissector.o
  CC      lib/cpu_rmap.o
  AR      drivers/video/fbdev/core/built-in.a
  AR      drivers/video/fbdev/omap/built-in.a
  AR      drivers/video/fbdev/omap2/omapfb/dss/built-in.a
  AR      drivers/video/fbdev/omap2/omapfb/displays/built-in.a
  AR      drivers/video/fbdev/omap2/omapfb/built-in.a
  AR      drivers/video/fbdev/omap2/built-in.a
  AR      drivers/video/fbdev/built-in.a
  CC      drivers/video/cmdline.o
  CC      lib/dynamic_queue_limits.o
  CC      fs/select.o
  CC      drivers/video/nomodeset.o
  CC      lib/glob.o
  CC      drivers/video/hdmi.o
  CC      lib/strncpy_from_user.o
  AR      drivers/video/built-in.a
  AR      drivers/idle/built-in.a
  CC      drivers/char/ipmi/kcs_bmc.o
  CC      lib/strnlen_user.o
  CC      fs/dcache.o
  CC      net/core/sysctl_net_core.o
  CC      drivers/char/ipmi/kcs_bmc_serio.o
  CC      lib/net_utils.o
  CC      drivers/char/ipmi/kcs_bmc_cdev_ipmi.o
  CC      lib/sg_pool.o
  CC      net/core/dev.o
  CC      drivers/char/ipmi/bt-bmc.o
  CC      lib/stackdepot.o
  CC      drivers/char/ipmi/kcs_bmc_aspeed.o
  CC      fs/inode.o
  CC      lib/sbitmap.o
  CC      drivers/char/ipmi/ssif_bmc.o
  CC      lib/group_cpus.o
  CC      lib/devmem_is_allowed.o
  AR      drivers/char/ipmi/built-in.a
  AR      drivers/amba/built-in.a
  AR      drivers/clk/actions/built-in.a
  AR      drivers/clk/analogbits/built-in.a
  CC      drivers/clk/aspeed/clk-aspeed.o
  AR      lib/lib.a
  CC      fs/attr.o
  AR      lib/built-in.a
  CC      drivers/clk/aspeed/clk-ast2600.o
  AR      drivers/clk/bcm/built-in.a
  AR      drivers/clk/imgtec/built-in.a
  CC      net/ethernet/eth.o
  AR      drivers/clk/aspeed/built-in.a
  AR      drivers/clk/imx/built-in.a
  AR      drivers/clk/ingenic/built-in.a
  AR      drivers/clk/keystone/built-in.a
  AR      drivers/clk/mediatek/built-in.a
  AR      drivers/clk/microchip/built-in.a
  AR      drivers/clk/mstar/built-in.a
  AR      drivers/clk/mvebu/built-in.a
  AR      drivers/clk/ralink/built-in.a
  AR      drivers/clk/renesas/built-in.a
  AR      drivers/clk/socfpga/built-in.a
  AR      drivers/clk/sophgo/built-in.a
  AR      drivers/clk/spacemit/built-in.a
  CC      fs/bad_inode.o
  AR      drivers/clk/sprd/built-in.a
  AR      drivers/clk/starfive/built-in.a
  AR      drivers/clk/sunxi-ng/built-in.a
  AR      drivers/clk/tenstorrent/built-in.a
  AR      drivers/clk/ti/built-in.a
  AR      drivers/clk/versatile/built-in.a
  AR      drivers/clk/xilinx/built-in.a
  CC      drivers/clk/clk-devres.o
  CC      fs/file.o
  CC      drivers/clk/clk-bulk.o
  AR      net/ethernet/built-in.a
  AR      net/802/built-in.a
  CC      net/sched/sch_generic.o
  CC      drivers/clk/clkdev.o
  CC      drivers/clk/clk.o
  CC      fs/filesystems.o
  CC      net/sched/sch_mq.o
  CC      fs/namespace.o
  CC      net/core/dev_api.o
  CC      net/sched/sch_frag.o
  CC      net/core/dev_addr_lists.o
  AR      net/sched/built-in.a
  CC      net/netlink/af_netlink.o
  CC      drivers/clk/clk-divider.o
  CC      net/core/dst.o
  CC      drivers/clk/clk-fixed-factor.o
  CC      drivers/clk/clk-fixed-rate.o
  CC      drivers/clk/clk-gate.o
  CC      net/core/netevent.o
  CC      fs/seq_file.o
  CC      net/netlink/genetlink.o
  CC      drivers/clk/clk-multiplier.o
  CC      drivers/clk/clk-mux.o
  CC      net/core/neighbour.o
  CC      fs/xattr.o
  CC      drivers/clk/clk-composite.o
  CC      drivers/clk/clk-fractional-divider.o
  CC      net/netlink/policy.o
  CC      drivers/clk/clk-gpio.o
  CC      fs/libfs.o
  AR      net/netlink/built-in.a
  CC      drivers/clk/clk-conf.o
  AR      drivers/soc/apple/built-in.a
  CC      drivers/soc/aspeed/aspeed-lpc-ctrl.o
  AR      drivers/clk/built-in.a
  AR      drivers/virtio/built-in.a
  CC      fs/fs-writeback.o
  CC      drivers/soc/aspeed/aspeed-lpc-snoop.o
  CC      net/core/rtnetlink.o
  AR      virt/lib/built-in.a
  AR      virt/built-in.a
  CC      net/bpf/test_run.o
  CC      drivers/soc/aspeed/aspeed-uart-routing.o
  CC      drivers/soc/aspeed/aspeed-p2a-ctrl.o
  CC      drivers/soc/aspeed/aspeed-socinfo.o
  AR      drivers/soc/aspeed/built-in.a
  AR      drivers/soc/bcm/built-in.a
  AR      drivers/soc/fsl/built-in.a
  AR      drivers/soc/fujitsu/built-in.a
  AR      drivers/soc/hisilicon/built-in.a
  AR      drivers/soc/imx/built-in.a
  AR      drivers/soc/ixp4xx/built-in.a
  AR      drivers/soc/loongson/built-in.a
  AR      drivers/soc/mediatek/built-in.a
  AR      drivers/soc/microchip/built-in.a
  AR      drivers/soc/nuvoton/built-in.a
  AR      drivers/soc/pxa/built-in.a
  AR      drivers/soc/amlogic/built-in.a
  AR      drivers/soc/qcom/built-in.a
  AR      drivers/soc/renesas/built-in.a
  AR      drivers/soc/rockchip/built-in.a
  AR      drivers/soc/sophgo/built-in.a
  AR      drivers/soc/sunxi/built-in.a
  AR      drivers/soc/ti/built-in.a
  AR      drivers/soc/versatile/built-in.a
  AR      drivers/soc/vt8500/built-in.a
  AR      drivers/soc/xilinx/built-in.a
  AR      drivers/soc/built-in.a
  AR      drivers/reset/amlogic/built-in.a
  AR      drivers/reset/hisilicon/built-in.a
  AR      drivers/reset/spacemit/built-in.a
  AR      drivers/reset/starfive/built-in.a
  AR      drivers/reset/sti/built-in.a
  AR      drivers/reset/tegra/built-in.a
  CC      drivers/reset/core.o
  CC      fs/pnode.o
  AR      net/bpf/built-in.a
  CC      net/ethtool/ioctl.o
  CC      fs/splice.o
  CC      drivers/reset/reset-simple.o
  CC      net/core/utils.o
  AR      drivers/reset/built-in.a
  AR      drivers/tty/vt/built-in.a
  CC      drivers/tty/serial/8250/8250_core.o
  CC      fs/sync.o
  CC      net/core/link_watch.o
  CC      drivers/tty/serial/8250/8250_platform.o
  CC      net/ethtool/common.o
  CC      fs/utimes.o
  CC      drivers/tty/serial/8250/8250_port.o
  CC      net/core/filter.o
  CC      fs/d_path.o
  CC      net/ethtool/netlink.o
  CC      fs/stack.o
  CC      drivers/tty/serial/8250/8250_dwlib.o
  CC      fs/fs_struct.o
  CC      net/ethtool/bitset.o
  CC      drivers/tty/serial/8250/8250_early.o
  CC      fs/statfs.o
  CC      drivers/tty/serial/8250/8250_aspeed_vuart.o
  CC      net/ethtool/strset.o
  CC      fs/fs_pin.o
  CC      drivers/tty/serial/8250/8250_dw.o
  CC      fs/nsfs.o
  CC      net/ethtool/linkinfo.o
  CC      drivers/tty/serial/8250/8250_fsl.o
  CC      fs/fs_dirent.o
  CC      fs/fs_context.o
  CC      drivers/tty/serial/8250/8250_of.o
  CC      net/ethtool/linkmodes.o
  AR      drivers/tty/serial/8250/built-in.a
  CC      drivers/tty/serial/serial_core.o
  CC      fs/fs_parser.o
  CC      net/ethtool/rss.o
  CC      fs/fsopen.o
  CC      net/core/sock_diag.o
  CC      fs/init.o
  CC      net/ethtool/linkstate.o
  CC      net/core/dev_ioctl.o
  CC      drivers/tty/serial/serial_base_bus.o
  CC      fs/kernel_read_file.o
  CC      net/ethtool/debug.o
  CC      drivers/tty/serial/serial_ctrl.o
  CC      fs/mnt_idmapping.o
  CC      drivers/tty/serial/serial_port.o
  CC      net/core/tso.o
  CC      fs/remap_range.o
  CC      net/ethtool/wol.o
  CC      drivers/tty/serial/earlycon.o
  CC      net/core/sock_reuseport.o
  CC      drivers/tty/serial/serial_mctrl_gpio.o
  CC      fs/pidfs.o
  CC      net/ethtool/features.o
  AR      drivers/tty/serial/built-in.a
  AR      drivers/tty/ipwireless/built-in.a
  CC      drivers/tty/tty_io.o
  CC      net/ethtool/privflags.o
  CC      net/core/fib_notifier.o
  CC      fs/file_attr.o
  CC      net/ethtool/rings.o
  CC      net/core/xdp.o
  CC      fs/fserror.o
  CC      drivers/tty/n_tty.o
  CC      fs/nullfs.o
  CC      net/ethtool/channels.o
  CC      fs/buffer.o
  CC      net/core/flow_offload.o
  CC      drivers/tty/tty_ioctl.o
  CC      net/ethtool/coalesce.o
  CC      drivers/tty/tty_ldisc.o
  CC      net/core/gro.o
  CC      net/ethtool/pause.o
  CC      drivers/tty/tty_buffer.o
  CC      fs/mpage.o
  CC      drivers/tty/tty_port.o
  CC      net/ethtool/eee.o
  CC      net/core/netdev-genl.o
  CC      drivers/tty/tty_mutex.o
  CC      fs/proc_namespace.o
  CC      net/ethtool/tsinfo.o
  CC      drivers/tty/tty_ldsem.o
  CC      fs/direct-io.o
  CC      drivers/tty/tty_baudrate.o
  CC      net/ethtool/cabletest.o
  CC      net/core/netdev-genl-gen.o
  CC      drivers/tty/tty_jobctrl.o
  CC      fs/eventpoll.o
  CC      drivers/tty/n_null.o
  CC      net/core/gso.o
  CC      net/ethtool/tunnels.o
  CC      drivers/tty/pty.o
  CC      net/core/net-sysfs.o
  AR      drivers/tty/built-in.a
  CC      drivers/char/hw_random/core.o
  CC      net/ethtool/fec.o
  CC      fs/anon_inodes.o
  CC      drivers/char/hw_random/timeriomem-rng.o
  CC      fs/signalfd.o
  AR      drivers/char/hw_random/built-in.a
  AR      drivers/char/agp/built-in.a
  CC      drivers/char/tpm/tpm-chip.o
  CC      net/ethtool/eeprom.o
  CC      drivers/char/tpm/tpm-dev-common.o
  CC      fs/timerfd.o
  CC      net/core/hotdata.o
  CC      net/ethtool/stats.o
  CC      drivers/char/tpm/tpm-dev.o
  CC      fs/eventfd.o
  CC      net/core/netdev_config.o
  CC      drivers/char/tpm/tpm-interface.o
  CC      net/ethtool/phc_vclocks.o
  CC      fs/locks.o
  CC      net/core/netdev_rx_queue.o
  CC      drivers/char/tpm/tpm1-cmd.o
  CC      net/ethtool/mm.o
  CC      drivers/char/tpm/tpm2-cmd.o
  CC      net/core/netdev_queues.o
  CC      drivers/char/tpm/tpmrm-dev.o
  CC      net/ethtool/module.o
  CC      net/core/page_pool.o
  CC      fs/binfmt_script.o
  CC      drivers/char/tpm/tpm2-space.o
  CC      fs/binfmt_elf.o
  CC      net/ethtool/cmis_fw_update.o
  CC      drivers/char/tpm/tpm-sysfs.o
  CC      net/core/page_pool_user.o
  CC      drivers/char/tpm/eventlog/common.o
  CC      net/ethtool/cmis_cdb.o
  CC      fs/backing-file.o
  CC      drivers/char/tpm/eventlog/tpm1.o
  CC      net/core/net-procfs.o
  CC      fs/mbcache.o
  CC      net/ethtool/pse-pd.o
  CC      drivers/char/tpm/eventlog/tpm2.o
  CC      fs/posix_acl.o
  CC      net/core/netpoll.o
  CC      drivers/char/tpm/tpm-buf.o
  CC      net/ethtool/plca.o
  CC      fs/coredump.o
  CC      drivers/char/tpm/tpm2-sessions.o
  CC      drivers/char/tpm/eventlog/of.o
  CC      net/ethtool/phy.o
  CC      net/core/fib_rules.o
  CC      drivers/char/tpm/tpm_tis_core.o
  CC      net/ethtool/tsconfig.o
  CC      fs/drop_caches.o
  CC      drivers/char/tpm/tpm_tis_i2c.o
  CC      net/core/net-traces.o
  CC      net/ethtool/mse.o
  CC      fs/sysctls.o
  CC      fs/fhandle.o
  AR      drivers/char/tpm/built-in.a
  CC      drivers/char/mem.o
  AR      net/ethtool/built-in.a
  CC      net/netfilter/core.o
  AR      fs/built-in.a
  AR      drivers/iommu/arm/arm-smmu/built-in.a
  AR      drivers/iommu/arm/arm-smmu-v3/built-in.a
  CC      drivers/char/random.o
  AR      drivers/iommu/arm/built-in.a
  AR      drivers/iommu/iommufd/built-in.a
  AR      drivers/iommu/built-in.a
  AR      drivers/gpu/host1x/built-in.a
  AR      drivers/gpu/drm/tests/built-in.a
  AR      drivers/gpu/drm/arm/built-in.a
  CC      drivers/gpu/drm/clients/drm_client_setup.o
  CC      drivers/gpu/drm/clients/drm_fbdev_client.o
  CC      net/netfilter/nf_log.o
  CC      drivers/char/misc.o
  AR      drivers/gpu/drm/clients/built-in.a
  AR      drivers/gpu/drm/display/built-in.a
  AR      drivers/gpu/drm/renesas/rcar-du/built-in.a
  AR      drivers/gpu/drm/renesas/rz-du/built-in.a
  AR      drivers/gpu/drm/renesas/built-in.a
  AR      drivers/gpu/drm/omapdrm/built-in.a
  AR      drivers/gpu/drm/tilcdc/built-in.a
  AR      drivers/gpu/drm/imx/built-in.a
  AR      drivers/gpu/drm/panel/built-in.a
  AR      drivers/gpu/drm/bridge/analogix/built-in.a
  AR      drivers/gpu/drm/bridge/cadence/built-in.a
  AR      drivers/gpu/drm/bridge/imx/built-in.a
  AR      drivers/gpu/drm/bridge/synopsys/built-in.a
  AR      drivers/gpu/drm/bridge/built-in.a
  AR      drivers/gpu/drm/hisilicon/built-in.a
  AR      drivers/gpu/drm/mxsfb/built-in.a
  AR      drivers/gpu/drm/sysfb/built-in.a
  AR      drivers/gpu/drm/tiny/built-in.a
  CC      drivers/gpu/drm/aspeed/aspeed_gfx_drv.o
  AR      drivers/char/built-in.a
  AR      drivers/gpu/vga/built-in.a
  AR      drivers/gpu/tests/built-in.a
  CC      net/core/selftests.o
  CC      net/netfilter/nf_queue.o
  CC      drivers/gpu/drm/aspeed/aspeed_gfx_crtc.o
  CC      drivers/gpu/drm/aspeed/aspeed_gfx_out.o
  CC      net/core/ptp_classifier.o
  CC      net/core/skmsg.o
  CC      net/netfilter/nf_sockopt.o
  AR      drivers/gpu/drm/aspeed/built-in.a
  AR      drivers/gpu/drm/xlnx/built-in.a
  AR      drivers/gpu/drm/gud/built-in.a
  AR      drivers/gpu/drm/sitronix/built-in.a
  AR      drivers/gpu/drm/solomon/built-in.a
  CC      drivers/gpu/drm/drm_atomic.o
  CC      drivers/gpu/drm/drm_atomic_uapi.o
  CC      net/netfilter/utils.o
  CC      net/ipv4/netfilter/nf_defrag_ipv4.o
  CC      net/core/sock_map.o
  CC      drivers/gpu/drm/drm_auth.o
  CC      net/netfilter/nf_bpf_link.o
  CC      drivers/gpu/drm/drm_blend.o
  CC      net/ipv4/netfilter/nf_reject_ipv4.o
  CC      net/netfilter/nfnetlink.o
  CC      drivers/gpu/drm/drm_bridge.o
  CC      net/core/bpf_sk_storage.o
  AR      net/ipv4/netfilter/built-in.a
  CC      net/ipv4/route.o
  CC      net/netfilter/nfnetlink_log.o
  CC      drivers/gpu/drm/drm_cache.o
  CC      drivers/gpu/drm/drm_color_mgmt.o
  CC      net/core/of_net.o
  CC      net/netfilter/nf_conntrack_core.o
  CC      drivers/gpu/drm/drm_colorop.o
  CC      net/core/devmem.o
  CC      drivers/gpu/drm/drm_connector.o
  CC      net/ipv4/inetpeer.o
  AR      net/core/built-in.a
  CC      net/netfilter/nf_conntrack_standalone.o
  CC      drivers/base/power/sysfs.o
  CC      net/ipv4/protocol.o
  CC      drivers/gpu/drm/drm_crtc.o
  CC      net/netfilter/nf_conntrack_expect.o
  CC      drivers/base/power/generic_ops.o
  CC      net/ipv4/ip_input.o
  CC      drivers/base/power/common.o
  CC      drivers/gpu/drm/drm_displayid.o
  CC      drivers/gpu/drm/drm_drv.o
  CC      drivers/base/power/qos.o
  CC      net/netfilter/nf_conntrack_helper.o
  CC      drivers/gpu/drm/drm_dumb_buffers.o
  CC      net/ipv4/ip_fragment.o
  CC      drivers/base/power/runtime.o
  CC      net/netfilter/nf_conntrack_proto.o
  CC      drivers/gpu/drm/drm_edid.o
  CC      drivers/base/power/wakeirq.o
  CC      net/ipv4/ip_forward.o
  CC      drivers/base/power/main.o
  CC      net/netfilter/nf_conntrack_proto_generic.o
  CC      net/ipv4/ip_options.o
  CC      net/netfilter/nf_conntrack_proto_tcp.o
  CC      drivers/base/power/wakeup.o
  CC      drivers/gpu/drm/drm_eld.o
  CC      drivers/gpu/drm/drm_encoder.o
  CC      net/ipv4/ip_output.o
  CC      net/netfilter/nf_conntrack_proto_udp.o
  CC      drivers/gpu/drm/drm_file.o
  CC      drivers/base/power/wakeup_stats.o
  CC      drivers/base/power/clock_ops.o
  CC      drivers/gpu/drm/drm_fourcc.o
  CC      net/netfilter/nf_conntrack_proto_icmp.o
  AR      drivers/base/power/built-in.a
  CC      drivers/base/firmware_loader/builtin/main.o
  CC      drivers/gpu/drm/drm_framebuffer.o
  AR      drivers/base/firmware_loader/builtin/built-in.a
  CC      drivers/base/firmware_loader/main.o
  CC      net/ipv4/ip_sockglue.o
  CC      net/netfilter/nf_conntrack_extend.o
  CC      drivers/gpu/drm/drm_gem.o
  AR      drivers/base/firmware_loader/built-in.a
  CC      drivers/base/regmap/regmap.o
  CC      net/netfilter/nf_conntrack_acct.o
  CC      net/ipv4/inet_hashtables.o
  CC      net/netfilter/nf_conntrack_seqadj.o
  CC      drivers/gpu/drm/drm_ioctl.o
  CC      drivers/gpu/drm/drm_lease.o
  CC      net/netfilter/nf_conntrack_proto_icmpv6.o
  CC      drivers/base/regmap/regcache.o
  CC      drivers/gpu/drm/drm_managed.o
  CC      net/ipv4/inet_timewait_sock.o
  CC      drivers/base/regmap/regcache-rbtree.o
  CC      net/netfilter/nf_conntrack_netlink.o
  CC      drivers/gpu/drm/drm_mm.o
  CC      drivers/base/regmap/regcache-flat.o
  CC      drivers/gpu/drm/drm_mode_config.o
  CC      net/ipv4/inet_connection_sock.o
  CC      drivers/base/regmap/regcache-maple.o
  CC      drivers/gpu/drm/drm_mode_object.o
  CC      drivers/base/regmap/regmap-debugfs.o
  CC      net/netfilter/nf_conntrack_ftp.o
  CC      drivers/base/regmap/regmap-i2c.o
  CC      drivers/gpu/drm/drm_modes.o
  CC      net/ipv4/tcp.o
  CC      drivers/base/regmap/regmap-mmio.o
  CC      net/netfilter/nf_conntrack_irc.o
  AR      drivers/base/regmap/built-in.a
  AR      drivers/base/test/built-in.a
  CC      drivers/base/component.o
  CC      drivers/gpu/drm/drm_modeset_lock.o
  CC      net/netfilter/nf_conntrack_sip.o
  CC      drivers/base/core.o
  CC      drivers/gpu/drm/drm_plane.o
  CC      drivers/gpu/drm/drm_prime.o
  CC      net/netfilter/nf_log_syslog.o
  CC      net/ipv4/tcp_input.o
  CC      drivers/gpu/drm/drm_print.o
  CC      drivers/gpu/drm/drm_property.o
  CC      drivers/base/bus.o
  CC      net/netfilter/nf_nat_core.o
  CC      drivers/base/dd.o
  CC      drivers/gpu/drm/drm_rect.o
  CC      drivers/gpu/drm/drm_syncobj.o
  CC      drivers/base/syscore.o
  CC      net/netfilter/nf_nat_proto.o
  CC      drivers/base/driver.o
  CC      drivers/gpu/drm/drm_sysfs.o
  CC      drivers/base/class.o
  CC      net/netfilter/nf_nat_helper.o
  CC      drivers/gpu/drm/drm_trace_points.o
  CC      drivers/base/platform.o
  CC      net/ipv4/tcp_output.o
  CC      drivers/gpu/drm/drm_vblank.o
  CC      net/netfilter/nf_nat_masquerade.o
  CC      drivers/base/cpu.o
  CC      drivers/base/firmware.o
  CC      drivers/gpu/drm/drm_vblank_work.o
  CC      drivers/base/init.o
  CC      net/netfilter/nf_nat_ftp.o
  CC      drivers/base/map.o
  CC      drivers/gpu/drm/drm_vma_manager.o
  CC      drivers/base/devres.o
  CC      net/netfilter/nf_nat_irc.o
  CC      drivers/gpu/drm/drm_writeback.o
  CC      net/ipv4/tcp_timer.o
  CC      drivers/base/attribute_container.o
  CC      drivers/gpu/drm/drm_client.o
  CC      net/netfilter/nf_nat_sip.o
  CC      drivers/base/transport_class.o
  CC      drivers/base/topology.o
  CC      drivers/gpu/drm/drm_client_event.o
  CC      net/ipv4/tcp_ipv4.o
  CC      drivers/base/container.o
  CC      net/netfilter/x_tables.o
  CC      drivers/gpu/drm/drm_client_modeset.o
  CC      drivers/base/property.o
  CC      drivers/gpu/drm/drm_client_sysrq.o
  CC      drivers/base/cacheinfo.o
  CC      net/netfilter/xt_tcpudp.o
  CC      drivers/gpu/drm/drm_panel.o
  CC      drivers/base/swnode.o
  CC      net/ipv4/tcp_minisocks.o
  CC      drivers/gpu/drm/drm_of.o
  CC      drivers/base/faux.o
  CC      net/netfilter/xt_mark.o
  CC      drivers/gpu/drm/drm_debugfs.o
  CC      drivers/base/auxiliary.o
  CC      drivers/base/devtmpfs.o
  CC      net/ipv4/tcp_cong.o
  CC      net/netfilter/xt_LOG.o
  CC      drivers/gpu/drm/drm_debugfs_crc.o
  CC      drivers/base/auxiliary_sysfs.o
  CC      net/netfilter/xt_NFLOG.o
  CC      drivers/gpu/drm/drm_panel_orientation_quirks.o
  CC      drivers/base/soc.o
  CC      net/ipv4/tcp_metrics.o
  CC      drivers/base/pinctrl.o
  CC      drivers/gpu/drm/drm_gem_dma_helper.o
  CC      drivers/base/trace.o
  CC      net/netfilter/xt_MASQUERADE.o
  CC      drivers/gpu/drm/drm_fbdev_dma.o
  AR      drivers/base/built-in.a
  CC      drivers/block/loop.o
  CC      net/netfilter/xt_TCPMSS.o
  CC      net/ipv4/tcp_fastopen.o
  CC      drivers/gpu/drm/drm_fb_dma_helper.o
  CC      net/netfilter/xt_addrtype.o
  CC      drivers/gpu/drm/drm_atomic_helper.o
  CC      drivers/block/nbd.o
  CC      net/ipv4/tcp_recovery.o
  CC      net/netfilter/xt_conntrack.o
  CC      net/ipv4/tcp_ulp.o
  CC      drivers/gpu/drm/drm_atomic_state_helper.o
  CC      net/netfilter/xt_state.o
  AR      drivers/block/built-in.a
  CC      drivers/misc/eeprom/at24.o
  CC      net/ipv4/tcp_offload.o
  CC      drivers/gpu/drm/drm_bridge_helper.o
  AR      net/netfilter/built-in.a
  CC      net/unix/af_unix.o
  CC      drivers/misc/eeprom/at25.o
  CC      drivers/gpu/drm/drm_crtc_helper.o
  AR      drivers/misc/eeprom/built-in.a
  AR      drivers/misc/cb710/built-in.a
  AR      drivers/misc/lis3lv02d/built-in.a
  AR      drivers/misc/cardreader/built-in.a
  AR      drivers/misc/keba/built-in.a
  CC      net/ipv4/tcp_plb.o
  AR      drivers/misc/amd-sbi/built-in.a
  CC      drivers/misc/smpro-errmon.o
  CC      drivers/gpu/drm/drm_damage_helper.o
  CC      drivers/misc/smpro-misc.o
  CC      drivers/gpu/drm/drm_flip_work.o
  AR      drivers/misc/built-in.a
  CC      net/ipv6/netfilter/nf_defrag_ipv6_hooks.o
  CC      net/ipv4/datagram.o
  CC      drivers/gpu/drm/drm_format_helper.o
  CC      net/unix/garbage.o
  CC      net/ipv4/raw.o
  CC      net/ipv6/netfilter/nf_conntrack_reasm.o
  CC      drivers/gpu/drm/drm_gem_atomic_helper.o
  CC      net/unix/sysctl_net_unix.o
  CC      drivers/gpu/drm/drm_gem_framebuffer_helper.o
  CC      net/unix/unix_bpf.o
  CC      net/ipv6/netfilter/nf_reject_ipv6.o
  CC      net/ipv4/udp.o
  CC      drivers/gpu/drm/drm_kms_helper_common.o
  CC      drivers/gpu/drm/drm_modeset_helper.o
  CC      net/unix/diag.o
  CC      drivers/gpu/drm/drm_plane_helper.o
  CC      net/ipv6/netfilter/ip6t_ipv6header.o
  CC      drivers/gpu/drm/drm_probe_helper.o
  AR      net/unix/built-in.a
  CC      net/packet/af_packet.o
  AR      net/ipv6/netfilter/built-in.a
  CC      net/ipv6/af_inet6.o
  CC      drivers/gpu/drm/drm_self_refresh_helper.o
  CC      net/ipv4/udp_offload.o
  CC      drivers/gpu/drm/drm_simple_kms_helper.o
  CC      net/ipv6/anycast.o
  CC      drivers/gpu/drm/drm_vblank_helper.o
  CC      net/ipv4/arp.o
  CC      drivers/gpu/drm/bridge/panel.o
  CC      net/ipv6/ip6_output.o
  CC      net/packet/diag.o
  CC      drivers/gpu/drm/drm_fb_helper.o
  CC      net/ipv4/icmp.o
  AR      net/packet/built-in.a
  AR      net/dsa/built-in.a
  CC      net/8021q/vlan_core.o
  AR      drivers/gpu/drm/built-in.a
  AR      drivers/gpu/built-in.a
  CC      drivers/mfd/mfd-core.o
  CC      net/8021q/vlan.o
  CC      drivers/mfd/syscon.o
  CC      net/ipv6/ip6_input.o
  CC      drivers/mfd/smpro-core.o
  CC      net/ipv4/devinet.o
  CC      net/8021q/vlan_dev.o
  AR      drivers/mfd/built-in.a
  AR      drivers/nfc/built-in.a
  AR      drivers/dax/hmem/built-in.a
  AR      drivers/dax/built-in.a
  CC      drivers/dma-buf/dma-buf.o
  CC      net/ipv6/addrconf.o
  CC      net/8021q/vlan_netlink.o
  CC      net/ipv4/af_inet.o
  CC      drivers/dma-buf/dma-fence.o
  CC      net/8021q/vlanproc.o
  CC      drivers/dma-buf/dma-fence-array.o
  AR      net/8021q/built-in.a
  CC      net/ncsi/ncsi-cmd.o
  CC      net/ipv4/igmp.o
  CC      drivers/dma-buf/dma-fence-chain.o
  CC      drivers/dma-buf/dma-fence-unwrap.o
  CC      net/ncsi/ncsi-rsp.o
  CC      drivers/dma-buf/dma-resv.o
  CC      net/ipv6/addrlabel.o
  CC      drivers/dma-buf/dma-buf-mapping.o
  CC      net/ncsi/ncsi-aen.o
  CC      net/ipv4/fib_frontend.o
  CC      drivers/dma-buf/sync_file.o
  CC      net/ipv6/route.o
  CC      net/ncsi/ncsi-manage.o
  AR      drivers/dma-buf/built-in.a
  AR      drivers/cxl/core/built-in.a
  AR      drivers/cxl/built-in.a
  AR      drivers/macintosh/built-in.a
  AR      drivers/scsi/arm/built-in.a
  CC      drivers/scsi/scsi.o
  CC      net/ipv4/fib_semantics.o
  CC      drivers/scsi/hosts.o
  CC      net/ncsi/ncsi-netlink.o
  CC      drivers/scsi/scsi_ioctl.o
  AR      net/ncsi/built-in.a
  CC      net/mctp/af_mctp.o
  CC      net/ipv4/fib_trie.o
  CC      drivers/scsi/scsicam.o
  CC      drivers/scsi/scsi_error.o
  CC      net/ipv6/ip6_fib.o
  CC      net/mctp/device.o
  CC      drivers/scsi/scsi_lib.o
  CC      net/mctp/route.o
  CC      net/ipv4/fib_notifier.o
  CC      net/ipv6/ipv6_sockglue.o
  CC      net/ipv4/inet_fragment.o
  CC      net/mctp/neigh.o
  CC      drivers/scsi/scsi_lib_dma.o
  CC      drivers/scsi/scsi_scan.o
  CC      net/ipv4/ping.o
  CC      net/ipv6/ndisc.o
  AR      net/mctp/built-in.a
  CC      net/devres.o
  GEN     drivers/scsi/scsi_devinfo_tbl.c
  CC      drivers/scsi/scsi_devinfo.o
  AR      drivers/nvme/common/built-in.a
  AR      drivers/nvme/host/built-in.a
  AR      drivers/nvme/target/built-in.a
  AR      drivers/nvme/built-in.a
  CC      drivers/mtd/parsers/ofpart_core.o
  CC      net/ipv4/ip_tunnel_core.o
  AR      drivers/mtd/parsers/built-in.a
  CC      drivers/mtd/chips/chipreg.o
  CC      drivers/scsi/scsi_sysctl.o
  AR      drivers/mtd/chips/built-in.a
  AR      drivers/mtd/lpddr/built-in.a
  AR      drivers/mtd/maps/built-in.a
  AR      drivers/mtd/devices/built-in.a
  AR      drivers/mtd/nand/onenand/built-in.a
  CC      net/ipv6/udp.o
  AR      drivers/mtd/nand/raw/ingenic/built-in.a
  AR      drivers/mtd/nand/raw/built-in.a
  AR      drivers/mtd/nand/spi/built-in.a
  AR      drivers/mtd/nand/built-in.a
  AR      drivers/mtd/tests/built-in.a
  AR      drivers/mtd/spi-nor/controllers/built-in.a
  CC      drivers/mtd/spi-nor/core.o
  CC      drivers/scsi/scsi_proc.o
  CC      net/ipv4/gre_offload.o
  CC      drivers/scsi/scsi_trace.o
  CC      drivers/scsi/scsi_logging.o
  CC      net/ipv4/metrics.o
  CC      net/ipv6/raw.o
  CC      drivers/mtd/spi-nor/sfdp.o
  CC      drivers/scsi/scsi_pm.o
  CC      net/ipv4/netlink.o
  CC      drivers/scsi/scsi_bsg.o
  CC      drivers/mtd/spi-nor/swp.o
  CC      net/ipv4/nexthop.o
  CC      drivers/scsi/scsi_common.o
  CC      drivers/mtd/spi-nor/otp.o
  CC      net/ipv6/icmp.o
  CC      drivers/scsi/sd.o
  CC      drivers/mtd/spi-nor/sysfs.o
  CC      drivers/mtd/spi-nor/atmel.o
  CC      net/ipv6/mcast.o
  CC      drivers/mtd/spi-nor/eon.o
  CC      drivers/mtd/spi-nor/esmt.o
  CC      drivers/scsi/scsi_sysfs.o
  CC      net/ipv4/udp_tunnel_stub.o
  CC      drivers/mtd/spi-nor/everspin.o
  CC      drivers/mtd/spi-nor/gigadevice.o
  CC      net/ipv4/sysctl_net_ipv4.o
  AR      drivers/scsi/built-in.a
  CC      drivers/spi/spi.o
  CC      drivers/mtd/spi-nor/intel.o
  CC      drivers/mtd/spi-nor/issi.o
  CC      net/ipv6/reassembly.o
  CC      net/ipv4/proc.o
  CC      drivers/mtd/spi-nor/macronix.o
  CC      drivers/mtd/spi-nor/micron-st.o
  CC      net/ipv6/tcp_ipv6.o
  CC      net/ipv4/fib_rules.o
  CC      drivers/mtd/spi-nor/spansion.o
  CC      drivers/spi/spi-mem.o
  CC      drivers/mtd/spi-nor/sst.o
  CC      net/ipv4/syncookies.o
  CC      drivers/mtd/spi-nor/winbond.o
  CC      drivers/spi/spi-aspeed-smc.o
  CC      net/ipv6/ping.o
  CC      drivers/mtd/spi-nor/xmc.o
  CC      net/ipv4/netfilter.o
  CC      drivers/mtd/spi-nor/debugfs.o
  CC      drivers/spi/spi-fsi.o
  CC      net/ipv6/exthdrs.o
  AR      drivers/mtd/spi-nor/built-in.a
  CC      drivers/mtd/ubi/vtbl.o
  CC      net/ipv4/tcp_cubic.o
  AR      drivers/spi/built-in.a
  AR      drivers/net/phy/mediatek/built-in.a
  AR      drivers/net/phy/qcom/built-in.a
  CC      drivers/net/phy/realtek/realtek_main.o
  CC      drivers/mtd/ubi/vmt.o
  CC      net/ipv6/datagram.o
  CC      net/ipv4/tcp_bpf.o
  CC      drivers/mtd/ubi/upd.o
  AR      drivers/net/phy/realtek/built-in.a
  CC      drivers/net/phy/stubs.o
  CC      net/ipv6/ip6_flowlabel.o
  CC      drivers/mtd/ubi/build.o
  CC      drivers/net/phy/mdio_bus.o
  CC      net/ipv4/udp_bpf.o
  CC      drivers/mtd/ubi/cdev.o
  CC      drivers/net/phy/phy.o
  CC      net/ipv6/inet6_connection_sock.o
  AR      net/ipv4/built-in.a
  AR      drivers/net/pse-pd/built-in.a
  CC      drivers/mtd/mtdcore.o
  CC      drivers/mtd/ubi/kapi.o
  CC      net/ipv6/udp_offload.o
  CC      drivers/net/phy/phy-c45.o
  CC      drivers/mtd/mtdsuper.o
  CC      drivers/mtd/ubi/eba.o
  CC      net/ipv6/seg6.o
  CC      drivers/mtd/mtdconcat.o
  CC      drivers/net/phy/phy-core.o
  CC      drivers/mtd/ubi/io.o
  CC      net/ipv6/fib6_notifier.o
  CC      drivers/mtd/mtdpart.o
  CC      drivers/net/phy/phy_device.o
  CC      drivers/mtd/ubi/wl.o
  CC      drivers/net/mdio/fwnode_mdio.o
  CC      net/ipv6/rpl.o
  CC      drivers/net/mdio/of_mdio.o
  CC      drivers/mtd/ubi/attach.o
  CC      net/ipv6/ioam6.o
  CC      drivers/net/phy/linkmode.o
  CC      drivers/net/mdio/mdio-aspeed.o
  CC      drivers/mtd/ubi/misc.o
  CC      drivers/net/phy/phy_link_topology.o
  AR      drivers/net/mdio/built-in.a
  AR      drivers/net/pcs/built-in.a
  AR      drivers/firewire/built-in.a
  AR      drivers/cdrom/built-in.a
  CC      net/socket.o
  CC      net/ipv6/sysctl_net_ipv6.o
  CC      drivers/mtd/ubi/debug.o
  CC      drivers/net/phy/phy_caps.o
  CC      drivers/mtd/ubi/fastmap.o
  CC      net/ipv6/netfilter.o
  CC      drivers/net/phy/mdio_bus_provider.o
  CC      drivers/mtd/ubi/block.o
  CC      net/ipv6/fib6_rules.o
  CC      net/sysctl_net.o
  CC      drivers/net/phy/phy_port.o
  AR      drivers/mtd/ubi/built-in.a
  CC      drivers/mtd/mtdchar.o
  CC      drivers/net/phy/mdio_device.o
  AR      drivers/net/ethernet/adi/built-in.a
  AR      drivers/net/ethernet/asix/built-in.a
  AR      drivers/net/ethernet/engleder/built-in.a
  CC      drivers/net/ethernet/faraday/ftgmac100.o
  CC      net/ipv6/proc.o
  CC      drivers/mtd/mtd_blkdevs.o
  CC      drivers/net/phy/swphy.o
  CC      net/ipv6/syncookies.o
  AR      drivers/net/ethernet/faraday/built-in.a
  AR      drivers/net/ethernet/fungible/built-in.a
  AR      drivers/net/ethernet/google/built-in.a
  AR      drivers/net/ethernet/microsoft/built-in.a
  AR      drivers/net/ethernet/litex/built-in.a
  CC      drivers/mtd/mtdblock.o
  AR      drivers/net/ethernet/meta/built-in.a
  CC      drivers/net/phy/mdio_devres.o
  AR      drivers/net/ethernet/microchip/built-in.a
  AR      drivers/net/ethernet/mucse/built-in.a
  AR      drivers/net/ethernet/vertexcom/built-in.a
  AR      drivers/net/ethernet/wangxun/built-in.a
  AR      drivers/net/ethernet/xilinx/built-in.a
  AR      drivers/net/ethernet/pensando/built-in.a
  AR      drivers/net/ethernet/built-in.a
  CC      drivers/net/mctp/mctp-serial.o
  AR      drivers/mtd/built-in.a
  AR      drivers/auxdisplay/built-in.a
  CC      drivers/usb/common/common.o
  CC      drivers/net/phy/phy_package.o
  CC      net/ipv6/addrconf_core.o
  CC      drivers/net/mctp/mctp-i2c.o
  CC      drivers/net/phy/bcm-phy-lib.o
  CC      drivers/usb/common/debug.o
  AR      drivers/usb/common/built-in.a
  CC      drivers/usb/core/usb.o
  CC      net/ipv6/exthdrs_core.o
  AR      drivers/net/mctp/built-in.a
  CC      drivers/input/serio/serio.o
  CC      drivers/usb/core/hub.o
  CC      drivers/net/phy/broadcom.o
  CC      net/ipv6/ip6_checksum.o
  CC      drivers/input/serio/serport.o
  CC      drivers/input/serio/serio_raw.o
  CC      net/ipv6/ip6_icmp.o
  CC      drivers/net/phy/fixed_phy.o
  AR      drivers/input/serio/built-in.a
  CC      drivers/input/keyboard/gpio_keys.o
  AR      drivers/net/phy/built-in.a
  CC      drivers/net/loopback.o
  CC      net/ipv6/output_core.o
  CC      drivers/input/keyboard/gpio_keys_polled.o
  CC      drivers/usb/core/hcd.o
  AR      drivers/input/keyboard/built-in.a
  CC      drivers/input/misc/ibm-panel.o
  CC      net/ipv6/protocol.o
  CC      drivers/net/netconsole.o
  AR      drivers/input/misc/built-in.a
  CC      drivers/input/input.o
  CC      net/ipv6/ip6_offload.o
  AR      drivers/net/built-in.a
  CC      drivers/rtc/lib.o
  CC      drivers/usb/core/urb.o
  CC      drivers/rtc/class.o
  CC      net/ipv6/exthdrs_offload.o
  CC      drivers/input/input-compat.o
  CC      drivers/usb/core/message.o
  CC      drivers/rtc/interface.o
  CC      drivers/input/input-mt.o
  CC      net/ipv6/inet6_hashtables.o
  CC      drivers/input/input-poller.o
  CC      drivers/usb/core/driver.o
  CC      drivers/input/ff-core.o
  CC      drivers/rtc/nvmem.o
  CC      drivers/rtc/dev.o
  CC      drivers/input/touchscreen.o
  CC      net/ipv6/mcast_snoop.o
  CC      drivers/usb/core/config.o
  CC      drivers/input/touch-overlay.o
  CC      drivers/rtc/proc.o
  CC      drivers/input/input-leds.o
  CC      drivers/rtc/sysfs.o
  AR      net/ipv6/built-in.a
  AR      net/built-in.a
  CC      drivers/usb/phy/of.o
  CC      drivers/usb/core/file.o
  CC      drivers/input/evdev.o
  CC      drivers/rtc/rtc-aspeed.o
  AR      drivers/usb/phy/built-in.a
  CC      drivers/usb/core/buffer.o
  AR      drivers/i2c/algos/built-in.a
  CC      drivers/i2c/busses/i2c-aspeed.o
  CC      drivers/rtc/rtc-ds1307.o
  CC      drivers/usb/core/sysfs.o
  AR      drivers/input/built-in.a
  CC      drivers/i2c/busses/i2c-fsi.o
  AR      drivers/i3c/built-in.a
  AR      drivers/media/i2c/built-in.a
  AR      drivers/media/tuners/built-in.a
  CC      drivers/media/mc/mc-device.o
  CC      drivers/usb/core/endpoint.o
  AR      drivers/i2c/busses/built-in.a
  CC      drivers/i2c/muxes/i2c-mux-gpio.o
  CC      drivers/rtc/rtc-pcf8523.o
  CC      drivers/media/mc/mc-devnode.o
  CC      drivers/usb/core/devio.o
  CC      drivers/i2c/muxes/i2c-mux-pca9541.o
  CC      drivers/rtc/rtc-rv8803.o
  CC      drivers/media/mc/mc-entity.o
  CC      drivers/i2c/muxes/i2c-mux-pca954x.o
  AR      drivers/rtc/built-in.a
  AR      drivers/pps/clients/built-in.a
  CC      drivers/pps/pps.o
  CC      drivers/media/mc/mc-request.o
  AR      drivers/i2c/muxes/built-in.a
  CC      drivers/i2c/i2c-boardinfo.o
  CC      drivers/usb/core/notify.o
  CC      drivers/pps/kapi.o
  CC      drivers/i2c/i2c-core-base.o
  CC      drivers/usb/core/generic.o
  CC      drivers/pps/sysfs.o
  CC      drivers/media/mc/mc-dev-allocator.o
  AR      drivers/pps/built-in.a
  CC      drivers/ptp/ptp_clock.o
  CC      drivers/usb/core/quirks.o
  AR      drivers/media/mc/built-in.a
  CC      drivers/media/v4l2-core/v4l2-dv-timings.o
  CC      drivers/usb/core/devices.o
  CC      drivers/ptp/ptp_chardev.o
  CC      drivers/media/v4l2-core/v4l2-dev.o
  CC      drivers/i2c/i2c-core-smbus.o
  CC      drivers/usb/core/phy.o
  CC      drivers/ptp/ptp_sysfs.o
  CC      drivers/usb/core/port.o
  CC      drivers/media/v4l2-core/v4l2-ioctl.o
  CC      drivers/ptp/ptp_vclock.o
  CC      drivers/i2c/i2c-core-slave.o
  CC      drivers/usb/core/trace.o
  AR      drivers/ptp/built-in.a
  CC      drivers/i2c/i2c-core-of.o
  CC      drivers/i2c/i2c-dev.o
  CC      drivers/usb/core/of.o
  AR      drivers/media/rc/keymaps/built-in.a
  AR      drivers/media/rc/built-in.a
  CC      drivers/media/v4l2-core/v4l2-device.o
  CC      drivers/w1/masters/w1-gpio.o
  AR      drivers/usb/core/built-in.a
  CC      drivers/usb/host/ehci-hcd.o
  CC      drivers/i2c/i2c-mux.o
  CC      drivers/media/v4l2-core/v4l2-fh.o
  AR      drivers/w1/masters/built-in.a
  CC      drivers/w1/slaves/w1_therm.o
  AR      drivers/i2c/built-in.a
  AR      drivers/media/common/b2c2/built-in.a
  AR      drivers/media/common/saa7146/built-in.a
  AR      drivers/media/common/siano/built-in.a
  AR      drivers/media/common/v4l2-tpg/built-in.a
  CC      drivers/media/common/videobuf2/videobuf2-core.o
  CC      drivers/media/v4l2-core/v4l2-event.o
  AR      drivers/w1/slaves/built-in.a
  CC      drivers/w1/w1.o
  CC      drivers/media/v4l2-core/v4l2-subdev.o
  CC      drivers/w1/w1_int.o
  CC      drivers/media/common/videobuf2/frame_vector.o
  CC      drivers/usb/host/ehci-platform.o
  CC      drivers/media/v4l2-core/v4l2-common.o
  CC      drivers/media/common/videobuf2/vb2-trace.o
  CC      drivers/w1/w1_family.o
  AR      drivers/usb/host/built-in.a
  CC      drivers/usb/storage/scsiglue.o
  CC      drivers/w1/w1_netlink.o
  CC      drivers/media/common/videobuf2/videobuf2-dma-contig.o
  CC      drivers/media/v4l2-core/v4l2-ctrls-core.o
  CC      drivers/usb/storage/protocol.o
  CC      drivers/w1/w1_io.o
  CC      drivers/media/common/videobuf2/videobuf2-memops.o
  AR      drivers/w1/built-in.a
  AR      drivers/power/built-in.a
  AR      drivers/media/platform/allegro-dvt/built-in.a
  AR      drivers/media/platform/amlogic/c3/isp/built-in.a
  AR      drivers/media/platform/amlogic/c3/mipi-adapter/built-in.a
  AR      drivers/media/platform/amlogic/c3/mipi-csi2/built-in.a
  AR      drivers/media/platform/amlogic/c3/built-in.a
  CC      drivers/usb/storage/transport.o
  AR      drivers/media/platform/amlogic/meson-ge2d/built-in.a
  AR      drivers/media/platform/amlogic/built-in.a
  AR      drivers/media/platform/amphion/built-in.a
  AR      drivers/media/platform/arm/mali-c55/built-in.a
  AR      drivers/media/platform/arm/built-in.a
  CC      drivers/media/platform/aspeed/aspeed-video.o
  CC      drivers/media/common/videobuf2/videobuf2-v4l2.o
  CC      drivers/media/v4l2-core/v4l2-ctrls-api.o
  CC      drivers/usb/storage/usb.o
  AR      drivers/media/common/videobuf2/built-in.a
  AR      drivers/media/common/built-in.a
  AR      drivers/media/pci/ttpci/built-in.a
  CC      drivers/media/v4l2-core/v4l2-ctrls-request.o
  AR      drivers/media/pci/b2c2/built-in.a
  AR      drivers/media/pci/pluto2/built-in.a
  AR      drivers/media/pci/dm1105/built-in.a
  AR      drivers/media/pci/pt1/built-in.a
  AR      drivers/media/pci/pt3/built-in.a
  AR      drivers/media/pci/mantis/built-in.a
  AR      drivers/media/platform/aspeed/built-in.a
  AR      drivers/media/pci/ngene/built-in.a
  AR      drivers/media/platform/atmel/built-in.a
  AR      drivers/media/platform/broadcom/built-in.a
  AR      drivers/media/pci/ddbridge/built-in.a
  AR      drivers/media/platform/cadence/built-in.a
  AR      drivers/media/pci/saa7146/built-in.a
  AR      drivers/media/pci/smipcie/built-in.a
  AR      drivers/media/platform/chips-media/coda/built-in.a
  AR      drivers/media/pci/netup_unidvb/built-in.a
  AR      drivers/media/platform/chips-media/wave5/built-in.a
  AR      drivers/media/platform/chips-media/built-in.a
  AR      drivers/media/platform/imagination/built-in.a
  AR      drivers/media/pci/intel/ipu3/built-in.a
  AR      drivers/media/platform/intel/built-in.a
  AR      drivers/media/pci/intel/ivsc/built-in.a
  AR      drivers/media/pci/intel/built-in.a
  AR      drivers/media/platform/marvell/built-in.a
  AR      drivers/media/pci/built-in.a
  AR      drivers/media/platform/mediatek/jpeg/built-in.a
  CC      drivers/usb/serial/usb-serial.o
  AR      drivers/media/platform/mediatek/mdp/built-in.a
  AR      drivers/media/platform/mediatek/vcodec/common/built-in.a
  AR      drivers/media/platform/mediatek/vcodec/encoder/built-in.a
  AR      drivers/media/platform/mediatek/vcodec/decoder/built-in.a
  AR      drivers/media/platform/mediatek/vcodec/built-in.a
  AR      drivers/media/platform/mediatek/vpu/built-in.a
  AR      drivers/media/platform/mediatek/mdp3/built-in.a
  AR      drivers/media/platform/mediatek/built-in.a
  AR      drivers/media/platform/microchip/built-in.a
  AR      drivers/media/platform/nuvoton/built-in.a
  CC      drivers/usb/storage/initializers.o
  AR      drivers/media/platform/nvidia/tegra-vde/built-in.a
  AR      drivers/media/platform/nvidia/built-in.a
  AR      drivers/media/platform/nxp/dw100/built-in.a
  AR      drivers/media/platform/nxp/imx-jpeg/built-in.a
  AR      drivers/media/platform/nxp/imx8-isi/built-in.a
  AR      drivers/media/platform/nxp/built-in.a
  AR      drivers/media/platform/qcom/camss/built-in.a
  AR      drivers/media/platform/qcom/iris/built-in.a
  AR      drivers/media/platform/qcom/venus/built-in.a
  AR      drivers/media/platform/qcom/built-in.a
  AR      drivers/media/platform/raspberrypi/pisp_be/built-in.a
  AR      drivers/media/platform/raspberrypi/rp1-cfe/built-in.a
  AR      drivers/media/platform/raspberrypi/built-in.a
  AR      drivers/media/platform/renesas/rcar-isp/built-in.a
  AR      drivers/media/platform/renesas/rcar-vin/built-in.a
  AR      drivers/media/platform/renesas/rzg2l-cru/built-in.a
  AR      drivers/media/platform/renesas/rzv2h-ivc/built-in.a
  AR      drivers/media/platform/renesas/vsp1/built-in.a
  AR      drivers/media/platform/renesas/built-in.a
  AR      drivers/media/platform/rockchip/rga/built-in.a
  AR      drivers/media/platform/rockchip/rkcif/built-in.a
  AR      drivers/media/platform/rockchip/rkisp1/built-in.a
  AR      drivers/media/platform/rockchip/rkvdec/built-in.a
  AR      drivers/media/platform/rockchip/built-in.a
  AR      drivers/media/platform/samsung/exynos-gsc/built-in.a
  AR      drivers/media/platform/samsung/exynos4-is/built-in.a
  AR      drivers/media/platform/samsung/s3c-camif/built-in.a
  AR      drivers/media/platform/samsung/s5p-g2d/built-in.a
  AR      drivers/media/platform/samsung/s5p-jpeg/built-in.a
  AR      drivers/media/platform/samsung/s5p-mfc/built-in.a
  AR      drivers/media/platform/samsung/built-in.a
  AR      drivers/media/platform/st/sti/bdisp/built-in.a
  CC      drivers/media/v4l2-core/v4l2-ctrls-defs.o
  AR      drivers/media/platform/st/sti/delta/built-in.a
  AR      drivers/media/platform/st/sti/hva/built-in.a
  AR      drivers/media/platform/st/stm32/built-in.a
  AR      drivers/media/platform/st/built-in.a
  AR      drivers/media/platform/sunxi/sun4i-csi/built-in.a
  AR      drivers/media/platform/sunxi/sun6i-csi/built-in.a
  AR      drivers/media/platform/sunxi/sun6i-mipi-csi2/built-in.a
  AR      drivers/media/platform/sunxi/sun8i-a83t-mipi-csi2/built-in.a
  AR      drivers/media/platform/sunxi/sun8i-di/built-in.a
  AR      drivers/media/platform/sunxi/sun8i-rotate/built-in.a
  AR      drivers/media/platform/sunxi/built-in.a
  AR      drivers/media/platform/synopsys/hdmirx/built-in.a
  AR      drivers/media/platform/synopsys/built-in.a
  AR      drivers/media/platform/ti/am437x/built-in.a
  CC      drivers/usb/storage/sierra_ms.o
  AR      drivers/media/platform/ti/cal/built-in.a
  AR      drivers/media/platform/ti/vpe/built-in.a
  AR      drivers/media/platform/ti/davinci/built-in.a
  AR      drivers/media/platform/ti/j721e-csi2rx/built-in.a
  AR      drivers/media/platform/ti/omap/built-in.a
  AR      drivers/media/platform/ti/omap3isp/built-in.a
  AR      drivers/media/platform/ti/built-in.a
  AR      drivers/media/platform/verisilicon/built-in.a
  AR      drivers/media/platform/via/built-in.a
  AR      drivers/media/platform/xilinx/built-in.a
  AR      drivers/media/platform/built-in.a
  CC      drivers/usb/serial/generic.o
  AR      drivers/media/usb/b2c2/built-in.a
  AR      drivers/media/usb/dvb-usb/built-in.a
  AR      drivers/media/usb/dvb-usb-v2/built-in.a
  AR      drivers/media/usb/s2255/built-in.a
  AR      drivers/media/usb/siano/built-in.a
  AR      drivers/media/usb/ttusb-budget/built-in.a
  AR      drivers/media/usb/ttusb-dec/built-in.a
  AR      drivers/media/usb/built-in.a
  CC      drivers/media/v4l2-core/v4l2-mc.o
  CC      drivers/usb/storage/option_ms.o
  CC      drivers/usb/storage/usual-tables.o
  CC      drivers/usb/serial/bus.o
  AR      drivers/usb/misc/built-in.a
  AR      drivers/usb/storage/built-in.a
  CC      drivers/media/v4l2-core/v4l2-spi.o
  CC      drivers/hwmon/occ/common.o
  CC      drivers/usb/serial/pl2303.o
  CC      drivers/usb/gadget/udc/aspeed-vhub/core.o
  CC      drivers/media/v4l2-core/v4l2-trace.o
  CC      drivers/hwmon/occ/sysfs.o
  CC      drivers/usb/gadget/udc/aspeed-vhub/ep0.o
  CC      drivers/hwmon/occ/p9_sbe.o
  AR      drivers/usb/serial/built-in.a
  AR      drivers/media/mmc/siano/built-in.a
  AR      drivers/media/mmc/built-in.a
  CC      drivers/usb/gadget/function/f_mass_storage.o
  CC      drivers/media/v4l2-core/v4l2-i2c.o
  AR      drivers/hwmon/occ/built-in.a
  CC      drivers/usb/gadget/udc/aspeed-vhub/epn.o
  CC      drivers/hwmon/pmbus/pmbus_core.o
  AR      drivers/media/v4l2-core/built-in.a
  AR      drivers/media/firewire/built-in.a
  AR      drivers/media/spi/built-in.a
  AR      drivers/media/test-drivers/built-in.a
  AR      drivers/media/radio/built-in.a
  AR      drivers/media/built-in.a
  CC      drivers/usb/gadget/udc/aspeed-vhub/dev.o
  CC      drivers/usb/gadget/udc/aspeed-vhub/hub.o
  CC      drivers/usb/gadget/udc/core.o
  CC      drivers/usb/gadget/function/storage_common.o
  CC      drivers/hwmon/pmbus/pmbus.o
  AR      drivers/usb/gadget/udc/aspeed-vhub/built-in.a
  CC      drivers/watchdog/watchdog_core.o
  CC      drivers/usb/gadget/function/f_hid.o
  CC      drivers/hwmon/pmbus/adm1275.o
  CC      drivers/usb/gadget/udc/trace.o
  CC      drivers/hwmon/pmbus/ibm-cffps.o
  CC      drivers/watchdog/watchdog_dev.o
  AR      drivers/usb/gadget/function/built-in.a
  CC      drivers/watchdog/aspeed_wdt.o
  AR      drivers/usb/gadget/udc/built-in.a
  AR      drivers/usb/gadget/legacy/built-in.a
  CC      drivers/usb/gadget/usbstring.o
  CC      drivers/hwmon/pmbus/ir35221.o
  CC      drivers/hwmon/hwmon.o
  AR      drivers/watchdog/built-in.a
  CC      drivers/edac/edac_mc.o
  CC      drivers/usb/gadget/config.o
  CC      drivers/hwmon/pmbus/ir38064.o
  CC      drivers/usb/gadget/epautoconf.o
  CC      drivers/edac/edac_device.o
  CC      drivers/hwmon/pmbus/isl68137.o
  CC      drivers/mmc/core/core.o
  CC      drivers/usb/gadget/composite.o
  CC      drivers/hwmon/pmbus/lm25066.o
  CC      drivers/edac/edac_mc_sysfs.o
  CC      drivers/hwmon/pmbus/max31785.o
  CC      drivers/edac/edac_module.o
  CC      drivers/usb/gadget/functions.o
  CC      drivers/mmc/core/bus.o
  CC      drivers/edac/edac_device_sysfs.o
  CC      drivers/hwmon/pmbus/mp5023.o
  CC      drivers/usb/gadget/configfs.o
  CC      drivers/mmc/core/host.o
  CC      drivers/hwmon/pmbus/ucd9000.o
  CC      drivers/edac/wq.o
  CC      drivers/edac/aspeed_edac.o
  CC      drivers/mmc/core/mmc.o
  CC      drivers/usb/gadget/u_f.o
  CC      drivers/hwmon/pmbus/ucd9200.o
  AR      drivers/usb/gadget/built-in.a
  AR      drivers/edac/built-in.a
  AR      drivers/usb/built-in.a
  CC      drivers/mmc/host/sdhci.o
  AR      drivers/ufs/built-in.a
  CC      drivers/hwmon/hwmon-vid.o
  AR      drivers/hwmon/pmbus/built-in.a
  CC      drivers/mmc/core/mmc_ops.o
  CC      drivers/hwmon/w83773g.o
  CC      drivers/mmc/core/sd.o
  CC      drivers/hwmon/adt7475.o
  CC      drivers/mmc/core/sd_ops.o
  AR      drivers/firmware/arm_ffa/built-in.a
  AR      drivers/firmware/arm_scmi/built-in.a
  AR      drivers/firmware/broadcom/built-in.a
  AR      drivers/firmware/cirrus/test/built-in.a
  AR      drivers/firmware/cirrus/built-in.a
  AR      drivers/firmware/meson/built-in.a
  AR      drivers/firmware/microchip/built-in.a
  AR      drivers/firmware/efi/built-in.a
  AR      drivers/firmware/imx/built-in.a
  AR      drivers/firmware/psci/built-in.a
  AR      drivers/firmware/qcom/built-in.a
  AR      drivers/firmware/samsung/built-in.a
  AR      drivers/firmware/smccc/built-in.a
  AR      drivers/firmware/tegra/built-in.a
  AR      drivers/firmware/xilinx/built-in.a
  AR      drivers/firmware/built-in.a
  CC      drivers/mmc/host/sdhci-pltfm.o
  CC      drivers/mmc/core/sdio.o
  CC      drivers/hwmon/aspeed-pwm-tacho.o
  CC      drivers/mmc/host/sdhci-of-aspeed.o
  AR      drivers/crypto/stm32/built-in.a
  AR      drivers/crypto/inside-secure/eip93/built-in.a
  AR      drivers/crypto/inside-secure/built-in.a
  AR      drivers/crypto/xilinx/built-in.a
  AR      drivers/crypto/hisilicon/built-in.a
  AR      drivers/crypto/loongson/built-in.a
  AR      drivers/crypto/intel/keembay/built-in.a
  AR      drivers/crypto/intel/ixp4xx/built-in.a
  AR      drivers/crypto/intel/built-in.a
  AR      drivers/crypto/starfive/built-in.a
  AR      drivers/crypto/cavium/built-in.a
  CC      drivers/mmc/core/sdio_ops.o
  AR      drivers/crypto/ti/built-in.a
  AR      drivers/crypto/built-in.a
  CC      drivers/hwmon/iio_hwmon.o
  CC      drivers/hwmon/lm75.o
  AR      drivers/mmc/host/built-in.a
  CC      drivers/mmc/core/sdio_bus.o
  CC      drivers/clocksource/timer-of.o
  CC      drivers/mmc/core/sdio_cis.o
  CC      drivers/clocksource/timer-probe.o
  CC      drivers/mmc/core/sdio_io.o
  CC      drivers/hwmon/nct7904.o
  CC      drivers/clocksource/mmio.o
  CC      drivers/hwmon/sbtsi_temp.o
  CC      drivers/clocksource/timer-fttmr010.o
  CC      drivers/mmc/core/sdio_irq.o
  CC      drivers/hwmon/smpro-hwmon.o
  CC      drivers/clocksource/arm_arch_timer.o
  CC      drivers/hid/usbhid/hid-core.o
  CC      drivers/hwmon/tmp421.o
  CC      drivers/mmc/core/sd_uhs2.o
  CC      drivers/clocksource/arm_arch_timer_mmio.o
  AR      drivers/hwmon/built-in.a
  CC      drivers/of/base.o
  CC      drivers/mmc/core/slot-gpio.o
  CC      drivers/clocksource/dummy_timer.o
  AR      drivers/hid/usbhid/built-in.a
  CC      drivers/hid/hid-core.o
  AR      drivers/clocksource/built-in.a
  AR      drivers/platform/built-in.a
  CC      drivers/of/cpu.o
  CC      drivers/mmc/core/regulator.o
  CC      drivers/mmc/core/pwrseq.o
  CC      drivers/of/device.o
  CC      drivers/hid/hid-input.o
  CC      drivers/mmc/core/debugfs.o
  CC      drivers/of/module.o
  AR      drivers/virt/vboxguest/built-in.a
  AR      drivers/virt/coco/built-in.a
  AR      drivers/virt/built-in.a
  CC      drivers/of/platform.o
  CC      drivers/mmc/core/pwrseq_simple.o
  CC      drivers/of/property.o
  CC      drivers/mmc/core/pwrseq_emmc.o
  CC      drivers/hid/hid-quirks.o
  CC      drivers/mmc/core/block.o
  CC      drivers/of/kobj.o
  CC      drivers/mmc/core/queue.o
  CC      drivers/of/fdt.o
  CC      drivers/hid/hid-debug.o
  DTC     drivers/of/empty_root.dtb
  AR      drivers/iio/accel/built-in.a
  CC      drivers/iio/adc/aspeed_adc.o
  CC      drivers/hid/hid-generic.o
  CC      drivers/of/fdt_address.o
  AR      drivers/mmc/core/built-in.a
  AR      drivers/mmc/built-in.a
  CC      drivers/perf/arm_pmu.o
  CC      drivers/iio/adc/max1363.o
  CC      drivers/of/address.o
  AR      drivers/hid/built-in.a
  AR      drivers/ras/amd/atl/built-in.a
  CC      drivers/ras/ras.o
  AR      drivers/iio/adc/built-in.a
  CC      drivers/perf/arm_pmu_platform.o
  AR      drivers/iio/addac/built-in.a
  AR      drivers/iio/afe/built-in.a
  AR      drivers/iio/amplifiers/built-in.a
  CC      drivers/iio/buffer/industrialio-triggered-buffer.o
  CC      drivers/of/irq.o
  CC      drivers/ras/debugfs.o
  CC      drivers/iio/buffer/kfifo_buf.o
  CC      drivers/perf/arm_v6_pmu.o
  CC      drivers/of/of_reserved_mem.o
  AR      drivers/ras/built-in.a
  AR      drivers/hwtracing/intel_th/built-in.a
  AR      drivers/android/built-in.a
  AR      drivers/iio/cdc/built-in.a
  CC      drivers/perf/arm_v7_pmu.o
  AR      drivers/iio/buffer/built-in.a
  AR      drivers/iio/chemical/built-in.a
  AR      drivers/iio/common/cros_ec_sensors/built-in.a
  AR      drivers/iio/common/hid-sensors/built-in.a
  AR      drivers/iio/common/inv_sensors/built-in.a
  AR      drivers/iio/common/ms_sensors/built-in.a
  AR      drivers/iio/common/scmi_sensors/built-in.a
  AR      drivers/iio/common/ssp_sensors/built-in.a
  AR      drivers/iio/common/st_sensors/built-in.a
  AR      drivers/iio/common/built-in.a
  AR      drivers/iio/dac/built-in.a
  AR      drivers/iio/dummy/built-in.a
  AR      drivers/iio/gyro/built-in.a
  AR      drivers/iio/filter/built-in.a
  AR      drivers/iio/frequency/built-in.a
  AR      drivers/iio/health/built-in.a
  CC      drivers/iio/humidity/si7020.o
  WRAP    drivers/of/empty_root.dtb.S
  AS      drivers/of/empty_root.dtb.o
  AR      drivers/nvmem/layouts/built-in.a
  CC      drivers/nvmem/core.o
  AR      drivers/of/built-in.a
  AR      drivers/iio/imu/bmi160/built-in.a
  AR      drivers/iio/imu/bmi270/built-in.a
  AR      drivers/iio/imu/bmi323/built-in.a
  AR      drivers/iio/imu/bno055/built-in.a
  AR      drivers/iio/imu/inv_icm42600/built-in.a
  AR      drivers/iio/imu/inv_icm45600/built-in.a
  AR      drivers/iio/imu/inv_mpu6050/built-in.a
  AR      drivers/iio/imu/smi330/built-in.a
  AR      drivers/iio/imu/st_lsm6dsx/built-in.a
  AR      drivers/iio/imu/st_lsm9ds0/built-in.a
  AR      drivers/iio/imu/built-in.a
  CC      drivers/fsi/fsi-core.o
  AR      drivers/iio/humidity/built-in.a
  AR      drivers/iio/light/built-in.a
  AR      drivers/iio/magnetometer/built-in.a
  AR      drivers/iio/multiplexer/built-in.a
  AR      drivers/iio/orientation/built-in.a
  AR      drivers/iio/position/built-in.a
  AR      drivers/iio/potentiometer/built-in.a
  AR      drivers/iio/potentiostat/built-in.a
  CC      drivers/iio/pressure/bmp280-core.o
  AR      drivers/perf/built-in.a
  CC      drivers/iio/pressure/bmp280-regmap.o
  CC      drivers/nvmem/layouts.o
  AR      drivers/iio/proximity/built-in.a
  CC      drivers/peci/controller/peci-aspeed.o
  AR      drivers/nvmem/built-in.a
  CC      drivers/fsi/fsi-master-hub.o
  CC      drivers/iio/pressure/bmp280-i2c.o
  CC      drivers/fsi/fsi-master-aspeed.o
  CC      drivers/iio/pressure/bmp280-spi.o
  AR      drivers/peci/controller/built-in.a
  CC      drivers/peci/core.o
  CC      drivers/iio/pressure/dps310.o
  CC      drivers/peci/request.o
  CC      drivers/peci/device.o
  CC      drivers/fsi/fsi-master-gpio.o
  AR      drivers/iio/resolver/built-in.a
  AR      drivers/resctrl/built-in.a
  AR      drivers/iio/pressure/built-in.a
  CC      drivers/fsi/fsi-master-i2cr.o
  AR      drivers/iio/temperature/built-in.a
  AR      drivers/iio/test/built-in.a
  AR      drivers/iio/trigger/built-in.a
  CC      drivers/iio/industrialio-core.o
  CC      drivers/peci/sysfs.o
  CC      drivers/peci/cpu.o
  AR      drivers/peci/built-in.a
  CC      drivers/iio/industrialio-event.o
  CC      drivers/iio/inkern.o
  CC      drivers/fsi/fsi-master-ast-cf.o
  CC      drivers/fsi/fsi-scom.o
  CC      drivers/iio/industrialio-buffer.o
  CC      drivers/iio/industrialio-trigger.o
  CC      drivers/fsi/fsi-sbefifo.o
  CC      drivers/fsi/fsi-occ.o
  CC      drivers/fsi/i2cr-scom.o
  AR      drivers/iio/built-in.a
  AR      drivers/fsi/built-in.a
  AR      drivers/built-in.a
  AR      built-in.a
  AR      vmlinux.a
  LD      vmlinux.o
  MODPOST vmlinux.symvers
  CC      .vmlinux.export.o
  UPD     include/generated/utsversion.h
  CC      init/version-timestamp.o
  KSYMS   .tmp_vmlinux0.kallsyms.S
  AS      .tmp_vmlinux0.kallsyms.o
  LD      .tmp_vmlinux1
  NM      .tmp_vmlinux1.syms
  KSYMS   .tmp_vmlinux1.kallsyms.S
  AS      .tmp_vmlinux1.kallsyms.o
  LD      .tmp_vmlinux2
  NM      .tmp_vmlinux2.syms
  KSYMS   .tmp_vmlinux2.kallsyms.S
  AS      .tmp_vmlinux2.kallsyms.o
  LD      vmlinux.unstripped
  NM      System.map
  SORTTAB vmlinux.unstripped
  OBJCOPY vmlinux
  GEN     modules.builtin.modinfo
  GEN     modules.builtin
  OBJCOPY arch/arm/boot/Image
  Kernel: arch/arm/boot/Image is ready
  LDS     arch/arm/boot/compressed/vmlinux.lds
  AS      arch/arm/boot/compressed/head.o
  XZKERN  arch/arm/boot/compressed/piggy_data
  CC      arch/arm/boot/compressed/misc.o
  CC      arch/arm/boot/compressed/decompress.o
  CC      arch/arm/boot/compressed/string.o
  AS      arch/arm/boot/compressed/hyp-stub.o
  CC      arch/arm/boot/compressed/fdt_rw.o
  CC      arch/arm/boot/compressed/fdt_ro.o
  CC      arch/arm/boot/compressed/fdt_wip.o
  CC      arch/arm/boot/compressed/fdt.o
  CC      arch/arm/boot/compressed/fdt_check_mem_start.o
  AS      arch/arm/boot/compressed/lib1funcs.o
  AS      arch/arm/boot/compressed/ashldi3.o
  AS      arch/arm/boot/compressed/bswapsdi2.o
  AS      arch/arm/boot/compressed/piggy.o
  LD      arch/arm/boot/compressed/vmlinux
  OBJCOPY arch/arm/boot/zImage
  Kernel: arch/arm/boot/zImage is ready
