pass,bg,Z,probe_ts_ns,consumer_ts_ns,overhead_ns,ocl_ns,emulation_mode
0,1,224,182918475610395,182918476559552,949157,0,oai-rfsim-netns-veth-bpftime
0,1,224,182920880806723,182920882753022,1946299,0,oai-rfsim-netns-veth-bpftime
0,1,224,182923286441036,182923287079909,638873,0,oai-rfsim-netns-veth-bpftime
0,1,224,182925692132692,182925693966925,1834233,0,oai-rfsim-netns-veth-bpftime
0,1,224,182928096132064,182928097052468,920404,0,oai-rfsim-netns-veth-bpftime
0,1,224,182928951860037,182928952369648,509611,0,oai-rfsim-netns-veth-bpftime
0,1,224,182928955369318,182928956715751,1346433,0,oai-rfsim-netns-veth-bpftime
0,1,224,182928958375844,182928958831023,455179,0,oai-rfsim-netns-veth-bpftime
0,1,224,182928961659565,182928963196788,1537223,0,oai-rfsim-netns-veth-bpftime
0,1,224,182928964324409,182928965291677,967268,0,oai-rfsim-netns-veth-bpftime
0,1,224,182928967479343,182928967797655,318312,0,oai-rfsim-netns-veth-bpftime
0,1,224,182928970439547,182928971954816,1515269,0,oai-rfsim-netns-veth-bpftime
0,1,224,182928973142231,182928974029560,887329,0,oai-rfsim-netns-veth-bpftime
0,1,224,182928977012712,182928978292750,1280038,0,oai-rfsim-netns-veth-bpftime
0,1,224,182928980069644,182928980408252,338608,0,oai-rfsim-netns-veth-bpftime
0,1,224,182928983098453,182928984661753,1563300,0,oai-rfsim-netns-veth-bpftime
0,1,224,182928986166416,182928986819311,652895,0,oai-rfsim-netns-veth-bpftime
0,1,224,182928989002772,182928989322729,319957,0,oai-rfsim-netns-veth-bpftime
0,1,224,182928991977148,182928993635760,1658612,0,oai-rfsim-netns-veth-bpftime
0,1,224,182928995018647,182928995888125,869478,0,oai-rfsim-netns-veth-bpftime
0,1,224,182928997956945,182928998234198,277253,0,oai-rfsim-netns-veth-bpftime
0,1,224,182929000910569,182929002864905,1954336,0,oai-rfsim-netns-veth-bpftime
0,1,224,182929004024870,182929004940520,915650,0,oai-rfsim-netns-veth-bpftime
0,1,224,182929007496281,182929009225686,1729405,0,oai-rfsim-netns-veth-bpftime
0,1,224,182929010367701,182929011371395,1003694,0,oai-rfsim-netns-veth-bpftime
0,1,224,182929012968662,182929013523006,554344,0,oai-rfsim-netns-veth-bpftime
0,1,224,182929015809784,182929016129316,319532,0,oai-rfsim-netns-veth-bpftime
0,1,224,182929018647227,182929020550537,1903310,0,oai-rfsim-netns-veth-bpftime
0,1,224,182929022306721,182929022731354,424633,0,oai-rfsim-netns-veth-bpftime
0,1,224,182929026577105,182929027530877,953772,0,oai-rfsim-netns-veth-bpftime
0,1,224,182929029959298,182929030424480,465182,0,oai-rfsim-netns-veth-bpftime
0,1,224,182929034213232,182929034941881,728649,0,oai-rfsim-netns-veth-bpftime
0,1,224,182929037910337,182929039424192,1513855,0,oai-rfsim-netns-veth-bpftime
0,1,224,182929040530747,182929041648256,1117509,0,oai-rfsim-netns-veth-bpftime
0,1,224,182929043834216,182929043932175,97959,0,oai-rfsim-netns-veth-bpftime
0,1,224,182929046537627,182929046724467,186840,0,oai-rfsim-netns-veth-bpftime
0,1,224,182929049491903,182929051137743,1645840,0,oai-rfsim-netns-veth-bpftime
0,1,224,182929052808296,182929053286027,477731,0,oai-rfsim-netns-veth-bpftime
0,1,224,182929055607179,182929055811023,203844,0,oai-rfsim-netns-veth-bpftime
0,1,224,182929058594615,182929060015617,1421002,0,oai-rfsim-netns-veth-bpftime
0,1,224,182929061405564,182929062170994,765430,0,oai-rfsim-netns-veth-bpftime
0,1,224,182929064022793,182929064291757,268964,0,oai-rfsim-netns-veth-bpftime
0,1,224,182929067091267,182929068533367,1442100,0,oai-rfsim-netns-veth-bpftime
0,1,224,182929069990349,182929070603509,613160,0,oai-rfsim-netns-veth-bpftime
0,1,224,182929072604112,182929073314827,710715,0,oai-rfsim-netns-veth-bpftime
0,1,224,182929075433908,182929075620342,186434,0,oai-rfsim-netns-veth-bpftime
0,1,224,182929078391971,182929080178008,1786037,0,oai-rfsim-netns-veth-bpftime
0,1,224,182929081102918,182929082322360,1219442,0,oai-rfsim-netns-veth-bpftime
0,1,224,182929084401785,182929084615518,213733,0,oai-rfsim-netns-veth-bpftime
0,1,224,182929087320167,182929088910346,1590179,0,oai-rfsim-netns-veth-bpftime
0,1,224,182929090180885,182929091047095,866210,0,oai-rfsim-netns-veth-bpftime
0,1,224,182929092899255,182929093555264,656009,0,oai-rfsim-netns-veth-bpftime
0,1,224,182929095737358,182929096146330,408972,0,oai-rfsim-netns-veth-bpftime
0,1,224,182929099232039,182929100863629,1631590,0,oai-rfsim-netns-veth-bpftime
0,1,224,182929103174442,182929103541128,366686,0,oai-rfsim-netns-veth-bpftime
0,1,224,182929106459892,182929107983341,1523449,0,oai-rfsim-netns-veth-bpftime
0,1,224,182929109509659,182929110068146,558487,0,oai-rfsim-netns-veth-bpftime
0,1,224,182929112185571,182929112436801,251230,0,oai-rfsim-netns-veth-bpftime
0,1,224,182929115864778,182929116802779,938001,0,oai-rfsim-netns-veth-bpftime
0,1,224,182929119290979,182929121075620,1784641,0,oai-rfsim-netns-veth-bpftime
0,1,224,182929123125743,182929123281549,155806,0,oai-rfsim-netns-veth-bpftime
0,1,224,182929125682769,182929125957123,274354,0,oai-rfsim-netns-veth-bpftime
0,1,224,182929129741737,182929131245314,1503577,0,oai-rfsim-netns-veth-bpftime
0,1,224,182929132633911,182929133510397,876486,0,oai-rfsim-netns-veth-bpftime
0,1,224,182929135404395,182929135592476,188081,0,oai-rfsim-netns-veth-bpftime
0,1,224,182929138241808,182929139992220,1750412,0,oai-rfsim-netns-veth-bpftime
0,1,224,182929141508060,182929142102953,594893,0,oai-rfsim-netns-veth-bpftime
0,1,224,182929144349463,182929144607366,257903,0,oai-rfsim-netns-veth-bpftime
0,1,224,182929148615573,182929149547461,931888,0,oai-rfsim-netns-veth-bpftime
0,1,224,182929152067672,182929154186074,2118402,0,oai-rfsim-netns-veth-bpftime
0,1,224,182929155841872,182929156284395,442523,0,oai-rfsim-netns-veth-bpftime
0,1,224,182929159019954,182929160726500,1706546,0,oai-rfsim-netns-veth-bpftime
0,1,224,182929162834803,182929163061215,226412,0,oai-rfsim-netns-veth-bpftime
0,1,224,182929165675230,182929167246330,1571100,0,oai-rfsim-netns-veth-bpftime
0,1,224,182929168769557,182929169421772,652215,0,oai-rfsim-netns-veth-bpftime
0,1,224,182929171535512,182929171752658,217146,0,oai-rfsim-netns-veth-bpftime
0,1,224,182929174216080,182929176176430,1960350,0,oai-rfsim-netns-veth-bpftime
0,1,224,182929176795560,182929178387685,1592125,0,oai-rfsim-netns-veth-bpftime
0,1,224,182929179502228,182929180500116,997888,0,oai-rfsim-netns-veth-bpftime
0,1,224,182929182412957,182929182734656,321699,0,oai-rfsim-netns-veth-bpftime
0,1,224,182929185532357,182929187082541,1550184,0,oai-rfsim-netns-veth-bpftime
0,1,224,182929188282446,182929189208903,926457,0,oai-rfsim-netns-veth-bpftime
0,1,224,182929191362483,182929191695392,332909,0,oai-rfsim-netns-veth-bpftime
0,1,224,182929194428511,182929195948745,1520234,0,oai-rfsim-netns-veth-bpftime
0,1,224,182929197484687,182929198126452,641765,0,oai-rfsim-netns-veth-bpftime
0,1,224,182929200589228,182929202456528,1867300,0,oai-rfsim-netns-veth-bpftime
0,1,224,182929203693004,182929204818576,1125572,0,oai-rfsim-netns-veth-bpftime
0,1,224,182929207041259,182929207215317,174058,0,oai-rfsim-netns-veth-bpftime
0,1,224,182929209854854,182929211514085,1659231,0,oai-rfsim-netns-veth-bpftime
0,1,224,182929212718448,182929213595343,876895,0,oai-rfsim-netns-veth-bpftime
0,1,224,182929215704534,182929216178062,473528,0,oai-rfsim-netns-veth-bpftime
0,1,224,182929218502323,182929220822952,2320629,0,oai-rfsim-netns-veth-bpftime
0,1,224,182929221661034,182929222953970,1292936,0,oai-rfsim-netns-veth-bpftime
0,1,224,182929225167173,182929225523593,356420,0,oai-rfsim-netns-veth-bpftime
0,1,224,182929228340689,182929229899210,1558521,0,oai-rfsim-netns-veth-bpftime
0,1,224,182929231353920,182929232108591,754671,0,oai-rfsim-netns-veth-bpftime
0,1,224,182929234345586,182929236657831,2312245,0,oai-rfsim-netns-veth-bpftime
0,1,224,182929237515799,182929238897577,1381778,0,oai-rfsim-netns-veth-bpftime
0,1,224,182929240345562,182929241093578,748016,0,oai-rfsim-netns-veth-bpftime
0,1,224,182929243125729,182929243334830,209101,0,oai-rfsim-netns-veth-bpftime
0,1,224,182929246194289,182929247817197,1622908,0,oai-rfsim-netns-veth-bpftime
0,1,224,182929249394767,182929250046139,651372,0,oai-rfsim-netns-veth-bpftime
0,1,224,182929252936305,182929254361398,1425093,0,oai-rfsim-netns-veth-bpftime
0,1,224,182929257869400,182929258963707,1094307,0,oai-rfsim-netns-veth-bpftime
0,1,224,182929261524881,182929263284322,1759441,0,oai-rfsim-netns-veth-bpftime
0,1,224,182929264716264,182929265444712,728448,0,oai-rfsim-netns-veth-bpftime
0,1,224,182929267602981,182929270008787,2405806,0,oai-rfsim-netns-veth-bpftime
0,1,224,182929271088232,182929272262995,1174763,0,oai-rfsim-netns-veth-bpftime
0,1,224,182929273768898,182929274871076,1102178,0,oai-rfsim-netns-veth-bpftime
0,1,224,182929276441166,182929277775118,1333952,0,oai-rfsim-netns-veth-bpftime
0,1,224,182929279259335,182929280167586,908251,0,oai-rfsim-netns-veth-bpftime
0,1,224,182929282527607,182929282744949,217342,0,oai-rfsim-netns-veth-bpftime
0,1,224,182929285318372,182929285924991,606619,0,oai-rfsim-netns-veth-bpftime
0,1,224,182929288382375,182929289239176,856801,0,oai-rfsim-netns-veth-bpftime
0,1,224,182929291166298,182929291574926,408628,0,oai-rfsim-netns-veth-bpftime
0,1,224,182929294030851,182929294557726,526875,0,oai-rfsim-netns-veth-bpftime
0,1,224,182929296750287,182929297594912,844625,0,oai-rfsim-netns-veth-bpftime
0,1,224,182929299589310,182929300349576,760266,0,oai-rfsim-netns-veth-bpftime
0,1,224,182929302156081,182929303088350,932269,0,oai-rfsim-netns-veth-bpftime
0,1,224,182929304744412,182929305701072,956660,0,oai-rfsim-netns-veth-bpftime
0,1,224,182929307271173,182929308185537,914364,0,oai-rfsim-netns-veth-bpftime
0,1,224,182929309906094,182929310426273,520179,0,oai-rfsim-netns-veth-bpftime
0,1,224,182929312589328,182929313009681,420353,0,oai-rfsim-netns-veth-bpftime
0,1,224,182929315059724,182929316897298,1837574,0,oai-rfsim-netns-veth-bpftime
0,1,224,182929319363654,182929320221926,858272,0,oai-rfsim-netns-veth-bpftime
0,1,224,182929321778902,182929322540585,761683,0,oai-rfsim-netns-veth-bpftime
0,1,224,182929324208692,182929325185232,976540,0,oai-rfsim-netns-veth-bpftime
0,1,224,182929326854542,182929327412494,557952,0,oai-rfsim-netns-veth-bpftime
0,1,224,182929329459522,182929330034829,575307,0,oai-rfsim-netns-veth-bpftime
0,1,224,182929331847946,182929332971143,1123197,0,oai-rfsim-netns-veth-bpftime
0,1,224,182929334683411,182929336149452,1466041,0,oai-rfsim-netns-veth-bpftime
0,1,224,182929337023491,182929338547776,1524285,0,oai-rfsim-netns-veth-bpftime
0,1,224,182929341129379,182929341730620,601241,0,oai-rfsim-netns-veth-bpftime
0,1,224,182929343966372,182929344981554,1015182,0,oai-rfsim-netns-veth-bpftime
0,1,224,182929346498811,182929347359516,860705,0,oai-rfsim-netns-veth-bpftime
0,1,224,182929349296167,182929349973723,677556,0,oai-rfsim-netns-veth-bpftime
0,1,224,182929351688655,182929352652230,963575,0,oai-rfsim-netns-veth-bpftime
0,1,224,182929354529170,182929355477813,948643,0,oai-rfsim-netns-veth-bpftime
0,1,224,182929357287781,182929357645032,357251,0,oai-rfsim-netns-veth-bpftime
0,1,224,182929359994440,182929361965497,1971057,0,oai-rfsim-netns-veth-bpftime
0,1,224,182929362709131,182929364246874,1537743,0,oai-rfsim-netns-veth-bpftime
0,1,224,182929365655402,182929367401996,1746594,0,oai-rfsim-netns-veth-bpftime
0,1,224,182929368292414,182929369740800,1448386,0,oai-rfsim-netns-veth-bpftime
0,1,224,182929371524595,182929371966704,442109,0,oai-rfsim-netns-veth-bpftime
0,1,224,182929375104043,182929375519689,415646,0,oai-rfsim-netns-veth-bpftime
0,1,224,182929379882398,182929382144618,2262220,0,oai-rfsim-netns-veth-bpftime
0,1,224,182929382729211,182929384732621,2003410,0,oai-rfsim-netns-veth-bpftime
0,1,224,182929388068722,182929388387152,318430,0,oai-rfsim-netns-veth-bpftime
0,1,224,182929390711761,182929391513513,801752,0,oai-rfsim-netns-veth-bpftime
0,1,224,182929393264741,182929394215306,950565,0,oai-rfsim-netns-veth-bpftime
0,1,224,182929398146298,182929399494427,1348129,0,oai-rfsim-netns-veth-bpftime
0,1,224,182929400862901,182929402595195,1732294,0,oai-rfsim-netns-veth-bpftime
0,1,224,182929404096409,182929406202492,2106083,0,oai-rfsim-netns-veth-bpftime
0,1,224,182929407216047,182929409523439,2307392,0,oai-rfsim-netns-veth-bpftime
0,1,224,182929413369510,182929414654604,1285094,0,oai-rfsim-netns-veth-bpftime
0,1,224,182929416507543,182929417231152,723609,0,oai-rfsim-netns-veth-bpftime
0,1,224,182929419855354,182929420789090,933736,0,oai-rfsim-netns-veth-bpftime
0,1,224,182929422792769,182929423168886,376117,0,oai-rfsim-netns-veth-bpftime
0,1,224,182929425377397,182929425955053,577656,0,oai-rfsim-netns-veth-bpftime
0,1,224,182929428023257,182929428649179,625922,0,oai-rfsim-netns-veth-bpftime
0,1,224,182929430396897,182929431002352,605455,0,oai-rfsim-netns-veth-bpftime
0,1,224,182929433173766,182929433623121,449355,0,oai-rfsim-netns-veth-bpftime
0,1,224,182929439811173,182929440856786,1045613,0,oai-rfsim-netns-veth-bpftime
0,1,224,182929442923967,182929443407042,483075,0,oai-rfsim-netns-veth-bpftime
0,1,224,182929445781285,182929447630901,1849616,0,oai-rfsim-netns-veth-bpftime
0,1,224,182929450651517,182929451578897,927380,0,oai-rfsim-netns-veth-bpftime
0,1,224,182929453172465,182929454009059,836594,0,oai-rfsim-netns-veth-bpftime
0,1,224,182929455720286,182929456710226,989940,0,oai-rfsim-netns-veth-bpftime
0,1,224,182929458281244,182929459601960,1320716,0,oai-rfsim-netns-veth-bpftime
0,1,224,182929460616093,182929463498457,2882364,0,oai-rfsim-netns-veth-bpftime
0,1,224,182929465081066,182929467355037,2273971,0,oai-rfsim-netns-veth-bpftime
0,1,224,182929468336161,182929473649762,5313601,0,oai-rfsim-netns-veth-bpftime
0,1,224,182929477374167,182929479461742,2087575,0,oai-rfsim-netns-veth-bpftime
0,1,224,182929480106820,182929483470682,3363862,0,oai-rfsim-netns-veth-bpftime
0,1,224,182929487139904,182929487887981,748077,0,oai-rfsim-netns-veth-bpftime
0,1,224,182929490009412,182929493523545,3514133,0,oai-rfsim-netns-veth-bpftime
0,1,224,182929495261022,182929496140718,879696,0,oai-rfsim-netns-veth-bpftime
0,1,224,182929499008487,182929499907554,899067,0,oai-rfsim-netns-veth-bpftime
0,1,224,182929503015348,182929504706770,1691422,0,oai-rfsim-netns-veth-bpftime
0,1,224,182929507186519,182929508073733,887214,0,oai-rfsim-netns-veth-bpftime
0,1,224,182929510601186,182929511793660,1192474,0,oai-rfsim-netns-veth-bpftime
0,1,224,182929513717619,182929514128454,410835,0,oai-rfsim-netns-veth-bpftime
0,1,224,182929517308639,182929518788569,1479930,0,oai-rfsim-netns-veth-bpftime
0,1,224,182929521232839,182929523072736,1839897,0,oai-rfsim-netns-veth-bpftime
0,1,224,182929524737706,182929525193410,455704,0,oai-rfsim-netns-veth-bpftime
0,1,224,182929528904610,182929529801855,897245,0,oai-rfsim-netns-veth-bpftime
0,1,224,182929533042420,182929534295043,1252623,0,oai-rfsim-netns-veth-bpftime
0,1,224,182929536986411,182929537273689,287278,0,oai-rfsim-netns-veth-bpftime
0,1,224,182929540992310,182929541546413,554103,0,oai-rfsim-netns-veth-bpftime
0,1,224,182929544488632,182929545924500,1435868,0,oai-rfsim-netns-veth-bpftime
0,1,224,182929549269342,182929550229170,959828,0,oai-rfsim-netns-veth-bpftime
0,1,224,182929554114098,182929555281566,1167468,0,oai-rfsim-netns-veth-bpftime
0,1,224,182929557654623,182929558450280,795657,0,oai-rfsim-netns-veth-bpftime
0,1,224,182929562149825,182929562857027,707202,0,oai-rfsim-netns-veth-bpftime
0,1,224,182929566156809,182929567798368,1641559,0,oai-rfsim-netns-veth-bpftime
0,1,224,182929570430897,182929572404312,1973415,0,oai-rfsim-netns-veth-bpftime
0,1,224,182929573846765,182929574734738,887973,0,oai-rfsim-netns-veth-bpftime
0,1,224,182929577873083,182929580710596,2837513,0,oai-rfsim-netns-veth-bpftime
0,1,224,182929581915723,182929583232746,1317023,0,oai-rfsim-netns-veth-bpftime
0,1,224,182929586166286,182929588620068,2453782,0,oai-rfsim-netns-veth-bpftime
0,1,224,182929590211452,182929590919721,708269,0,oai-rfsim-netns-veth-bpftime
0,1,224,182929594104282,182929597135019,3030737,0,oai-rfsim-netns-veth-bpftime
0,1,224,182929597590581,182929599248779,1658198,0,oai-rfsim-netns-veth-bpftime
0,1,224,182929601799454,182929604822402,3022948,0,oai-rfsim-netns-veth-bpftime
0,1,224,182929605694791,182929607156123,1461332,0,oai-rfsim-netns-veth-bpftime
0,1,224,182929609508434,182929609878121,369687,0,oai-rfsim-netns-veth-bpftime
0,1,224,182929614529688,182929617257206,2727518,0,oai-rfsim-netns-veth-bpftime
0,1,224,182929619444136,182929622181980,2737844,0,oai-rfsim-netns-veth-bpftime
0,1,224,182929623810814,182929624304283,493469,0,oai-rfsim-netns-veth-bpftime
0,1,224,182929627489875,182929628383725,893850,0,oai-rfsim-netns-veth-bpftime
0,1,224,182929631380111,182929632965221,1585110,0,oai-rfsim-netns-veth-bpftime
0,1,224,182929635222074,182929636748536,1526462,0,oai-rfsim-netns-veth-bpftime
0,1,224,182929638837081,182929639483706,646625,0,oai-rfsim-netns-veth-bpftime
0,1,224,182929642354297,182929643960156,1605859,0,oai-rfsim-netns-veth-bpftime
0,1,224,182929645900450,182929646906399,1005949,0,oai-rfsim-netns-veth-bpftime
0,1,224,182929649101780,182929649737704,635924,0,oai-rfsim-netns-veth-bpftime
0,1,224,182929652559226,182929654773751,2214525,0,oai-rfsim-netns-veth-bpftime
0,1,224,182929656103894,182929656864643,760749,0,oai-rfsim-netns-veth-bpftime
0,1,224,182929659567480,182929659797806,230326,0,oai-rfsim-netns-veth-bpftime
0,1,224,182929662994686,182929664525098,1530412,0,oai-rfsim-netns-veth-bpftime
0,1,224,182929666983240,182929667171886,188646,0,oai-rfsim-netns-veth-bpftime
0,1,224,182929670039734,182929670917784,878050,0,oai-rfsim-netns-veth-bpftime
0,1,224,182929673795069,182929675190339,1395270,0,oai-rfsim-netns-veth-bpftime
0,1,224,182929677711442,182929680245178,2533736,0,oai-rfsim-netns-veth-bpftime
0,1,224,182929681319299,182929683212453,1893154,0,oai-rfsim-netns-veth-bpftime
0,1,224,182929684866503,182929685346599,480096,0,oai-rfsim-netns-veth-bpftime
0,1,224,182929688293382,182929689903564,1610182,0,oai-rfsim-netns-veth-bpftime
0,1,224,182929692900162,182929694279172,1379010,0,oai-rfsim-netns-veth-bpftime
0,1,224,182929696452646,182929696777782,325136,0,oai-rfsim-netns-veth-bpftime
0,1,224,182929699520123,182929699863329,343206,0,oai-rfsim-netns-veth-bpftime
0,1,224,182929703031809,182929703184636,152827,0,oai-rfsim-netns-veth-bpftime
0,1,224,182929706230093,182929707681355,1451262,0,oai-rfsim-netns-veth-bpftime
0,1,224,182929710017905,182929710183628,165723,0,oai-rfsim-netns-veth-bpftime
0,1,224,182929713325405,182929715422269,2096864,0,oai-rfsim-netns-veth-bpftime
0,1,224,182929716283811,182929719159162,2875351,0,oai-rfsim-netns-veth-bpftime
0,1,224,182929719561221,182929722140367,2579146,0,oai-rfsim-netns-veth-bpftime
0,1,224,182929723229511,182929724849494,1619983,0,oai-rfsim-netns-veth-bpftime
0,1,224,182929726195313,182929727233229,1037916,0,oai-rfsim-netns-veth-bpftime
0,1,224,182929729222414,182929729778707,556293,0,oai-rfsim-netns-veth-bpftime
0,1,224,182929735497334,182929735846092,348758,0,oai-rfsim-netns-veth-bpftime
0,1,224,182929739298453,182929740517391,1218938,0,oai-rfsim-netns-veth-bpftime
0,1,224,182929743209530,182929743626323,416793,0,oai-rfsim-netns-veth-bpftime
0,1,224,182929749746707,182929750059864,313157,0,oai-rfsim-netns-veth-bpftime
0,1,224,182929754402030,182929754657589,255559,0,oai-rfsim-netns-veth-bpftime
0,1,224,182929757678137,182929758854617,1176480,0,oai-rfsim-netns-veth-bpftime
0,1,224,182929760818801,182929760963335,144534,0,oai-rfsim-netns-veth-bpftime
0,1,224,182929763879923,182929767540379,3660456,0,oai-rfsim-netns-veth-bpftime
0,1,224,182929768139906,182929770993452,2853546,0,oai-rfsim-netns-veth-bpftime
0,1,224,182929771711377,182929773119043,1407666,0,oai-rfsim-netns-veth-bpftime
0,1,224,182929775490527,182929775720778,230251,0,oai-rfsim-netns-veth-bpftime
0,1,224,182929779696895,182929781331372,1634477,0,oai-rfsim-netns-veth-bpftime
0,1,224,182929784300781,182929785844578,1543797,0,oai-rfsim-netns-veth-bpftime
0,1,224,182929788551658,182929791963367,3411709,0,oai-rfsim-netns-veth-bpftime
0,1,224,182929793633646,182929794858357,1224711,0,oai-rfsim-netns-veth-bpftime
0,1,224,182929798097286,182929798577082,479796,0,oai-rfsim-netns-veth-bpftime
0,1,224,182929801803691,182929804163923,2360232,0,oai-rfsim-netns-veth-bpftime
0,1,224,182929805941073,182929807053034,1111961,0,oai-rfsim-netns-veth-bpftime
0,1,224,182929810403454,182929811596693,1193239,0,oai-rfsim-netns-veth-bpftime
0,1,224,182929815395009,182929817943586,2548577,0,oai-rfsim-netns-veth-bpftime
0,1,224,182929818937887,182929820167883,1229996,0,oai-rfsim-netns-veth-bpftime
0,1,224,182929824248263,182929825160796,912533,0,oai-rfsim-netns-veth-bpftime
0,1,224,182929828121624,182929829559095,1437471,0,oai-rfsim-netns-veth-bpftime
0,1,224,182929832540888,182929835754526,3213638,0,oai-rfsim-netns-veth-bpftime
0,1,224,182929837092149,182929838604843,1512694,0,oai-rfsim-netns-veth-bpftime
0,1,224,182929840628427,182929844896340,4267913,0,oai-rfsim-netns-veth-bpftime
0,1,224,182929846447342,182929850047093,3599751,0,oai-rfsim-netns-veth-bpftime
0,1,224,182929849200307,182929853276125,4075818,0,oai-rfsim-netns-veth-bpftime
0,1,224,182929854118491,182929855537480,1418989,0,oai-rfsim-netns-veth-bpftime
0,1,224,182929858474714,182929860173784,1699070,0,oai-rfsim-netns-veth-bpftime
0,1,224,182929863219707,182929865462459,2242752,0,oai-rfsim-netns-veth-bpftime
0,1,224,182929869054976,182929871263372,2208396,0,oai-rfsim-netns-veth-bpftime
0,1,224,182929872238984,182929873501232,1262248,0,oai-rfsim-netns-veth-bpftime
0,1,224,182929875737617,182929875878325,140708,0,oai-rfsim-netns-veth-bpftime
0,1,224,182929879026958,182929881954040,2927082,0,oai-rfsim-netns-veth-bpftime
0,1,224,182929882438664,182929885067835,2629171,0,oai-rfsim-netns-veth-bpftime
0,1,224,182929885353646,182929888543097,3189451,0,oai-rfsim-netns-veth-bpftime
0,1,224,182929888839300,182929890904162,2064862,0,oai-rfsim-netns-veth-bpftime
0,1,224,182929891841787,182929893077284,1235497,0,oai-rfsim-netns-veth-bpftime
0,1,224,182929895217666,182929898744471,3526805,0,oai-rfsim-netns-veth-bpftime
0,1,224,182929898120809,182929900883214,2762405,0,oai-rfsim-netns-veth-bpftime
0,1,224,182929901827807,182929904368710,2540903,0,oai-rfsim-netns-veth-bpftime
0,1,224,182929905018041,182929906748493,1730452,0,oai-rfsim-netns-veth-bpftime
0,1,224,182929909232488,182929911861533,2629045,0,oai-rfsim-netns-veth-bpftime
0,1,224,182929912764223,182929915320918,2556695,0,oai-rfsim-netns-veth-bpftime
0,1,224,182929915845067,182929918040724,2195657,0,oai-rfsim-netns-veth-bpftime
0,1,224,182929919755127,182929920231684,476557,0,oai-rfsim-netns-veth-bpftime
0,1,224,182929922811409,182929923580681,769272,0,oai-rfsim-netns-veth-bpftime
0,1,224,182929926155639,182929928442757,2287118,0,oai-rfsim-netns-veth-bpftime
0,1,224,182929930118403,182929930946355,827952,0,oai-rfsim-netns-veth-bpftime
0,1,224,182929933202156,182929933437939,235783,0,oai-rfsim-netns-veth-bpftime
0,1,224,182929936407111,182929937428077,1020966,0,oai-rfsim-netns-veth-bpftime
0,1,224,182929939923643,182929940441367,517724,0,oai-rfsim-netns-veth-bpftime
0,1,224,182929943032503,182929943199045,166542,0,oai-rfsim-netns-veth-bpftime
0,1,224,182929946719291,182929949912484,3193193,0,oai-rfsim-netns-veth-bpftime
0,1,224,182929949684862,182929952215141,2530279,0,oai-rfsim-netns-veth-bpftime
0,1,224,182929959029245,182929961147732,2118487,0,oai-rfsim-netns-veth-bpftime
0,1,224,182929963837720,182929964159616,321896,0,oai-rfsim-netns-veth-bpftime
0,1,224,182929967150816,182929967346323,195507,0,oai-rfsim-netns-veth-bpftime
0,1,224,182929971618220,182929972476034,857814,0,oai-rfsim-netns-veth-bpftime
0,1,224,182929976425839,182929977534742,1108903,0,oai-rfsim-netns-veth-bpftime
0,1,224,182929980837937,182929982389726,1551789,0,oai-rfsim-netns-veth-bpftime
0,1,224,182929985000632,182929985166211,165579,0,oai-rfsim-netns-veth-bpftime
0,1,224,182929988571248,182929989431786,860538,0,oai-rfsim-netns-veth-bpftime
0,1,224,182929992290351,182929994732861,2442510,0,oai-rfsim-netns-veth-bpftime
0,1,224,182929995662981,182929997934479,2271498,0,oai-rfsim-netns-veth-bpftime
0,1,224,182929999190706,182930001219058,2028352,0,oai-rfsim-netns-veth-bpftime
0,1,224,182930002570185,182930003492135,921950,0,oai-rfsim-netns-veth-bpftime
0,1,224,182930006503189,182930007757592,1254403,0,oai-rfsim-netns-veth-bpftime
0,1,224,182930009938542,182930010824297,885755,0,oai-rfsim-netns-veth-bpftime
0,1,224,182930013464077,182930013866332,402255,0,oai-rfsim-netns-veth-bpftime
0,1,224,182930016632028,182930019429770,2797742,0,oai-rfsim-netns-veth-bpftime
0,1,224,182930020078206,182930021982987,1904781,0,oai-rfsim-netns-veth-bpftime
0,1,224,182930023171862,182930024196100,1024238,0,oai-rfsim-netns-veth-bpftime
0,1,224,182930026383151,182930026924513,541362,0,oai-rfsim-netns-veth-bpftime
0,1,224,182930029284870,182930029752349,467479,0,oai-rfsim-netns-veth-bpftime
0,1,224,182930033044229,182930035359222,2314993,0,oai-rfsim-netns-veth-bpftime
0,1,224,182930038649160,182930038915701,266541,0,oai-rfsim-netns-veth-bpftime
0,1,224,182930041484298,182930042016768,532470,0,oai-rfsim-netns-veth-bpftime
0,1,224,182930044282387,182930044943114,660727,0,oai-rfsim-netns-veth-bpftime
0,1,224,182930047661256,182930048463342,802086,0,oai-rfsim-netns-veth-bpftime
0,1,224,182930051255023,182930051750970,495947,0,oai-rfsim-netns-veth-bpftime
0,1,224,182930057692704,182930059663741,1971037,0,oai-rfsim-netns-veth-bpftime
0,1,224,182930060367466,182930062779534,2412068,0,oai-rfsim-netns-veth-bpftime
0,1,224,182930064020907,182930064985237,964330,0,oai-rfsim-netns-veth-bpftime
0,1,224,182930068642100,182930070783343,2141243,0,oai-rfsim-netns-veth-bpftime
0,1,224,182930071962750,182930073000489,1037739,0,oai-rfsim-netns-veth-bpftime
0,1,224,182930076329684,182930077586045,1256361,0,oai-rfsim-netns-veth-bpftime
0,1,224,182930080465255,182930081356441,891186,0,oai-rfsim-netns-veth-bpftime
0,1,224,182930086113746,182930087265457,1151711,0,oai-rfsim-netns-veth-bpftime
0,1,224,182930092495978,182930093228051,732073,0,oai-rfsim-netns-veth-bpftime
0,1,224,182930096979266,182930097500977,521711,0,oai-rfsim-netns-veth-bpftime
0,1,224,182930100333991,182930100654755,320764,0,oai-rfsim-netns-veth-bpftime
0,1,224,182930104080457,182930105659422,1578965,0,oai-rfsim-netns-veth-bpftime
0,1,224,182930109226706,182930110408136,1181430,0,oai-rfsim-netns-veth-bpftime
0,1,224,182930113228816,182930114280081,1051265,0,oai-rfsim-netns-veth-bpftime
0,1,224,182930116796447,182930117455492,659045,0,oai-rfsim-netns-veth-bpftime
0,1,224,182930120546046,182930121173309,627263,0,oai-rfsim-netns-veth-bpftime
0,1,224,182930124625809,182930125693763,1067954,0,oai-rfsim-netns-veth-bpftime
0,1,224,182930128035475,182930128636107,600632,0,oai-rfsim-netns-veth-bpftime
0,1,224,182930131793103,182930132733325,940222,0,oai-rfsim-netns-veth-bpftime
0,1,224,182930135423247,182930137510882,2087635,0,oai-rfsim-netns-veth-bpftime
0,1,224,182930138773927,182930141229214,2455287,0,oai-rfsim-netns-veth-bpftime
0,1,224,182930142178809,182930145110399,2931590,0,oai-rfsim-netns-veth-bpftime
0,1,224,182930147416557,182930150400189,2983632,0,oai-rfsim-netns-veth-bpftime
0,1,224,182930151140509,182930152531571,1391062,0,oai-rfsim-netns-veth-bpftime
0,1,224,182930154838731,182930155056099,217368,0,oai-rfsim-netns-veth-bpftime
0,1,224,182930160041542,182930162214673,2173131,0,oai-rfsim-netns-veth-bpftime
0,1,224,182930163476391,182930166288350,2811959,0,oai-rfsim-netns-veth-bpftime
0,1,224,182930166845980,182930170741912,3895932,0,oai-rfsim-netns-veth-bpftime
0,1,224,182930170631061,182930173730631,3099570,0,oai-rfsim-netns-veth-bpftime
0,1,224,182930174342975,182930177580794,3237819,0,oai-rfsim-netns-veth-bpftime
0,1,224,182930177745259,182930180352526,2607267,0,oai-rfsim-netns-veth-bpftime
0,1,224,182930181622183,182930182634733,1012550,0,oai-rfsim-netns-veth-bpftime
0,1,224,182930185984430,182930188208137,2223707,0,oai-rfsim-netns-veth-bpftime
0,1,224,182930189623352,182930190382423,759071,0,oai-rfsim-netns-veth-bpftime
0,1,224,182930193488633,182930193905221,416588,0,oai-rfsim-netns-veth-bpftime
0,1,224,182930197435304,182930198746452,1311148,0,oai-rfsim-netns-veth-bpftime
0,1,224,182930202546294,182930203763606,1217312,0,oai-rfsim-netns-veth-bpftime
0,1,224,182930207324623,182930208348170,1023547,0,oai-rfsim-netns-veth-bpftime
0,1,224,182930212160152,182930212799600,639448,0,oai-rfsim-netns-veth-bpftime
0,1,224,182930216685210,182930217469549,784339,0,oai-rfsim-netns-veth-bpftime
0,1,224,182930220361226,182930223409553,3048327,0,oai-rfsim-netns-veth-bpftime
0,1,224,182930223738865,182930226997417,3258552,0,oai-rfsim-netns-veth-bpftime
0,1,224,182930227420810,182930229282441,1861631,0,oai-rfsim-netns-veth-bpftime
0,1,224,182930230967872,182930231934572,966700,0,oai-rfsim-netns-veth-bpftime
0,1,224,182930234555163,182930236473434,1918271,0,oai-rfsim-netns-veth-bpftime
0,1,224,182930238464925,182930238725858,260933,0,oai-rfsim-netns-veth-bpftime
0,1,224,182930241973222,182930244965280,2992058,0,oai-rfsim-netns-veth-bpftime
0,1,224,182930246799362,182930247613344,813982,0,oai-rfsim-netns-veth-bpftime
0,1,224,182930250212827,182930250700233,487406,0,oai-rfsim-netns-veth-bpftime
0,1,224,182930254047204,182930255396160,1348956,0,oai-rfsim-netns-veth-bpftime
0,1,224,182930259133693,182930259590445,456752,0,oai-rfsim-netns-veth-bpftime
0,1,224,182930263527566,182930266040993,2513427,0,oai-rfsim-netns-veth-bpftime
0,1,224,182930267113590,182930268553450,1439860,0,oai-rfsim-netns-veth-bpftime
0,1,224,182930270852490,182930271347098,494608,0,oai-rfsim-netns-veth-bpftime
0,1,224,182930274417056,182930276935869,2518813,0,oai-rfsim-netns-veth-bpftime
0,1,224,182930278679988,182930279137408,457420,0,oai-rfsim-netns-veth-bpftime
0,1,224,182930282082831,182930283506140,1423309,0,oai-rfsim-netns-veth-bpftime
0,1,224,182930285323419,182930285844160,520741,0,oai-rfsim-netns-veth-bpftime
0,1,224,182930289422508,182930290479632,1057124,0,oai-rfsim-netns-veth-bpftime
0,1,224,182930292490587,182930296243681,3753094,0,oai-rfsim-netns-veth-bpftime
0,1,224,182930295644911,182930298797728,3152817,0,oai-rfsim-netns-veth-bpftime
0,1,224,182930299392240,182930301539748,2147508,0,oai-rfsim-netns-veth-bpftime
0,1,224,182930302983206,182930304152648,1169442,0,oai-rfsim-netns-veth-bpftime
0,1,224,182930306852740,182930309605560,2752820,0,oai-rfsim-netns-veth-bpftime
0,1,224,182930310242666,182930313809493,3566827,0,oai-rfsim-netns-veth-bpftime
0,1,224,182930316746768,182930317138326,391558,0,oai-rfsim-netns-veth-bpftime
0,1,224,182930320306812,182930322848545,2541733,0,oai-rfsim-netns-veth-bpftime
0,1,224,182930324753427,182930328118347,3364920,0,oai-rfsim-netns-veth-bpftime
0,1,224,182930328587642,182930331364091,2776449,0,oai-rfsim-netns-veth-bpftime
0,1,224,182930332496849,182930333870788,1373939,0,oai-rfsim-netns-veth-bpftime
0,1,224,182930337330452,182930340268682,2938230,0,oai-rfsim-netns-veth-bpftime
0,1,224,182930340710738,182930343617667,2906929,0,oai-rfsim-netns-veth-bpftime
0,1,224,182930348370398,182930348724764,354366,0,oai-rfsim-netns-veth-bpftime
0,1,224,182930351953714,182930354339636,2385922,0,oai-rfsim-netns-veth-bpftime
0,1,224,182930355270162,182930356485549,1215387,0,oai-rfsim-netns-veth-bpftime
0,1,224,182930359604396,182930361520937,1916541,0,oai-rfsim-netns-veth-bpftime
0,1,224,182930363247031,182930366412846,3165815,0,oai-rfsim-netns-veth-bpftime
0,1,224,182930368658582,182930369599453,940871,0,oai-rfsim-netns-veth-bpftime
0,1,224,182930371901543,182930372432427,530884,0,oai-rfsim-netns-veth-bpftime
0,1,224,182930374942622,182930375445587,502965,0,oai-rfsim-netns-veth-bpftime
0,1,224,182930378062283,182930378418333,356050,0,oai-rfsim-netns-veth-bpftime
0,1,224,182930385460952,182930386047060,586108,0,oai-rfsim-netns-veth-bpftime
0,1,224,182930389356900,182930389776888,419988,0,oai-rfsim-netns-veth-bpftime
0,1,224,182930394130564,182930397762880,3632316,0,oai-rfsim-netns-veth-bpftime
0,1,224,182930399406006,182930401250798,1844792,0,oai-rfsim-netns-veth-bpftime
0,1,224,182930403668389,182930403992914,324525,0,oai-rfsim-netns-veth-bpftime
0,1,224,182930408913023,182930409705621,792598,0,oai-rfsim-netns-veth-bpftime
0,1,224,182930414436903,182930414559130,122227,0,oai-rfsim-netns-veth-bpftime
0,1,224,182930419262477,182930419539092,276615,0,oai-rfsim-netns-veth-bpftime
0,1,224,182930424792688,182930425642324,849636,0,oai-rfsim-netns-veth-bpftime
0,1,224,182930429987885,182930430760506,772621,0,oai-rfsim-netns-veth-bpftime
0,1,224,182930435810972,182930436078784,267812,0,oai-rfsim-netns-veth-bpftime
0,1,224,182930442239879,182930447103335,4863456,0,oai-rfsim-netns-veth-bpftime
0,1,224,182930449279945,182930449692589,412644,0,oai-rfsim-netns-veth-bpftime
0,1,224,182930453923025,182930455144685,1221660,0,oai-rfsim-netns-veth-bpftime
0,1,224,182930457815107,182930459830414,2015307,0,oai-rfsim-netns-veth-bpftime
0,1,224,182930463060876,182930464341238,1280362,0,oai-rfsim-netns-veth-bpftime
0,1,224,182930468321094,182930472258071,3936977,0,oai-rfsim-netns-veth-bpftime
0,1,224,182930476974295,182930477899995,925700,0,oai-rfsim-netns-veth-bpftime
0,1,224,182930481112568,182930482778247,1665679,0,oai-rfsim-netns-veth-bpftime
0,1,224,182930484719999,182930486415846,1695847,0,oai-rfsim-netns-veth-bpftime
0,1,224,182930489781847,182930490949740,1167893,0,oai-rfsim-netns-veth-bpftime
0,1,224,182930493438507,182930497258249,3819742,0,oai-rfsim-netns-veth-bpftime
0,1,224,182930497625434,182930499983164,2357730,0,oai-rfsim-netns-veth-bpftime
0,1,224,182930501252051,182930502557555,1305504,0,oai-rfsim-netns-veth-bpftime
0,1,224,182930504985089,182930505356440,371351,0,oai-rfsim-netns-veth-bpftime
0,1,224,182930509793124,182930510229019,435895,0,oai-rfsim-netns-veth-bpftime
0,1,224,182930516953234,182930522377222,5423988,0,oai-rfsim-netns-veth-bpftime
0,1,224,182930523478372,182930524559451,1081079,0,oai-rfsim-netns-veth-bpftime
0,1,224,182930533551367,182930534388527,837160,0,oai-rfsim-netns-veth-bpftime
0,1,224,182930537166585,182930540877913,3711328,0,oai-rfsim-netns-veth-bpftime
0,1,224,182930541081194,182930543036652,1955458,0,oai-rfsim-netns-veth-bpftime
0,1,224,182930545651409,182930546076591,425182,0,oai-rfsim-netns-veth-bpftime
0,1,224,182930549766607,182930550122584,355977,0,oai-rfsim-netns-veth-bpftime
0,1,224,182930553632605,182930555424428,1791823,0,oai-rfsim-netns-veth-bpftime
0,1,224,182930558281596,182930563460502,5178906,0,oai-rfsim-netns-veth-bpftime
0,1,224,182930566929855,182930567321371,391516,0,oai-rfsim-netns-veth-bpftime
0,1,224,182930572054123,182930572901237,847114,0,oai-rfsim-netns-veth-bpftime
0,1,224,182930575175318,182930575980613,805295,0,oai-rfsim-netns-veth-bpftime
0,1,224,182930578820903,182930579442594,621691,0,oai-rfsim-netns-veth-bpftime
0,1,224,182930582441474,182930584921066,2479592,0,oai-rfsim-netns-veth-bpftime
0,1,224,182930587575490,182930588873800,1298310,0,oai-rfsim-netns-veth-bpftime
0,1,224,182930592293942,182930597166184,4872242,0,oai-rfsim-netns-veth-bpftime
0,1,224,182930596325747,182930599968926,3643179,0,oai-rfsim-netns-veth-bpftime
0,1,224,182930600276256,182930603606366,3330110,0,oai-rfsim-netns-veth-bpftime
0,1,224,182930604432251,182930606116560,1684309,0,oai-rfsim-netns-veth-bpftime
0,1,224,182930608556257,182930608663843,107586,0,oai-rfsim-netns-veth-bpftime
0,1,224,182930611555132,182930613524599,1969467,0,oai-rfsim-netns-veth-bpftime
0,1,224,182930614668586,182930615587544,918958,0,oai-rfsim-netns-veth-bpftime
0,1,224,182930617517961,182930618052269,534308,0,oai-rfsim-netns-veth-bpftime
0,1,224,182930624415533,182930625465249,1049716,0,oai-rfsim-netns-veth-bpftime
0,1,224,182930629828333,182930630843863,1015530,0,oai-rfsim-netns-veth-bpftime
0,1,224,182930634628610,182930635424282,795672,0,oai-rfsim-netns-veth-bpftime
0,1,224,182930638503937,182930640708148,2204211,0,oai-rfsim-netns-veth-bpftime
0,1,224,182930644527196,182930646232121,1704925,0,oai-rfsim-netns-veth-bpftime
0,1,224,182930653933099,182930654460146,527047,0,oai-rfsim-netns-veth-bpftime
0,1,224,182930657248314,182930660899020,3650706,0,oai-rfsim-netns-veth-bpftime
0,1,224,182930664328017,182930664887020,559003,0,oai-rfsim-netns-veth-bpftime
0,1,224,182930668112265,182930668585883,473618,0,oai-rfsim-netns-veth-bpftime
0,1,224,182930671758894,182930673300593,1541699,0,oai-rfsim-netns-veth-bpftime
0,1,224,182930676792310,182930678101212,1308902,0,oai-rfsim-netns-veth-bpftime
0,1,224,182930680470679,182930680975838,505159,0,oai-rfsim-netns-veth-bpftime
0,1,224,182930685201762,182930686710344,1508582,0,oai-rfsim-netns-veth-bpftime
0,1,224,182930690042187,182930691649942,1607755,0,oai-rfsim-netns-veth-bpftime
0,1,224,182930693926405,182930694771794,845389,0,oai-rfsim-netns-veth-bpftime
0,1,224,182930697501966,182930698112744,610778,0,oai-rfsim-netns-veth-bpftime
0,1,224,182930700779923,182930701017208,237285,0,oai-rfsim-netns-veth-bpftime
0,1,224,182930705733302,182930708959736,3226434,0,oai-rfsim-netns-veth-bpftime
0,1,224,182930713468666,182930714447307,978641,0,oai-rfsim-netns-veth-bpftime
0,1,224,182930720591000,182930723560710,2969710,0,oai-rfsim-netns-veth-bpftime
0,1,224,182930725018428,182930726751492,1733064,0,oai-rfsim-netns-veth-bpftime
0,1,224,182930730032878,182930732305793,2272915,0,oai-rfsim-netns-veth-bpftime
0,1,224,182930734169545,182930734685005,515460,0,oai-rfsim-netns-veth-bpftime
0,1,224,182930738506642,182930739455472,948830,0,oai-rfsim-netns-veth-bpftime
0,1,224,182930742200594,182930743765471,1564877,0,oai-rfsim-netns-veth-bpftime
0,1,224,182930746577845,182930746768520,190675,0,oai-rfsim-netns-veth-bpftime
0,1,224,182930750569673,182930751758819,1189146,0,oai-rfsim-netns-veth-bpftime
0,1,224,182930754584616,182930755391702,807086,0,oai-rfsim-netns-veth-bpftime
0,1,224,182930754618257,182930758587297,3969040,0,oai-rfsim-netns-veth-bpftime
0,1,224,182930762225118,182930765412382,3187264,0,oai-rfsim-netns-veth-bpftime
0,1,224,182930769993119,182930770800109,806990,0,oai-rfsim-netns-veth-bpftime
0,1,224,182930774834576,182930777448659,2614083,0,oai-rfsim-netns-veth-bpftime
0,1,224,182930778508423,182930782848991,4340568,0,oai-rfsim-netns-veth-bpftime
0,1,224,182930786063586,182930787471477,1407891,0,oai-rfsim-netns-veth-bpftime
0,1,224,182930789460591,182930791645206,2184615,0,oai-rfsim-netns-veth-bpftime
0,1,224,182930792420536,182930794429587,2009051,0,oai-rfsim-netns-veth-bpftime
0,1,224,182930795592813,182930796644102,1051289,0,oai-rfsim-netns-veth-bpftime
0,1,224,182930798619921,182930799844330,1224409,0,oai-rfsim-netns-veth-bpftime
0,1,224,182930803017794,182930805380407,2362613,0,oai-rfsim-netns-veth-bpftime
0,1,224,182930809973376,182930811423432,1450056,0,oai-rfsim-netns-veth-bpftime
0,1,224,182930813831713,182930814854799,1023086,0,oai-rfsim-netns-veth-bpftime
0,1,224,182930822259751,182930824796860,2537109,0,oai-rfsim-netns-veth-bpftime
0,1,224,182930825875376,182930827938940,2063564,0,oai-rfsim-netns-veth-bpftime
0,1,224,182930829820038,182930830963722,1143684,0,oai-rfsim-netns-veth-bpftime
0,1,224,182930835006147,182930838917474,3911327,0,oai-rfsim-netns-veth-bpftime
0,1,224,182930842358758,182930842604894,246136,0,oai-rfsim-netns-veth-bpftime
0,1,224,182930844838802,182930847886330,3047528,0,oai-rfsim-netns-veth-bpftime
0,1,224,182930853141451,182930853817810,676359,0,oai-rfsim-netns-veth-bpftime
0,1,224,182930857809597,182930858087077,277480,0,oai-rfsim-netns-veth-bpftime
0,1,224,182930861495250,182930863970789,2475539,0,oai-rfsim-netns-veth-bpftime
0,1,224,182930864551313,182930867218840,2667527,0,oai-rfsim-netns-veth-bpftime
0,1,224,182930867652462,182930869443406,1790944,0,oai-rfsim-netns-veth-bpftime
0,1,224,182930870703149,182930871703974,1000825,0,oai-rfsim-netns-veth-bpftime
0,1,224,182930873545184,182930877046189,3501005,0,oai-rfsim-netns-veth-bpftime
0,1,224,182930876620024,182930880448199,3828175,0,oai-rfsim-netns-veth-bpftime
0,1,224,182930879763010,182930882677461,2914451,0,oai-rfsim-netns-veth-bpftime
0,1,224,182930883021262,182930885155860,2134598,0,oai-rfsim-netns-veth-bpftime
0,1,224,182930885613395,182930888512779,2899384,0,oai-rfsim-netns-veth-bpftime
0,1,224,182930891618247,182930892515141,896894,0,oai-rfsim-netns-veth-bpftime
0,1,224,182930894924711,182930895608203,683492,0,oai-rfsim-netns-veth-bpftime
0,1,224,182930899305352,182930900623079,1317727,0,oai-rfsim-netns-veth-bpftime
0,1,224,182930905436974,182930906401686,964712,0,oai-rfsim-netns-veth-bpftime
0,1,224,182930908572169,182930909080545,508376,0,oai-rfsim-netns-veth-bpftime
0,1,224,182930911338265,182930912935097,1596832,0,oai-rfsim-netns-veth-bpftime
0,1,224,182930914741660,182930915893127,1151467,0,oai-rfsim-netns-veth-bpftime
0,1,224,182930918046128,182930918941420,895292,0,oai-rfsim-netns-veth-bpftime
0,1,224,182930924219087,182930924871357,652270,0,oai-rfsim-netns-veth-bpftime
0,1,224,182930927244388,182930930358873,3114485,0,oai-rfsim-netns-veth-bpftime
0,1,224,182930934798864,182930935162947,364083,0,oai-rfsim-netns-veth-bpftime
0,1,224,182930938741631,182930941446050,2704419,0,oai-rfsim-netns-veth-bpftime
0,1,224,182930942517821,182930943780190,1262369,0,oai-rfsim-netns-veth-bpftime
0,1,224,182930945427073,182930946498126,1071053,0,oai-rfsim-netns-veth-bpftime
0,1,224,182930948357047,182930950348129,1991082,0,oai-rfsim-netns-veth-bpftime
0,1,224,182930951513034,182930952543406,1030372,0,oai-rfsim-netns-veth-bpftime
0,1,224,182930954679923,182930955591301,911378,0,oai-rfsim-netns-veth-bpftime
0,1,224,182930957775930,182930958727406,951476,0,oai-rfsim-netns-veth-bpftime
0,1,224,182930964315426,182930964505482,190056,0,oai-rfsim-netns-veth-bpftime
0,1,224,182930967281663,182930969072517,1790854,0,oai-rfsim-netns-veth-bpftime
0,1,224,182930970729366,182930971815187,1085821,0,oai-rfsim-netns-veth-bpftime
0,1,224,182930974337151,182930974800707,463556,0,oai-rfsim-netns-veth-bpftime
0,1,224,182930979967481,182930980458478,490997,0,oai-rfsim-netns-veth-bpftime
0,1,224,182930982969053,182930985067656,2098603,0,oai-rfsim-netns-veth-bpftime
0,1,224,182930985626005,182930988088997,2462992,0,oai-rfsim-netns-veth-bpftime
0,1,224,182930991154326,182930992196715,1042389,0,oai-rfsim-netns-veth-bpftime
0,1,224,182930993634902,182930994442723,807821,0,oai-rfsim-netns-veth-bpftime
0,1,224,182930996905898,182930997389978,484080,0,oai-rfsim-netns-veth-bpftime
0,1,224,182930999545286,182931000124698,579412,0,oai-rfsim-netns-veth-bpftime
0,1,224,182931002553619,182931004844932,2291313,0,oai-rfsim-netns-veth-bpftime
0,1,224,182931005478142,182931008359592,2881450,0,oai-rfsim-netns-veth-bpftime
0,1,224,182931010877687,182931011960918,1083231,0,oai-rfsim-netns-veth-bpftime
0,1,224,182931014083591,182931014918369,834778,0,oai-rfsim-netns-veth-bpftime
0,1,224,182931017223769,182931018363014,1139245,0,oai-rfsim-netns-veth-bpftime
0,1,224,182931020945938,182931022888022,1942084,0,oai-rfsim-netns-veth-bpftime
0,1,224,182931026571269,182931027460150,888881,0,oai-rfsim-netns-veth-bpftime
0,1,224,182931029234806,182931029778991,544185,0,oai-rfsim-netns-veth-bpftime
0,1,224,182931033008335,182931034186245,1177910,0,oai-rfsim-netns-veth-bpftime
0,1,224,182931036727148,182931037669296,942148,0,oai-rfsim-netns-veth-bpftime
0,1,224,182931042113786,182931042416402,302616,0,oai-rfsim-netns-veth-bpftime
0,1,224,182931045727741,182931046963942,1236201,0,oai-rfsim-netns-veth-bpftime
0,1,224,182931048639986,182931050813399,2173413,0,oai-rfsim-netns-veth-bpftime
0,1,224,182931053793725,182931054531177,737452,0,oai-rfsim-netns-veth-bpftime
0,1,224,182931056237614,182931056922615,685001,0,oai-rfsim-netns-veth-bpftime
0,1,224,182931059417401,182931060274680,857279,0,oai-rfsim-netns-veth-bpftime
0,1,224,182931062296828,182931062849380,552552,0,oai-rfsim-netns-veth-bpftime
0,1,224,182931065242235,182931065617780,375545,0,oai-rfsim-netns-veth-bpftime
0,1,224,182931068064818,182931068890934,826116,0,oai-rfsim-netns-veth-bpftime
0,1,224,182931070618753,182931071508707,889954,0,oai-rfsim-netns-veth-bpftime
0,1,224,182931073804757,182931073846511,41754,0,oai-rfsim-netns-veth-bpftime
0,1,224,182931076280697,182931078159417,1878720,0,oai-rfsim-netns-veth-bpftime
0,1,224,182931084445021,182931085288597,843576,0,oai-rfsim-netns-veth-bpftime
0,1,224,182931088090606,182931088606762,516156,0,oai-rfsim-netns-veth-bpftime
0,1,224,182931091088281,182931091873973,785692,0,oai-rfsim-netns-veth-bpftime
0,1,224,182931093911877,182931094564420,652543,0,oai-rfsim-netns-veth-bpftime
0,1,224,182931096749866,182931097154259,404393,0,oai-rfsim-netns-veth-bpftime
0,1,224,182931100326157,182931102595654,2269497,0,oai-rfsim-netns-veth-bpftime
0,1,224,182931103280402,182931105129132,1848730,0,oai-rfsim-netns-veth-bpftime
0,1,224,182931105881401,182931107244041,1362640,0,oai-rfsim-netns-veth-bpftime
0,1,224,182931109379494,182931109744355,364861,0,oai-rfsim-netns-veth-bpftime
0,1,224,182931111934661,182931112422063,487402,0,oai-rfsim-netns-veth-bpftime
0,1,224,182931115317128,182931116276963,959835,0,oai-rfsim-netns-veth-bpftime
0,1,224,182931118098536,182931118502060,403524,0,oai-rfsim-netns-veth-bpftime
0,1,224,182931120959763,182931121341009,381246,0,oai-rfsim-netns-veth-bpftime
0,1,224,182931124406501,182931126394197,1987696,0,oai-rfsim-netns-veth-bpftime
0,1,224,182931127559394,182931128831547,1272153,0,oai-rfsim-netns-veth-bpftime
0,1,224,182931130582913,182931131079105,496192,0,oai-rfsim-netns-veth-bpftime
0,1,224,182931133300148,182931133719572,419424,0,oai-rfsim-netns-veth-bpftime
0,1,224,182931136165486,182931137018702,853216,0,oai-rfsim-netns-veth-bpftime
0,1,224,182931139326501,182931139827567,501066,0,oai-rfsim-netns-veth-bpftime
0,1,224,182931145023664,182931145766853,743189,0,oai-rfsim-netns-veth-bpftime
0,1,224,182931147750649,182931148912623,1161974,0,oai-rfsim-netns-veth-bpftime
0,1,224,182931163230563,182931164089269,858706,0,oai-rfsim-netns-veth-bpftime
0,1,224,182931171193082,182931173771891,2578809,0,oai-rfsim-netns-veth-bpftime
0,1,224,182931176455695,182931176999235,543540,0,oai-rfsim-netns-veth-bpftime
0,1,224,182931179657277,182931181787327,2130050,0,oai-rfsim-netns-veth-bpftime
0,1,224,182931182905625,182931184029058,1123433,0,oai-rfsim-netns-veth-bpftime
0,1,224,182931186006119,182931187647537,1641418,0,oai-rfsim-netns-veth-bpftime
0,1,224,182931188479178,182931191359092,2879914,0,oai-rfsim-netns-veth-bpftime
0,1,224,182931195089335,182931195812390,723055,0,oai-rfsim-netns-veth-bpftime
0,1,224,182931197617893,182931200407742,2789849,0,oai-rfsim-netns-veth-bpftime
0,1,224,182931203054035,182931203397584,343549,0,oai-rfsim-netns-veth-bpftime
0,1,224,182931206219151,182931208985160,2766009,0,oai-rfsim-netns-veth-bpftime
0,1,224,182931209861451,182931211540630,1679179,0,oai-rfsim-netns-veth-bpftime
0,1,224,182931213383580,182931213956324,572744,0,oai-rfsim-netns-veth-bpftime
0,1,224,182931216178341,182931216933605,755264,0,oai-rfsim-netns-veth-bpftime
0,1,224,182931219222412,182931219502295,279883,0,oai-rfsim-netns-veth-bpftime
0,1,224,182931221898768,182931222261106,362338,0,oai-rfsim-netns-veth-bpftime
0,1,224,182931224628032,182931225006906,378874,0,oai-rfsim-netns-veth-bpftime
0,1,224,182931228523095,182931232538165,4015070,0,oai-rfsim-netns-veth-bpftime
0,1,224,182931234923333,182931235556394,633061,0,oai-rfsim-netns-veth-bpftime
0,1,224,182931237617113,182931237798971,181858,0,oai-rfsim-netns-veth-bpftime
0,1,224,182931242198227,182931245734957,3536730,0,oai-rfsim-netns-veth-bpftime
0,1,224,182931247627728,182931248375177,747449,0,oai-rfsim-netns-veth-bpftime
0,1,224,182931250142374,182931250861406,719032,0,oai-rfsim-netns-veth-bpftime
0,1,224,182931253087295,182931254651415,1564120,0,oai-rfsim-netns-veth-bpftime
0,1,224,182931255747480,182931257617267,1869787,0,oai-rfsim-netns-veth-bpftime
0,1,224,182931258226613,182931260847299,2620686,0,oai-rfsim-netns-veth-bpftime
0,1,224,182931261466812,182931264262791,2795979,0,oai-rfsim-netns-veth-bpftime
0,1,224,182931266801004,182931267603431,802427,0,oai-rfsim-netns-veth-bpftime
0,1,224,182931269198498,182931269927170,728672,0,oai-rfsim-netns-veth-bpftime
0,1,224,182931271937773,182931272728570,790797,0,oai-rfsim-netns-veth-bpftime
0,1,224,182931276020441,182931277203848,1183407,0,oai-rfsim-netns-veth-bpftime
0,1,224,182931278924260,182931279459011,534751,0,oai-rfsim-netns-veth-bpftime
0,1,224,182931282216281,182931282482714,266433,0,oai-rfsim-netns-veth-bpftime
0,1,224,182931286736800,182931287693391,956591,0,oai-rfsim-netns-veth-bpftime
0,1,224,182931290126429,182931290822383,695954,0,oai-rfsim-netns-veth-bpftime
0,1,224,182931292777732,182931293251455,473723,0,oai-rfsim-netns-veth-bpftime
0,1,224,182931296254412,182931298569676,2315264,0,oai-rfsim-netns-veth-bpftime
0,1,224,182931299419058,182931300892388,1473330,0,oai-rfsim-netns-veth-bpftime
0,1,224,182931302754787,182931303224591,469804,0,oai-rfsim-netns-veth-bpftime
0,1,224,182931305402022,182931306109914,707892,0,oai-rfsim-netns-veth-bpftime
0,1,224,182931310960819,182931311408711,447892,0,oai-rfsim-netns-veth-bpftime
0,1,224,182931313608718,182931314275971,667253,0,oai-rfsim-netns-veth-bpftime
0,1,224,182931316681072,182931317064019,382947,0,oai-rfsim-netns-veth-bpftime
0,1,224,182931319694205,182931322443843,2749638,0,oai-rfsim-netns-veth-bpftime
0,1,224,182931322944898,182931325109241,2164343,0,oai-rfsim-netns-veth-bpftime
0,1,224,182931325483504,182931327535403,2051899,0,oai-rfsim-netns-veth-bpftime
0,1,224,182931328746558,182931331326854,2580296,0,oai-rfsim-netns-veth-bpftime
0,1,224,182931333719912,182931333855639,135727,0,oai-rfsim-netns-veth-bpftime
0,1,224,182931336486340,182931339488948,3002608,0,oai-rfsim-netns-veth-bpftime
0,1,224,182931339751106,182931342339678,2588572,0,oai-rfsim-netns-veth-bpftime
0,1,224,182931342984514,182931344824627,1840113,0,oai-rfsim-netns-veth-bpftime
0,1,224,182931345695803,182931348222974,2527171,0,oai-rfsim-netns-veth-bpftime
0,1,224,182931348150580,182931350672150,2521570,0,oai-rfsim-netns-veth-bpftime
0,1,224,182931351371261,182931352938550,1567289,0,oai-rfsim-netns-veth-bpftime
0,1,224,182931354089606,182931355144798,1055192,0,oai-rfsim-netns-veth-bpftime
0,1,224,182931357601799,182931359987022,2385223,0,oai-rfsim-netns-veth-bpftime
0,1,224,182931361267129,182931364673283,3406154,0,oai-rfsim-netns-veth-bpftime
0,1,224,182931367839440,182931368138770,299330,0,oai-rfsim-netns-veth-bpftime
0,1,224,182931374994513,182931380761685,5767172,0,oai-rfsim-netns-veth-bpftime
0,1,224,182931388152793,182931391785937,3633144,0,oai-rfsim-netns-veth-bpftime
0,1,224,182931394267654,182931396642403,2374749,0,oai-rfsim-netns-veth-bpftime
0,1,224,182931397559579,182931400658197,3098618,0,oai-rfsim-netns-veth-bpftime
0,1,224,182931404835931,182931405585035,749104,0,oai-rfsim-netns-veth-bpftime
0,1,224,182931410840854,182931411367197,526343,0,oai-rfsim-netns-veth-bpftime
0,1,224,182931413551138,182931413742942,191804,0,oai-rfsim-netns-veth-bpftime
0,1,224,182931420024816,182931421540342,1515526,0,oai-rfsim-netns-veth-bpftime
0,1,224,182931423019612,182931425604682,2585070,0,oai-rfsim-netns-veth-bpftime
0,1,224,182931432485193,182931436063572,3578379,0,oai-rfsim-netns-veth-bpftime
0,1,224,182931435526835,182931438730256,3203421,0,oai-rfsim-netns-veth-bpftime
0,1,224,182931440240040,182931441144875,904835,0,oai-rfsim-netns-veth-bpftime
0,1,224,182931443750474,182931447855784,4105310,0,oai-rfsim-netns-veth-bpftime
0,1,224,182931450273668,182931450988245,714577,0,oai-rfsim-netns-veth-bpftime
0,1,224,182931453200690,182931453604785,404095,0,oai-rfsim-netns-veth-bpftime
0,1,224,182931455856756,182931457011953,1155197,0,oai-rfsim-netns-veth-bpftime
0,1,224,182931460851063,182931461657597,806534,0,oai-rfsim-netns-veth-bpftime
0,1,224,182931463383035,182931463990189,607154,0,oai-rfsim-netns-veth-bpftime
0,1,224,182931465902380,182931466683231,780851,0,oai-rfsim-netns-veth-bpftime
0,1,224,182931468592891,182931468995853,402962,0,oai-rfsim-netns-veth-bpftime
0,1,224,182931473014239,182931475507639,2493400,0,oai-rfsim-netns-veth-bpftime
0,1,224,182931476323890,182931478350909,2027019,0,oai-rfsim-netns-veth-bpftime
0,1,224,182931482889730,182931485192157,2302427,0,oai-rfsim-netns-veth-bpftime
0,1,224,182931486405653,182931487381383,975730,0,oai-rfsim-netns-veth-bpftime
0,1,224,182931490064989,182931492340104,2275115,0,oai-rfsim-netns-veth-bpftime
0,1,224,182931493249423,182931494493773,1244350,0,oai-rfsim-netns-veth-bpftime
0,1,224,182931496459097,182931497186589,727492,0,oai-rfsim-netns-veth-bpftime
0,1,224,182931499325638,182931499755422,429784,0,oai-rfsim-netns-veth-bpftime
0,1,224,182931502698878,182931504728669,2029791,0,oai-rfsim-netns-veth-bpftime
0,1,224,182931505298158,182931507981328,2683170,0,oai-rfsim-netns-veth-bpftime
0,1,224,182931511355623,182931512098420,742797,0,oai-rfsim-netns-veth-bpftime
0,1,224,182931514277379,182931514584911,307532,0,oai-rfsim-netns-veth-bpftime
0,1,224,182931518307698,182931519210004,902306,0,oai-rfsim-netns-veth-bpftime
0,1,224,182931521087835,182931521525649,437814,0,oai-rfsim-netns-veth-bpftime
0,1,224,182931526342582,182931527071976,729394,0,oai-rfsim-netns-veth-bpftime
0,1,224,182931529859458,182931530446559,587101,0,oai-rfsim-netns-veth-bpftime
0,1,224,182931532706980,182931533072654,365674,0,oai-rfsim-netns-veth-bpftime
0,1,224,182931536613767,182931538031121,1417354,0,oai-rfsim-netns-veth-bpftime
0,1,224,182931539825153,182931540542226,717073,0,oai-rfsim-netns-veth-bpftime
0,1,224,182931542357712,182931542878708,520996,0,oai-rfsim-netns-veth-bpftime
0,1,224,182931545148356,182931545938358,790002,0,oai-rfsim-netns-veth-bpftime
0,1,224,182931547760859,182931548199644,438785,0,oai-rfsim-netns-veth-bpftime
0,1,224,182931551035507,182931551361077,325570,0,oai-rfsim-netns-veth-bpftime
0,1,224,182931554412113,182931556490475,2078362,0,oai-rfsim-netns-veth-bpftime
0,1,224,182931557808465,182931559173665,1365200,0,oai-rfsim-netns-veth-bpftime
0,1,224,182931561289232,182931561569531,280299,0,oai-rfsim-netns-veth-bpftime
0,1,224,182931565438043,182931566754036,1315993,0,oai-rfsim-netns-veth-bpftime
0,1,224,182931568953322,182931569224984,271662,0,oai-rfsim-netns-veth-bpftime
0,1,224,182931571636566,182931572111030,474464,0,oai-rfsim-netns-veth-bpftime
0,1,224,182931574102794,182931574530281,427487,0,oai-rfsim-netns-veth-bpftime
0,1,224,182931576656813,182931577329282,672469,0,oai-rfsim-netns-veth-bpftime
0,1,224,182931579001060,182931579413310,412250,0,oai-rfsim-netns-veth-bpftime
0,1,224,182931582231677,182931582380843,149166,0,oai-rfsim-netns-veth-bpftime
0,1,224,182931585284025,182931586780654,1496629,0,oai-rfsim-netns-veth-bpftime
0,1,224,182931588688820,182931589452368,763548,0,oai-rfsim-netns-veth-bpftime
0,1,224,182931592115236,182931592235170,119934,0,oai-rfsim-netns-veth-bpftime
0,1,224,182931595008056,182931596777231,1769175,0,oai-rfsim-netns-veth-bpftime
0,1,224,182931598759517,182931600499056,1739539,0,oai-rfsim-netns-veth-bpftime
0,1,224,182931603607692,182931604555389,947697,0,oai-rfsim-netns-veth-bpftime
0,1,224,182931606060066,182931606845376,785310,0,oai-rfsim-netns-veth-bpftime
0,1,224,182931608557297,182931609290674,733377,0,oai-rfsim-netns-veth-bpftime
0,1,224,182931611196755,182931611634458,437703,0,oai-rfsim-netns-veth-bpftime
0,1,224,182931613854543,182931614405583,551040,0,oai-rfsim-netns-veth-bpftime
0,1,224,182931616287401,182931617001883,714482,0,oai-rfsim-netns-veth-bpftime
0,1,224,182931618914956,182931619647507,732551,0,oai-rfsim-netns-veth-bpftime
0,1,224,182931621377696,182931622445183,1067487,0,oai-rfsim-netns-veth-bpftime
0,1,224,182931626422786,182931626723129,300343,0,oai-rfsim-netns-veth-bpftime
0,1,224,182931629225776,182931630717409,1491633,0,oai-rfsim-netns-veth-bpftime
0,1,224,182931634156698,182931635167798,1011100,0,oai-rfsim-netns-veth-bpftime
0,1,224,182931636688638,182931637434575,745937,0,oai-rfsim-netns-veth-bpftime
0,1,224,182931639405546,182931640239401,833855,0,oai-rfsim-netns-veth-bpftime
0,1,224,182931641796246,182931642529341,733095,0,oai-rfsim-netns-veth-bpftime
0,1,224,182931645827169,182931648472254,2645085,0,oai-rfsim-netns-veth-bpftime
0,1,224,182931649213104,182931651741270,2528166,0,oai-rfsim-netns-veth-bpftime
0,1,224,182931655297084,182931656237654,940570,0,oai-rfsim-netns-veth-bpftime
0,1,224,182931658048873,182931658650411,601538,0,oai-rfsim-netns-veth-bpftime
0,1,224,182931661142087,182931661660141,518054,0,oai-rfsim-netns-veth-bpftime
0,1,224,182931664327051,182931665124189,797138,0,oai-rfsim-netns-veth-bpftime
0,1,224,182931667170444,182931667793487,623043,0,oai-rfsim-netns-veth-bpftime
0,1,224,182931670175825,182931670655601,479776,0,oai-rfsim-netns-veth-bpftime
0,1,224,182931673035503,182931673577845,542342,0,oai-rfsim-netns-veth-bpftime
0,1,224,182931675783927,182931676444701,660774,0,oai-rfsim-netns-veth-bpftime
0,1,224,182931678861079,182931679315513,454434,0,oai-rfsim-netns-veth-bpftime
0,1,224,182931681879058,182931682435217,556159,0,oai-rfsim-netns-veth-bpftime
0,1,224,182931684740056,182931685622236,882180,0,oai-rfsim-netns-veth-bpftime
0,1,224,182931687993444,182931688321384,327940,0,oai-rfsim-netns-veth-bpftime
0,1,224,182931693653057,182931693831653,178596,0,oai-rfsim-netns-veth-bpftime
0,1,224,182931696267255,182931696412817,145562,0,oai-rfsim-netns-veth-bpftime
0,1,224,182931699061120,182931699431383,370263,0,oai-rfsim-netns-veth-bpftime
0,1,224,182931701721215,182931702422594,701379,0,oai-rfsim-netns-veth-bpftime
0,1,224,182931704328456,182931704946739,618283,0,oai-rfsim-netns-veth-bpftime
0,1,224,182931706584623,182931707370125,785502,0,oai-rfsim-netns-veth-bpftime
0,1,224,182931709059373,182931710777519,1718146,0,oai-rfsim-netns-veth-bpftime
0,1,224,182931711483988,182931713470010,1986022,0,oai-rfsim-netns-veth-bpftime
0,1,224,182931716834040,182931717700470,866430,0,oai-rfsim-netns-veth-bpftime
0,1,224,182931719380253,182931720318879,938626,0,oai-rfsim-netns-veth-bpftime
0,1,224,182931721898963,182931722866559,967596,0,oai-rfsim-netns-veth-bpftime
0,1,224,182931724440229,182931725043794,603565,0,oai-rfsim-netns-veth-bpftime
0,1,224,182931726921307,182931727704772,783465,0,oai-rfsim-netns-veth-bpftime
0,1,224,182931729499809,182931729964243,464434,0,oai-rfsim-netns-veth-bpftime
0,1,224,182931732511381,182931733338685,827304,0,oai-rfsim-netns-veth-bpftime
0,1,224,182931735262117,182931735794422,532305,0,oai-rfsim-netns-veth-bpftime
0,1,224,182931738671862,182931740167710,1495848,0,oai-rfsim-netns-veth-bpftime
0,1,224,182931743670216,182931744676620,1006404,0,oai-rfsim-netns-veth-bpftime
0,1,224,182931747852205,182931748900349,1048144,0,oai-rfsim-netns-veth-bpftime
0,1,224,182931754625442,182931756037646,1412204,0,oai-rfsim-netns-veth-bpftime
0,1,224,182931758721664,182931760488008,1766344,0,oai-rfsim-netns-veth-bpftime
0,1,224,182931762669036,182931762937585,268549,0,oai-rfsim-netns-veth-bpftime
0,1,224,182931766157765,182931768361767,2204002,0,oai-rfsim-netns-veth-bpftime
0,1,224,182931772139109,182931772567257,428148,0,oai-rfsim-netns-veth-bpftime
0,1,224,182931775791011,182931777083606,1292595,0,oai-rfsim-netns-veth-bpftime
0,1,224,182931781677121,182931781813998,136877,0,oai-rfsim-netns-veth-bpftime
0,1,224,182931790541536,182931791240335,698799,0,oai-rfsim-netns-veth-bpftime
0,1,224,182931794856089,182931796495473,1639384,0,oai-rfsim-netns-veth-bpftime
0,1,224,182931800212359,182931801168197,955838,0,oai-rfsim-netns-veth-bpftime
0,1,224,182931803140176,182931803798579,658403,0,oai-rfsim-netns-veth-bpftime
0,1,224,182931807500897,182931809688747,2187850,0,oai-rfsim-netns-veth-bpftime
0,1,224,182931809930723,182931812461959,2531236,0,oai-rfsim-netns-veth-bpftime
0,1,224,182931813315768,182931814877731,1561963,0,oai-rfsim-netns-veth-bpftime
0,1,224,182931817000970,182931819629844,2628874,0,oai-rfsim-netns-veth-bpftime
0,1,224,182931820301945,182931821795036,1493091,0,oai-rfsim-netns-veth-bpftime
0,1,224,182931823478830,182931824466717,987887,0,oai-rfsim-netns-veth-bpftime
0,1,224,182931830263114,182931830593641,330527,0,oai-rfsim-netns-veth-bpftime
0,1,224,182931834721384,182931835639615,918231,0,oai-rfsim-netns-veth-bpftime
0,1,224,182931837985598,182931839058831,1073233,0,oai-rfsim-netns-veth-bpftime
0,1,224,182931841832548,182931843930094,2097546,0,oai-rfsim-netns-veth-bpftime
0,1,224,182931846444744,182931847533436,1088692,0,oai-rfsim-netns-veth-bpftime
0,1,224,182931850041299,182931853719260,3677961,0,oai-rfsim-netns-veth-bpftime
0,1,224,182931856425469,182931857082617,657148,0,oai-rfsim-netns-veth-bpftime
0,1,224,182931858969941,182931859492917,522976,0,oai-rfsim-netns-veth-bpftime
0,1,224,182931862673850,182931863056127,382277,0,oai-rfsim-netns-veth-bpftime
0,1,224,182931865249980,182931866129619,879639,0,oai-rfsim-netns-veth-bpftime
0,1,224,182931868319699,182931868969632,649933,0,oai-rfsim-netns-veth-bpftime
0,1,224,182931871159925,182931874949547,3789622,0,oai-rfsim-netns-veth-bpftime
0,1,224,182931877159118,182931877490938,331820,0,oai-rfsim-netns-veth-bpftime
0,1,224,182931880379462,182931881388521,1009059,0,oai-rfsim-netns-veth-bpftime
0,1,224,182931883494939,182931883874064,379125,0,oai-rfsim-netns-veth-bpftime
0,1,224,182931886178094,182931886588736,410642,0,oai-rfsim-netns-veth-bpftime
0,1,224,182931892309695,182931893116336,806641,0,oai-rfsim-netns-veth-bpftime
0,1,224,182931895549532,182931896695222,1145690,0,oai-rfsim-netns-veth-bpftime
0,1,224,182931898817875,182931903080005,4262130,0,oai-rfsim-netns-veth-bpftime
0,1,224,182931904735888,182931905484784,748896,0,oai-rfsim-netns-veth-bpftime
0,1,224,182931907044301,182931908095620,1051319,0,oai-rfsim-netns-veth-bpftime
0,1,224,182931909676634,182931910381602,704968,0,oai-rfsim-netns-veth-bpftime
0,1,224,182931917180091,182931917937291,757200,0,oai-rfsim-netns-veth-bpftime
0,1,224,182931919772357,182931920501578,729221,0,oai-rfsim-netns-veth-bpftime
0,1,224,182931922841091,182931923799296,958205,0,oai-rfsim-netns-veth-bpftime
0,1,224,182931925721143,182931926546553,825410,0,oai-rfsim-netns-veth-bpftime
0,1,224,182931929053329,182931930180947,1127618,0,oai-rfsim-netns-veth-bpftime
0,1,224,182931936157172,182931937155163,997991,0,oai-rfsim-netns-veth-bpftime
0,1,224,182931940120013,182931940533283,413270,0,oai-rfsim-netns-veth-bpftime
0,1,224,182931944150218,182931944691599,541381,0,oai-rfsim-netns-veth-bpftime
0,1,224,182931947118169,182931947511725,393556,0,oai-rfsim-netns-veth-bpftime
0,1,224,182931950069990,182931952162954,2092964,0,oai-rfsim-netns-veth-bpftime
0,1,224,182931954769253,182931955223134,453881,0,oai-rfsim-netns-veth-bpftime
0,1,224,182931957709669,182931958289005,579336,0,oai-rfsim-netns-veth-bpftime
0,1,224,182931960643469,182931961449194,805725,0,oai-rfsim-netns-veth-bpftime
0,1,224,182931963341062,182931963858210,517148,0,oai-rfsim-netns-veth-bpftime
0,1,224,182931966008785,182931966522984,514199,0,oai-rfsim-netns-veth-bpftime
0,1,224,182931968412721,182931969222378,809657,0,oai-rfsim-netns-veth-bpftime
0,1,224,182931970765025,182931971506285,741260,0,oai-rfsim-netns-veth-bpftime
0,1,224,182931973308216,182931973681494,373278,0,oai-rfsim-netns-veth-bpftime
0,1,224,182931976314436,182931976613024,298588,0,oai-rfsim-netns-veth-bpftime
0,1,224,182931979312998,182931981103152,1790154,0,oai-rfsim-netns-veth-bpftime
0,1,224,182931984734230,182931985198248,464018,0,oai-rfsim-netns-veth-bpftime
0,1,224,182931987654085,182931988042978,388893,0,oai-rfsim-netns-veth-bpftime
0,1,224,182931993314159,182931993768166,454007,0,oai-rfsim-netns-veth-bpftime
0,1,224,182931996740984,182931999058856,2317872,0,oai-rfsim-netns-veth-bpftime
0,1,224,182932000377198,182932001561418,1184220,0,oai-rfsim-netns-veth-bpftime
0,1,224,182932004247923,182932006426769,2178846,0,oai-rfsim-netns-veth-bpftime
0,1,224,182932007471496,182932009219938,1748442,0,oai-rfsim-netns-veth-bpftime
0,1,224,182932010454457,182932015062571,4608114,0,oai-rfsim-netns-veth-bpftime
0,1,224,182932018210028,182932018577329,367301,0,oai-rfsim-netns-veth-bpftime
0,1,224,182932020720549,182932022168089,1447540,0,oai-rfsim-netns-veth-bpftime
0,1,224,182932023177360,182932026569252,3391892,0,oai-rfsim-netns-veth-bpftime
0,1,224,182932028357548,182932028863198,505650,0,oai-rfsim-netns-veth-bpftime
0,1,224,182932033797309,182932034433517,636208,0,oai-rfsim-netns-veth-bpftime
0,1,224,182932038787684,182932040359821,1572137,0,oai-rfsim-netns-veth-bpftime
0,1,224,182932043605479,182932045366722,1761243,0,oai-rfsim-netns-veth-bpftime
0,1,224,182932046757683,182932047620542,862859,0,oai-rfsim-netns-veth-bpftime
0,1,224,182932049237239,182932050336869,1099630,0,oai-rfsim-netns-veth-bpftime
0,1,224,182932051918691,182932052818792,900101,0,oai-rfsim-netns-veth-bpftime
0,1,224,182932057575467,182932057643202,67735,0,oai-rfsim-netns-veth-bpftime
0,1,224,182932060360535,182932061325029,964494,0,oai-rfsim-netns-veth-bpftime
0,1,224,182932065539138,182932065841209,302071,0,oai-rfsim-netns-veth-bpftime
0,1,224,182932068638855,182932069179507,540652,0,oai-rfsim-netns-veth-bpftime
0,1,224,182932071406983,182932071615736,208753,0,oai-rfsim-netns-veth-bpftime
0,1,224,182932074043234,182932074910476,867242,0,oai-rfsim-netns-veth-bpftime
0,1,224,182932076964125,182932078220806,1256681,0,oai-rfsim-netns-veth-bpftime
0,1,224,182932079916410,182932080653172,736762,0,oai-rfsim-netns-veth-bpftime
0,1,224,182932082775075,182932083675066,899991,0,oai-rfsim-netns-veth-bpftime
0,1,224,182932085050004,182932087798813,2748809,0,oai-rfsim-netns-veth-bpftime
0,1,224,182932089660143,182932094054546,4394403,0,oai-rfsim-netns-veth-bpftime
0,1,224,182932096942667,182932099144222,2201555,0,oai-rfsim-netns-veth-bpftime
0,1,224,182932099819924,182932102925122,3105198,0,oai-rfsim-netns-veth-bpftime
0,1,224,182932105525005,182932105898979,373974,0,oai-rfsim-netns-veth-bpftime
0,1,224,182932108404737,182932109255010,850273,0,oai-rfsim-netns-veth-bpftime
0,1,224,182932111477858,182932111889877,412019,0,oai-rfsim-netns-veth-bpftime
0,1,224,182932114903369,182932115422823,519454,0,oai-rfsim-netns-veth-bpftime
0,1,224,182932118752551,182932122138709,3386158,0,oai-rfsim-netns-veth-bpftime
0,1,224,182932122741106,182932126312904,3571798,0,oai-rfsim-netns-veth-bpftime
0,1,224,182932128583265,182932129196902,613637,0,oai-rfsim-netns-veth-bpftime
0,1,224,182932131004272,182932132671158,1666886,0,oai-rfsim-netns-veth-bpftime
0,1,224,182932134313311,182932135278754,965443,0,oai-rfsim-netns-veth-bpftime
0,1,224,182932136915792,182932137585055,669263,0,oai-rfsim-netns-veth-bpftime
0,1,224,182932139470565,182932139872856,402291,0,oai-rfsim-netns-veth-bpftime
0,1,224,182932144317495,182932146688182,2370687,0,oai-rfsim-netns-veth-bpftime
0,1,224,182932146993176,182932150834326,3841150,0,oai-rfsim-netns-veth-bpftime
0,1,224,182932152761328,182932153714404,953076,0,oai-rfsim-netns-veth-bpftime
0,1,224,182932155412905,182932155875189,462284,0,oai-rfsim-netns-veth-bpftime
0,1,224,182932158359233,182932159027145,667912,0,oai-rfsim-netns-veth-bpftime
0,1,224,182932161129052,182932161975161,846109,0,oai-rfsim-netns-veth-bpftime
0,1,224,182932163718537,182932164471764,753227,0,oai-rfsim-netns-veth-bpftime
0,1,224,182932166321958,182932167310288,988330,0,oai-rfsim-netns-veth-bpftime
0,1,224,182932169711724,182932170014974,303250,0,oai-rfsim-netns-veth-bpftime
0,1,224,182932172984274,182932173768763,784489,0,oai-rfsim-netns-veth-bpftime
0,1,224,182932175272255,182932177024644,1752389,0,oai-rfsim-netns-veth-bpftime
0,1,224,182932177769265,182932179890469,2121204,0,oai-rfsim-netns-veth-bpftime
0,1,224,182932180498086,182932182929086,2431000,0,oai-rfsim-netns-veth-bpftime
0,1,224,182932186392814,182932187332819,940005,0,oai-rfsim-netns-veth-bpftime
0,1,224,182932189120809,182932189739064,618255,0,oai-rfsim-netns-veth-bpftime
0,1,224,182932195317092,182932196083663,766571,0,oai-rfsim-netns-veth-bpftime
0,1,224,182932198029905,182932200390598,2360693,0,oai-rfsim-netns-veth-bpftime
0,1,224,182932201018358,182932202821036,1802678,0,oai-rfsim-netns-veth-bpftime
0,1,224,182932204300474,182932204906071,605597,0,oai-rfsim-netns-veth-bpftime
0,1,224,182932206865582,182932207413818,548236,0,oai-rfsim-netns-veth-bpftime
0,1,224,182932209450713,182932210247302,796589,0,oai-rfsim-netns-veth-bpftime
0,1,224,182932211989614,182932212583285,593671,0,oai-rfsim-netns-veth-bpftime
0,1,224,182932214625201,182932215022716,397515,0,oai-rfsim-netns-veth-bpftime
0,1,224,182932216977988,182932217521342,543354,0,oai-rfsim-netns-veth-bpftime
0,1,224,182932219514035,182932220340147,826112,0,oai-rfsim-netns-veth-bpftime
0,1,224,182932222162734,182932222889396,726662,0,oai-rfsim-netns-veth-bpftime
0,1,224,182932227120874,182932229283566,2162692,0,oai-rfsim-netns-veth-bpftime
0,1,224,182932232134692,182932232817992,683300,0,oai-rfsim-netns-veth-bpftime
0,1,224,182932234554198,182932235265051,710853,0,oai-rfsim-netns-veth-bpftime
0,1,224,182932236979233,182932237748235,769002,0,oai-rfsim-netns-veth-bpftime
0,1,224,182932239528447,182932241572248,2043801,0,oai-rfsim-netns-veth-bpftime
0,1,224,182932244755506,182932245629463,873957,0,oai-rfsim-netns-veth-bpftime
0,1,224,182932247318878,182932249134090,1815212,0,oai-rfsim-netns-veth-bpftime
0,1,224,182932250289773,182932252389848,2100075,0,oai-rfsim-netns-veth-bpftime
0,1,224,182932255827175,182932256842209,1015034,0,oai-rfsim-netns-veth-bpftime
0,1,224,182932258829710,182932259796093,966383,0,oai-rfsim-netns-veth-bpftime
0,1,224,182932261676102,182932262572965,896863,0,oai-rfsim-netns-veth-bpftime
0,1,224,182932264643058,182932265502075,859017,0,oai-rfsim-netns-veth-bpftime
0,1,224,182932270231672,182932270660424,428752,0,oai-rfsim-netns-veth-bpftime
0,1,224,182932272561519,182932273395909,834390,0,oai-rfsim-netns-veth-bpftime
0,1,224,182932275223741,182932275931298,707557,0,oai-rfsim-netns-veth-bpftime
0,1,224,182932277486959,182932278194481,707522,0,oai-rfsim-netns-veth-bpftime
0,1,224,182932279806217,182932282983498,3177281,0,oai-rfsim-netns-veth-bpftime
0,1,224,182932284776696,182932285272255,495559,0,oai-rfsim-netns-veth-bpftime
0,1,224,182932287181054,182932287957646,776592,0,oai-rfsim-netns-veth-bpftime
0,1,224,182932291810953,182932292764973,954020,0,oai-rfsim-netns-veth-bpftime
0,1,224,182932294139262,182932294917184,777922,0,oai-rfsim-netns-veth-bpftime
0,1,224,182932296536734,182932297252301,715567,0,oai-rfsim-netns-veth-bpftime
0,1,224,182932299017530,182932299864571,847041,0,oai-rfsim-netns-veth-bpftime
0,1,224,182932301449190,182932303279829,1830639,0,oai-rfsim-netns-veth-bpftime
0,1,224,182932306601727,182932309599685,2997958,0,oai-rfsim-netns-veth-bpftime
0,1,224,182932312293284,182932312658912,365628,0,oai-rfsim-netns-veth-bpftime
0,1,224,182932315100712,182932318451627,3350915,0,oai-rfsim-netns-veth-bpftime
0,1,224,182932320854164,182932320952547,98383,0,oai-rfsim-netns-veth-bpftime
0,1,224,182932323807468,182932324675350,867882,0,oai-rfsim-netns-veth-bpftime
0,1,224,182932326703178,182932327287116,583938,0,oai-rfsim-netns-veth-bpftime
0,1,224,182932329487237,182932332434051,2946814,0,oai-rfsim-netns-veth-bpftime
0,1,224,182932335203275,182932335541165,337890,0,oai-rfsim-netns-veth-bpftime
0,1,224,182932337813211,182932338405039,591828,0,oai-rfsim-netns-veth-bpftime
0,1,224,182932340230647,182932340825204,594557,0,oai-rfsim-netns-veth-bpftime
0,1,224,182932342499776,182932343255511,755735,0,oai-rfsim-netns-veth-bpftime
0,1,224,182932344916497,182932346394447,1477950,0,oai-rfsim-netns-veth-bpftime
0,1,224,182932349563915,182932350210030,646115,0,oai-rfsim-netns-veth-bpftime
0,1,224,182932352040528,182932353030519,989991,0,oai-rfsim-netns-veth-bpftime
0,1,224,182932356409175,182932357784603,1375428,0,oai-rfsim-netns-veth-bpftime
0,1,224,182932360155454,182932365112289,4956835,0,oai-rfsim-netns-veth-bpftime
0,1,224,182932368187518,182932368613236,425718,0,oai-rfsim-netns-veth-bpftime
0,1,224,182932371171636,182932371831034,659398,0,oai-rfsim-netns-veth-bpftime
0,1,224,182932374269578,182932374424974,155396,0,oai-rfsim-netns-veth-bpftime
0,1,224,182932377514061,182932379561693,2047632,0,oai-rfsim-netns-veth-bpftime
0,1,224,182932380129734,182932382276136,2146402,0,oai-rfsim-netns-veth-bpftime
0,1,224,182932382641316,182932384968628,2327312,0,oai-rfsim-netns-veth-bpftime
0,1,224,182932385349655,182932390162805,4813150,0,oai-rfsim-netns-veth-bpftime
0,1,224,182932392834683,182932393389217,554534,0,oai-rfsim-netns-veth-bpftime
0,1,224,182932395260016,182932395810062,550046,0,oai-rfsim-netns-veth-bpftime
0,1,224,182932397982169,182932398699118,716949,0,oai-rfsim-netns-veth-bpftime
0,1,224,182932400333902,182932400912262,578360,0,oai-rfsim-netns-veth-bpftime
0,1,224,182932402889271,182932403362988,473717,0,oai-rfsim-netns-veth-bpftime
0,1,224,182932405488618,182932405844540,355922,0,oai-rfsim-netns-veth-bpftime
0,1,224,182932407822433,182932408206423,383990,0,oai-rfsim-netns-veth-bpftime
0,1,224,182932410279240,182932411166501,887261,0,oai-rfsim-netns-veth-bpftime
0,1,224,182932412823462,182932413357535,534073,0,oai-rfsim-netns-veth-bpftime
0,1,224,182932415851116,182932416279257,428141,0,oai-rfsim-netns-veth-bpftime
0,1,224,182932418599523,182932419325292,725769,0,oai-rfsim-netns-veth-bpftime
0,1,224,182932420950610,182932421423736,473126,0,oai-rfsim-netns-veth-bpftime
0,1,224,182932423373670,182932423863814,490144,0,oai-rfsim-netns-veth-bpftime
0,1,224,182932426080262,182932426360619,280357,0,oai-rfsim-netns-veth-bpftime
0,1,224,182932428557941,182932429171809,613868,0,oai-rfsim-netns-veth-bpftime
0,1,224,182932431281930,182932432112554,830624,0,oai-rfsim-netns-veth-bpftime
0,1,224,182932433618423,182932434397362,778939,0,oai-rfsim-netns-veth-bpftime
0,1,224,182932436090970,182932436703268,612298,0,oai-rfsim-netns-veth-bpftime
0,1,224,182932438437478,182932439030344,592866,0,oai-rfsim-netns-veth-bpftime
0,1,224,182932441081858,182932441748934,667076,0,oai-rfsim-netns-veth-bpftime
0,1,224,182932443413470,182932444166024,752554,0,oai-rfsim-netns-veth-bpftime
0,1,224,182932445922129,182932447148472,1226343,0,oai-rfsim-netns-veth-bpftime
0,1,224,182932449190766,182932450053726,862960,0,oai-rfsim-netns-veth-bpftime
0,1,224,182932452165979,182932455079096,2913117,0,oai-rfsim-netns-veth-bpftime
0,1,224,182932457691633,182932458541524,849891,0,oai-rfsim-netns-veth-bpftime
0,1,224,182932460331088,182932463914024,3582936,0,oai-rfsim-netns-veth-bpftime
0,1,224,182932465839409,182932466217683,378274,0,oai-rfsim-netns-veth-bpftime
0,1,224,182932468293602,182932469020400,726798,0,oai-rfsim-netns-veth-bpftime
0,1,224,182932472859997,182932475861743,3001746,0,oai-rfsim-netns-veth-bpftime
0,1,224,182932477515049,182932478483947,968898,0,oai-rfsim-netns-veth-bpftime
0,1,224,182932480671850,182932481142539,470689,0,oai-rfsim-netns-veth-bpftime
0,1,224,182932483743710,182932484894425,1150715,0,oai-rfsim-netns-veth-bpftime
0,1,224,182932487518106,182932488750628,1232522,0,oai-rfsim-netns-veth-bpftime
0,1,224,182932490403615,182932492437465,2033850,0,oai-rfsim-netns-veth-bpftime
0,1,224,182932496399541,182932497438754,1039213,0,oai-rfsim-netns-veth-bpftime
0,1,224,182932498918693,182932499560580,641887,0,oai-rfsim-netns-veth-bpftime
0,1,224,182932501091788,182932502041631,949843,0,oai-rfsim-netns-veth-bpftime
0,1,224,182932505429939,182932507381188,1951249,0,oai-rfsim-netns-veth-bpftime
0,1,224,182932509043503,182932509701499,657996,0,oai-rfsim-netns-veth-bpftime
0,1,224,182932512049745,182932512853429,803684,0,oai-rfsim-netns-veth-bpftime
0,1,224,182932514890296,182932515170443,280147,0,oai-rfsim-netns-veth-bpftime
0,1,224,182932517750675,182932518680716,930041,0,oai-rfsim-netns-veth-bpftime
0,1,224,182932520395003,182932521031759,636756,0,oai-rfsim-netns-veth-bpftime
0,1,224,182932523220246,182932524761190,1540944,0,oai-rfsim-netns-veth-bpftime
0,1,224,182932526177121,182932527370250,1193129,0,oai-rfsim-netns-veth-bpftime
0,1,224,182932529311105,182932529699485,388380,0,oai-rfsim-netns-veth-bpftime
0,1,224,182932532172224,182932535435247,3263023,0,oai-rfsim-netns-veth-bpftime
0,1,224,182932537611228,182932538295047,683819,0,oai-rfsim-netns-veth-bpftime
0,1,224,182932540101190,182932540488669,387479,0,oai-rfsim-netns-veth-bpftime
0,1,224,182932542594563,182932542737193,142630,0,oai-rfsim-netns-veth-bpftime
0,1,224,182932547666447,182932548211841,545394,0,oai-rfsim-netns-veth-bpftime
0,1,224,182932550993366,182932553900127,2906761,0,oai-rfsim-netns-veth-bpftime
0,1,224,182932553643953,182932556207549,2563596,0,oai-rfsim-netns-veth-bpftime
0,1,224,182932556779165,182932559289854,2510689,0,oai-rfsim-netns-veth-bpftime
0,1,224,182932559588515,182932562747450,3158935,0,oai-rfsim-netns-veth-bpftime
0,1,224,182932567538788,182932568597930,1059142,0,oai-rfsim-netns-veth-bpftime
0,1,224,182932576032996,182932578440591,2407595,0,oai-rfsim-netns-veth-bpftime
0,1,224,182932583845074,182932586654557,2809483,0,oai-rfsim-netns-veth-bpftime
0,1,224,182932588522958,182932591754305,3231347,0,oai-rfsim-netns-veth-bpftime
0,1,224,182932593406125,182932594158759,752634,0,oai-rfsim-netns-veth-bpftime
0,1,224,182932596028889,182932598297390,2268501,0,oai-rfsim-netns-veth-bpftime
0,1,224,182932599169627,182932601804221,2634594,0,oai-rfsim-netns-veth-bpftime
0,1,224,182932602195436,182932608612378,6416942,0,oai-rfsim-netns-veth-bpftime
0,1,224,182932611216292,182932614786831,3570539,0,oai-rfsim-netns-veth-bpftime
0,1,224,182932616548878,182932619597548,3048670,0,oai-rfsim-netns-veth-bpftime
0,1,224,182932621861552,182932622585416,723864,0,oai-rfsim-netns-veth-bpftime
0,1,224,182932624241434,182932625783297,1541863,0,oai-rfsim-netns-veth-bpftime
0,1,224,182932629189138,182932630075995,886857,0,oai-rfsim-netns-veth-bpftime
0,1,224,182932631672707,182932632617091,944384,0,oai-rfsim-netns-veth-bpftime
0,1,224,182932636859017,182932637735053,876036,0,oai-rfsim-netns-veth-bpftime
0,1,224,182932641596627,182932643025430,1428803,0,oai-rfsim-netns-veth-bpftime
0,1,224,182932646458446,182932646770707,312261,0,oai-rfsim-netns-veth-bpftime
0,1,224,182932651866350,182932655851859,3985509,0,oai-rfsim-netns-veth-bpftime
0,1,224,182932657704745,182932661043631,3338886,0,oai-rfsim-netns-veth-bpftime
0,1,224,182932666085867,182932666440812,354945,0,oai-rfsim-netns-veth-bpftime
0,1,224,182932668578826,182932669374888,796062,0,oai-rfsim-netns-veth-bpftime
0,1,224,182932674242202,182932676517502,2275300,0,oai-rfsim-netns-veth-bpftime
0,1,224,182932676942249,182932680854011,3911762,0,oai-rfsim-netns-veth-bpftime
0,1,224,182932682886471,182932683588042,701571,0,oai-rfsim-netns-veth-bpftime
0,1,224,182932685410221,182932685743780,333559,0,oai-rfsim-netns-veth-bpftime
0,1,224,182932687728920,182932688534897,805977,0,oai-rfsim-netns-veth-bpftime
0,1,224,182932690179352,182932692214921,2035569,0,oai-rfsim-netns-veth-bpftime
1,1,224,182934699229443,182934808671439,109441996,72000292,oai-rfsim-netns-veth-bpftime
1,1,224,182934810524850,182934857846422,47321572,42436108,oai-rfsim-netns-veth-bpftime
1,1,224,182934860257185,182934916123115,55865930,53736847,oai-rfsim-netns-veth-bpftime
1,1,224,182934916721873,182935005553292,88831419,84946551,oai-rfsim-netns-veth-bpftime
1,1,224,182935007587892,182935072630680,65042788,59962562,oai-rfsim-netns-veth-bpftime
1,1,224,182935073819572,182935243031257,169211685,164943271,oai-rfsim-netns-veth-bpftime
1,1,224,182935243794862,182935299538805,55743943,46343743,oai-rfsim-netns-veth-bpftime
1,1,224,182935301772719,182935375482311,73709592,71118214,oai-rfsim-netns-veth-bpftime
1,1,224,182935377534553,182935504879507,127344954,109293075,oai-rfsim-netns-veth-bpftime
1,1,224,182935503985911,182935625493709,121507798,114260943,oai-rfsim-netns-veth-bpftime
1,1,224,182935629258264,182935650199202,20940938,19561057,oai-rfsim-netns-veth-bpftime
1,1,224,182935652045707,182935723534350,71488643,67911863,oai-rfsim-netns-veth-bpftime
1,1,224,182935725606507,182935777824876,52218369,35128620,oai-rfsim-netns-veth-bpftime
1,1,224,182935778981899,182935847147657,68165758,57820630,oai-rfsim-netns-veth-bpftime
1,1,224,182935849693206,182935897969214,48276008,43308619,oai-rfsim-netns-veth-bpftime
1,1,224,182935900461935,182935933649844,33187909,31708717,oai-rfsim-netns-veth-bpftime
1,1,224,182935935076971,182936009774719,74697748,68293450,oai-rfsim-netns-veth-bpftime
1,1,224,182936011582010,182936141294618,129712608,126637676,oai-rfsim-netns-veth-bpftime
1,1,224,182936142310323,182936197225845,54915522,47908706,oai-rfsim-netns-veth-bpftime
1,1,224,182936199074028,182936244299612,45225584,43467760,oai-rfsim-netns-veth-bpftime
1,1,224,182936243399167,182936289780869,46381702,41619481,oai-rfsim-netns-veth-bpftime
1,1,224,182936291353861,182936354811747,63457886,59828488,oai-rfsim-netns-veth-bpftime
1,1,224,182936357109876,182936472650734,115540858,109964369,oai-rfsim-netns-veth-bpftime
1,1,224,182936475152758,182936532626055,57473297,56367088,oai-rfsim-netns-veth-bpftime
1,1,224,182936532776633,182936630266164,97489531,92376542,oai-rfsim-netns-veth-bpftime
1,1,224,182936632816788,182936703215838,70399050,66352196,oai-rfsim-netns-veth-bpftime
1,1,224,182936705878281,182936857670509,151792228,146448197,oai-rfsim-netns-veth-bpftime
1,1,224,182936859491106,182936975403788,115912682,103387836,oai-rfsim-netns-veth-bpftime
1,1,224,182936977458702,182937030618763,53160061,49176816,oai-rfsim-netns-veth-bpftime
1,1,224,182937031854065,182937167919830,136065765,124265637,oai-rfsim-netns-veth-bpftime
1,1,224,182937167867313,182937244102310,76234997,67399947,oai-rfsim-netns-veth-bpftime
1,1,224,182937245250026,182937372951957,127701931,115207756,oai-rfsim-netns-veth-bpftime
1,1,224,182937373839263,182937470827036,96987773,79088721,oai-rfsim-netns-veth-bpftime
1,1,224,182937478448002,182937622399697,143951695,119528905,oai-rfsim-netns-veth-bpftime
1,1,224,182937624280936,182937723640564,99359628,89637086,oai-rfsim-netns-veth-bpftime
1,1,224,182937724132757,182937816585826,92453069,83249237,oai-rfsim-netns-veth-bpftime
1,1,224,182937818807849,182937914287269,95479420,82818579,oai-rfsim-netns-veth-bpftime
1,1,224,182937917481499,182938013751790,96270291,88530708,oai-rfsim-netns-veth-bpftime
1,1,224,182938015294462,182938122605372,107310910,100340384,oai-rfsim-netns-veth-bpftime
1,1,224,182938123391896,182938242600765,119208869,113799851,oai-rfsim-netns-veth-bpftime
1,1,224,182938244358377,182938313099928,68741551,60495348,oai-rfsim-netns-veth-bpftime
1,1,224,182938315090433,182938431455796,116365363,98637087,oai-rfsim-netns-veth-bpftime
1,1,224,182938432429097,182938520787621,88358524,79391616,oai-rfsim-netns-veth-bpftime
1,1,224,182938521315690,182938623611281,102295591,94489568,oai-rfsim-netns-veth-bpftime
1,1,224,182938625152423,182938693134700,67982277,63749001,oai-rfsim-netns-veth-bpftime
1,1,224,182938694816693,182938789289877,94473184,87045548,oai-rfsim-netns-veth-bpftime
1,1,224,182938789756131,182938859008704,69252573,65340365,oai-rfsim-netns-veth-bpftime
1,1,224,182938860629601,182938973952430,113322829,104969378,oai-rfsim-netns-veth-bpftime
1,1,224,182938976039654,182939068345864,92306210,88298818,oai-rfsim-netns-veth-bpftime
1,1,224,182939070041916,182939169390889,99348973,93253909,oai-rfsim-netns-veth-bpftime
1,1,224,182939170531752,182939226310629,55778877,49093909,oai-rfsim-netns-veth-bpftime
1,1,224,182939228231081,182939321670916,93439835,89440863,oai-rfsim-netns-veth-bpftime
1,1,224,182939322553410,182939382858742,60305332,56270756,oai-rfsim-netns-veth-bpftime
1,1,224,182939384140902,182939459780580,75639678,67646665,oai-rfsim-netns-veth-bpftime
1,1,224,182939460426884,182939610147811,149720927,139965836,oai-rfsim-netns-veth-bpftime
1,1,224,182939611823597,182939680824188,69000591,57992411,oai-rfsim-netns-veth-bpftime
1,1,224,182939682703492,182939789751394,107047902,102769966,oai-rfsim-netns-veth-bpftime
1,1,224,182939792137497,182939871570040,79432543,76541623,oai-rfsim-netns-veth-bpftime
1,1,224,182939873390583,182939931990142,58599559,56184833,oai-rfsim-netns-veth-bpftime
1,1,224,182939932708699,182940050092662,117383963,110213585,oai-rfsim-netns-veth-bpftime
1,1,224,182940054278534,182940139050311,84771777,72681928,oai-rfsim-netns-veth-bpftime
1,1,224,182940141240441,182940175686752,34446311,31183320,oai-rfsim-netns-veth-bpftime
1,1,224,182940177932179,182940251426779,73494600,68299041,oai-rfsim-netns-veth-bpftime
1,1,224,182940253667826,182940383959618,130291792,118213948,oai-rfsim-netns-veth-bpftime
1,1,224,182940385887147,182940472464815,86577668,74934358,oai-rfsim-netns-veth-bpftime
1,1,224,182940473358265,182940578070668,104712403,94925539,oai-rfsim-netns-veth-bpftime
1,1,224,182940579651733,182940691266682,111614949,102232732,oai-rfsim-netns-veth-bpftime
1,1,224,182940694147231,182940777741143,83593912,72432766,oai-rfsim-netns-veth-bpftime
1,1,224,182940780337696,182940849842414,69504718,64573286,oai-rfsim-netns-veth-bpftime
1,1,224,182940851887322,182940900208156,48320834,46116706,oai-rfsim-netns-veth-bpftime
1,1,224,182940902359810,182940985218591,82858781,78944157,oai-rfsim-netns-veth-bpftime
1,1,224,182940987528174,182941042294599,54766425,44812989,oai-rfsim-netns-veth-bpftime
1,1,224,182941041394175,182941230999933,189605758,184466344,oai-rfsim-netns-veth-bpftime
1,1,224,182941233323773,182941338248646,104924873,99018483,oai-rfsim-netns-veth-bpftime
1,1,224,182941336858138,182941424392186,87534048,78821153,oai-rfsim-netns-veth-bpftime
1,1,224,182941426554202,182941530580043,104025841,99467198,oai-rfsim-netns-veth-bpftime
1,1,224,182941532593800,182941582274752,49680952,46371954,oai-rfsim-netns-veth-bpftime
1,1,224,182941584092051,182941666809212,82717161,75046478,oai-rfsim-netns-veth-bpftime
1,1,224,182941668647842,182941732270818,63622976,58405697,oai-rfsim-netns-veth-bpftime
1,1,224,182941734324572,182941799957837,65633265,62331397,oai-rfsim-netns-veth-bpftime
1,1,224,182941800315611,182941858241760,57926149,49365501,oai-rfsim-netns-veth-bpftime
1,1,224,182941857739437,182941921804648,64065211,57694616,oai-rfsim-netns-veth-bpftime
1,1,224,182941923735150,182941963040371,39305221,36527740,oai-rfsim-netns-veth-bpftime
1,1,224,182941964926731,182942032529858,67603127,64286234,oai-rfsim-netns-veth-bpftime
1,1,224,182942034806970,182942121304571,86497601,73549214,oai-rfsim-netns-veth-bpftime
1,1,224,182942123086044,182942194194587,71108543,66690508,oai-rfsim-netns-veth-bpftime
1,1,224,182942194924388,182942274239936,79315548,75550282,oai-rfsim-netns-veth-bpftime
1,1,224,182942276118419,182942325982261,49863842,48343227,oai-rfsim-netns-veth-bpftime
1,1,224,182942325674979,182942373725404,48050425,42630625,oai-rfsim-netns-veth-bpftime
1,1,224,182942375350115,182942420567268,45217153,40637641,oai-rfsim-netns-veth-bpftime
1,1,224,182942422703684,182942485729005,63025321,54754195,oai-rfsim-netns-veth-bpftime
1,1,224,182942487537232,182942542571791,55034559,52139095,oai-rfsim-netns-veth-bpftime
1,1,224,182942541699694,182942585776335,44076641,36074097,oai-rfsim-netns-veth-bpftime
1,1,224,182942586345968,182942655522437,69176469,63161588,oai-rfsim-netns-veth-bpftime
1,1,224,182942657764531,182942780336221,122571690,115547645,oai-rfsim-netns-veth-bpftime
1,1,224,182942781751604,182942870233363,88481759,84179937,oai-rfsim-netns-veth-bpftime
1,1,224,182942871879308,182942963381873,91502565,82667671,oai-rfsim-netns-veth-bpftime
1,1,224,182942963847615,182943030308825,66461210,62382517,oai-rfsim-netns-veth-bpftime
1,1,224,182943030863339,182943168987922,138124583,129607506,oai-rfsim-netns-veth-bpftime
1,1,224,182943170646367,182943362330445,191684078,182904191,oai-rfsim-netns-veth-bpftime
1,1,224,182943365950844,182943528315706,162364862,147995037,oai-rfsim-netns-veth-bpftime
1,1,224,182943527909844,182943635844812,107934968,99617519,oai-rfsim-netns-veth-bpftime
1,1,224,182943636652931,182943822693842,186040911,173741020,oai-rfsim-netns-veth-bpftime
1,1,224,182943823178001,182943918947291,95769290,87041220,oai-rfsim-netns-veth-bpftime
1,1,224,182943920688377,182943980940054,60251677,55796964,oai-rfsim-netns-veth-bpftime
1,1,224,182943981745401,182944047989441,66244040,58794721,oai-rfsim-netns-veth-bpftime
1,1,224,182944049981442,182944184438500,134457058,129980066,oai-rfsim-netns-veth-bpftime
1,1,224,182944188103996,182944281170503,93066507,84952634,oai-rfsim-netns-veth-bpftime
1,1,224,182944284214361,182944340327514,56113153,52780384,oai-rfsim-netns-veth-bpftime
1,1,224,182944340244152,182944403430051,63185899,57721783,oai-rfsim-netns-veth-bpftime
1,1,224,182944403842850,182944504574109,100731259,93843106,oai-rfsim-netns-veth-bpftime
1,1,224,182944506705621,182944566615501,59909880,56750189,oai-rfsim-netns-veth-bpftime
1,1,224,182944568892125,182944748845216,179953091,175921205,oai-rfsim-netns-veth-bpftime
1,1,224,182944750769388,182944818650499,67881111,63863066,oai-rfsim-netns-veth-bpftime
1,1,224,182944821027237,182944930493802,109466565,105390191,oai-rfsim-netns-veth-bpftime
1,1,224,182944932563653,182944991778546,59214893,55342559,oai-rfsim-netns-veth-bpftime
1,1,224,182944993506125,182945079676775,86170650,79432492,oai-rfsim-netns-veth-bpftime
1,1,224,182945082547296,182945138827138,56279842,49336336,oai-rfsim-netns-veth-bpftime
1,1,224,182945141674677,182945228408677,86734000,83617513,oai-rfsim-netns-veth-bpftime
1,1,224,182945228998644,182945312166310,83167666,67232193,oai-rfsim-netns-veth-bpftime
1,1,224,182945311237615,182945369500827,58263212,49892117,oai-rfsim-netns-veth-bpftime
1,1,224,182945372226094,182945422891470,50665376,46469014,oai-rfsim-netns-veth-bpftime
1,1,224,182945421455215,182945528121911,106666696,97580793,oai-rfsim-netns-veth-bpftime
1,1,224,182945531017419,182945610208010,79190591,73810734,oai-rfsim-netns-veth-bpftime
1,1,224,182945610575716,182945684880529,74304813,65628495,oai-rfsim-netns-veth-bpftime
1,1,224,182945687186443,182945831807133,144620690,126075285,oai-rfsim-netns-veth-bpftime
1,1,224,182945832301163,182945924933378,92632215,85035739,oai-rfsim-netns-veth-bpftime
1,1,224,182945926220749,182946030405706,104184957,102139850,oai-rfsim-netns-veth-bpftime
1,1,224,182946029565942,182946147458980,117893038,109331390,oai-rfsim-netns-veth-bpftime
1,1,224,182946149384695,182946342376440,192991745,185141942,oai-rfsim-netns-veth-bpftime
1,1,224,182946344563229,182946514019709,169456480,156029674,oai-rfsim-netns-veth-bpftime
1,1,224,182946516284549,182946584928472,68643923,62777389,oai-rfsim-netns-veth-bpftime
1,1,224,182946587290226,182946679660457,92370231,84158303,oai-rfsim-netns-veth-bpftime
1,1,224,182946682034054,182946839505623,157471569,153174476,oai-rfsim-netns-veth-bpftime
1,1,224,182946843387855,182946919069788,75681933,71273710,oai-rfsim-netns-veth-bpftime
1,1,224,182946920212942,182946998021152,77808210,66339877,oai-rfsim-netns-veth-bpftime
1,1,224,182946997789123,182947094867962,97078839,90172374,oai-rfsim-netns-veth-bpftime
1,1,224,182947099166754,182947170442122,71275368,63408949,oai-rfsim-netns-veth-bpftime
1,1,224,182947172548908,182947269746776,97197868,85171033,oai-rfsim-netns-veth-bpftime
1,1,224,182947271741007,182947309410305,37669298,25849780,oai-rfsim-netns-veth-bpftime
1,1,224,182947308069549,182947399700105,91630556,79470279,oai-rfsim-netns-veth-bpftime
1,1,224,182947402061202,182947499564605,97503403,92889327,oai-rfsim-netns-veth-bpftime
1,1,224,182947501377421,182947574466449,73089028,64503737,oai-rfsim-netns-veth-bpftime
1,1,224,182947575370581,182947709428239,134057658,122570883,oai-rfsim-netns-veth-bpftime
1,1,224,182947713945430,182947889069194,175123764,160878840,oai-rfsim-netns-veth-bpftime
1,1,224,182947890699147,182947949877722,59178575,55367586,oai-rfsim-netns-veth-bpftime
1,1,224,182947952409817,182948046119621,93709804,87968758,oai-rfsim-netns-veth-bpftime
1,1,224,182948048370216,182948137177113,88806897,83708159,oai-rfsim-netns-veth-bpftime
1,1,224,182948139960136,182948274674068,134713932,125316155,oai-rfsim-netns-veth-bpftime
1,1,224,182948276324844,182948363938887,87614043,82820799,oai-rfsim-netns-veth-bpftime
1,1,224,182948367992038,182948428349072,60357034,56433933,oai-rfsim-netns-veth-bpftime
1,1,224,182948430387553,182948520287039,89899486,86486309,oai-rfsim-netns-veth-bpftime
1,1,224,182948521831370,182948589682001,67850631,60262554,oai-rfsim-netns-veth-bpftime
1,1,224,182948589523326,182948649358998,59835672,53975662,oai-rfsim-netns-veth-bpftime
1,1,224,182948651203916,182948767170644,115966728,111321300,oai-rfsim-netns-veth-bpftime
1,1,224,182948768851238,182948908610959,139759721,134715004,oai-rfsim-netns-veth-bpftime
1,1,224,182948910748204,182948977628706,66880502,65378401,oai-rfsim-netns-veth-bpftime
1,1,224,182948980464654,182949033128118,52663464,50021851,oai-rfsim-netns-veth-bpftime
1,1,224,182949035621243,182949109796146,74174903,68876081,oai-rfsim-netns-veth-bpftime
1,1,224,182949111547158,182949251341381,139794223,129994586,oai-rfsim-netns-veth-bpftime
1,1,224,182949253271220,182949298280853,45009633,40577418,oai-rfsim-netns-veth-bpftime
1,1,224,182949300317862,182949342258029,41940167,35806272,oai-rfsim-netns-veth-bpftime
1,1,224,182949343867431,182949474342271,130474840,119836839,oai-rfsim-netns-veth-bpftime
1,1,224,182949476656194,182949609543720,132887526,124266486,oai-rfsim-netns-veth-bpftime
1,1,224,182949611551474,182949691785882,80234408,72642472,oai-rfsim-netns-veth-bpftime
1,1,224,182949694160866,182949756827991,62667125,54411036,oai-rfsim-netns-veth-bpftime
1,1,224,182949757305486,182949821165412,63859926,58317567,oai-rfsim-netns-veth-bpftime
1,1,224,182949821997778,182949873526826,51529048,47919119,oai-rfsim-netns-veth-bpftime
1,1,224,182949875946616,182949928298108,52351492,50349766,oai-rfsim-netns-veth-bpftime
1,1,224,182949930484436,182950021670222,91185786,86930977,oai-rfsim-netns-veth-bpftime
1,1,224,182950023945487,182950097316434,73370947,71097574,oai-rfsim-netns-veth-bpftime
1,1,224,182950099394121,182950153518120,54123999,45425085,oai-rfsim-netns-veth-bpftime
1,1,224,182950154371284,182950209888620,55517336,49319550,oai-rfsim-netns-veth-bpftime
1,1,224,182950212156186,182950262692738,50536552,45297261,oai-rfsim-netns-veth-bpftime
1,1,224,182950263267183,182950317313370,54046187,46563534,oai-rfsim-netns-veth-bpftime
1,1,224,182950317704285,182950369727289,52023004,42152409,oai-rfsim-netns-veth-bpftime
1,1,224,182950369414010,182950419246986,49832976,45048020,oai-rfsim-netns-veth-bpftime
1,1,224,182950421537233,182950455700728,34163495,29199793,oai-rfsim-netns-veth-bpftime
1,1,224,182950457812045,182950566895392,109083347,98880971,oai-rfsim-netns-veth-bpftime
1,1,224,182950568681806,182950666014477,97332671,84729599,oai-rfsim-netns-veth-bpftime
1,1,224,182950666430972,182950823570470,157139498,153084643,oai-rfsim-netns-veth-bpftime
1,1,224,182950826861287,182950889548806,62687519,57592098,oai-rfsim-netns-veth-bpftime
1,1,224,182950890410413,182950955404585,64994172,54559939,oai-rfsim-netns-veth-bpftime
1,1,224,182950957046387,182951017887019,60840632,49627022,oai-rfsim-netns-veth-bpftime
1,1,224,182951020542108,182951121320968,100778860,92636189,oai-rfsim-netns-veth-bpftime
1,1,224,182951124713532,182951257415340,132701808,125956611,oai-rfsim-netns-veth-bpftime
1,1,224,182951257730366,182951335290990,77560624,66147843,oai-rfsim-netns-veth-bpftime
1,1,224,182951337152337,182951416217652,79065315,68764791,oai-rfsim-netns-veth-bpftime
1,1,224,182951417711899,182951480981043,63269144,54956720,oai-rfsim-netns-veth-bpftime
1,1,224,182951483208683,182951548954600,65745917,56519767,oai-rfsim-netns-veth-bpftime
1,1,224,182951551255939,182951596926935,45670996,39729699,oai-rfsim-netns-veth-bpftime
1,1,224,182951598560183,182951783161660,184601477,179084228,oai-rfsim-netns-veth-bpftime
1,1,224,182951785265717,182951904503712,119237995,112509493,oai-rfsim-netns-veth-bpftime
1,1,224,182951907985576,182951961851041,53865465,45570544,oai-rfsim-netns-veth-bpftime
1,1,224,182951963939986,182952024602201,60662215,55980360,oai-rfsim-netns-veth-bpftime
1,1,224,182952026549632,182952096537971,69988339,63839042,oai-rfsim-netns-veth-bpftime
1,1,224,182952098397881,182952134099471,35701590,28900443,oai-rfsim-netns-veth-bpftime
1,1,224,182952136169348,182952206098930,69929582,68197153,oai-rfsim-netns-veth-bpftime
1,1,224,182952205778582,182952262297309,56518727,52153864,oai-rfsim-netns-veth-bpftime
1,1,224,182952264181601,182952337748802,73567201,66764333,oai-rfsim-netns-veth-bpftime
1,1,224,182952339698513,182952393163198,53464685,45165413,oai-rfsim-netns-veth-bpftime
1,1,224,182952393554426,182952470488397,76933971,67676052,oai-rfsim-netns-veth-bpftime
1,1,224,182952470737531,182952540348871,69611340,64590437,oai-rfsim-netns-veth-bpftime
1,1,224,182952541885058,182952656932500,115047442,106909866,oai-rfsim-netns-veth-bpftime
1,1,224,182952656336337,182952796092050,139755713,121014728,oai-rfsim-netns-veth-bpftime
1,1,224,182952798448925,182952938107189,139658264,114084315,oai-rfsim-netns-veth-bpftime
1,1,224,182952940036778,182953055997319,115960541,111526765,oai-rfsim-netns-veth-bpftime
1,1,224,182953057552862,182953187954203,130401341,125055030,oai-rfsim-netns-veth-bpftime
1,1,224,182953190412122,182953258869017,68456895,60999690,oai-rfsim-netns-veth-bpftime
1,1,224,182953260791797,182953335033590,74241793,69815091,oai-rfsim-netns-veth-bpftime
1,1,224,182953334551236,182953401027566,66476330,61874209,oai-rfsim-netns-veth-bpftime
1,1,224,182953403621424,182953475647584,72026160,67601942,oai-rfsim-netns-veth-bpftime
1,1,224,182953478891133,182953554564540,75673407,66208164,oai-rfsim-netns-veth-bpftime
1,1,224,182953553999927,182953634205092,80205165,74019224,oai-rfsim-netns-veth-bpftime
1,1,224,182953636372462,182953738498413,102125951,95772266,oai-rfsim-netns-veth-bpftime
1,1,224,182953740475193,182953938246915,197771722,178646262,oai-rfsim-netns-veth-bpftime
1,1,224,182953939028983,182954024615475,85586492,80599080,oai-rfsim-netns-veth-bpftime
1,1,224,182954024529667,182954171147140,146617473,140663085,oai-rfsim-netns-veth-bpftime
1,1,224,182954172856835,182954242283588,69426753,65749483,oai-rfsim-netns-veth-bpftime
1,1,224,182954245591640,182954321765190,76173550,70824286,oai-rfsim-netns-veth-bpftime
1,1,224,182954323778211,182954362436866,38658655,34990286,oai-rfsim-netns-veth-bpftime
1,1,224,182954363259836,182954426074764,62814928,56485683,oai-rfsim-netns-veth-bpftime
1,1,224,182954428210253,182954492878780,64668527,62390835,oai-rfsim-netns-veth-bpftime
1,1,224,182954492124244,182954536639734,44515490,37218894,oai-rfsim-netns-veth-bpftime
1,1,224,182954537604046,182954604158567,66554521,62706033,oai-rfsim-netns-veth-bpftime
1,1,224,182954606058237,182954663975666,57917429,54839413,oai-rfsim-netns-veth-bpftime
1,1,224,182954666372667,182954736530711,70158044,60356174,oai-rfsim-netns-veth-bpftime
1,1,224,182954738119410,182954804419633,66300223,59951875,oai-rfsim-netns-veth-bpftime
1,1,224,182954804614264,182954963358989,158744725,148793195,oai-rfsim-netns-veth-bpftime
1,1,224,182954965347920,182955043410786,78062866,72842137,oai-rfsim-netns-veth-bpftime
1,1,224,182955045445515,182955093295684,47850169,41694260,oai-rfsim-netns-veth-bpftime
1,1,224,182955094924299,182955140963452,46039153,41909454,oai-rfsim-netns-veth-bpftime
1,1,224,182955140816321,182955165851596,25035275,21542992,oai-rfsim-netns-veth-bpftime
1,1,224,182955167494816,182955221161541,53666725,47130032,oai-rfsim-netns-veth-bpftime
1,1,224,182955221440869,182955264371483,42930614,35699297,oai-rfsim-netns-veth-bpftime
1,1,224,182955264769082,182955308250571,43481489,39667286,oai-rfsim-netns-veth-bpftime
1,1,224,182955309314775,182955383305173,73990398,67762315,oai-rfsim-netns-veth-bpftime
1,1,224,182955383714704,182955464593220,80878516,74167924,oai-rfsim-netns-veth-bpftime
1,1,224,182955465044952,182955522837802,57792850,48254687,oai-rfsim-netns-veth-bpftime
1,1,224,182955524767400,182955597068323,72300923,70765117,oai-rfsim-netns-veth-bpftime
1,1,224,182955596677619,182955651644082,54966463,47470757,oai-rfsim-netns-veth-bpftime
1,1,224,182955652705254,182955673903205,21197951,16790172,oai-rfsim-netns-veth-bpftime
1,1,224,182955676712786,182955745739170,69026384,67677749,oai-rfsim-netns-veth-bpftime
1,1,224,182955746646528,182955801874378,55227850,48449185,oai-rfsim-netns-veth-bpftime
1,1,224,182955801440888,182955918232847,116791959,108903710,oai-rfsim-netns-veth-bpftime
1,1,224,182955920255401,182956034646843,114391442,110186516,oai-rfsim-netns-veth-bpftime
1,1,224,182956035563313,182956077815398,42252085,38207121,oai-rfsim-netns-veth-bpftime
1,1,224,182956075062252,182956160134359,85072107,78074694,oai-rfsim-netns-veth-bpftime
1,1,224,182956159623553,182956220328012,60704459,54751104,oai-rfsim-netns-veth-bpftime
1,1,224,182956220830745,182956294290978,73460233,69380695,oai-rfsim-netns-veth-bpftime
1,1,224,182956293518549,182956349551533,56032984,49067110,oai-rfsim-netns-veth-bpftime
1,1,224,182956350143394,182956398893100,48749706,41219091,oai-rfsim-netns-veth-bpftime
1,1,224,182956400299500,182956470727617,70428117,66117538,oai-rfsim-netns-veth-bpftime
1,1,224,182956472577469,182956533731003,61153534,55718169,oai-rfsim-netns-veth-bpftime
1,1,224,182956535345613,182956676367800,141022187,134535174,oai-rfsim-netns-veth-bpftime
1,1,224,182956678197756,182956801245783,123048027,107027917,oai-rfsim-netns-veth-bpftime
1,1,224,182956805228151,182956954527060,149298909,134617989,oai-rfsim-netns-veth-bpftime
1,1,224,182956956722584,182957071649737,114927153,109403461,oai-rfsim-netns-veth-bpftime
1,1,224,182957076206882,182957225447979,149241097,143556417,oai-rfsim-netns-veth-bpftime
1,1,224,182957227261181,182957308712322,81451141,70809677,oai-rfsim-netns-veth-bpftime
1,1,224,182957309446111,182957427951958,118505847,111648516,oai-rfsim-netns-veth-bpftime
1,1,224,182957429705777,182957497730550,68024773,63420735,oai-rfsim-netns-veth-bpftime
1,1,224,182957499658388,182957555730172,56071784,54050512,oai-rfsim-netns-veth-bpftime
1,1,224,182957557715412,182957664239258,106523846,97848287,oai-rfsim-netns-veth-bpftime
1,1,224,182957666075682,182957761096032,95020350,83638152,oai-rfsim-netns-veth-bpftime
1,1,224,182957761662305,182957839744931,78082626,69851770,oai-rfsim-netns-veth-bpftime
1,1,224,182957834087318,182957861192067,27104749,16902463,oai-rfsim-netns-veth-bpftime
1,1,224,182957847877075,182957937230588,89353513,69005658,oai-rfsim-netns-veth-bpftime
1,1,224,182957938984072,182958094443503,155459431,152284532,oai-rfsim-netns-veth-bpftime
1,1,224,182958095063332,182958170555175,75491843,62216421,oai-rfsim-netns-veth-bpftime
1,1,224,182958175268212,182958241978993,66710781,55092669,oai-rfsim-netns-veth-bpftime
1,1,224,182958243933284,182958306640254,62706970,61288408,oai-rfsim-netns-veth-bpftime
1,1,224,182958308193875,182958383546746,75352871,69073327,oai-rfsim-netns-veth-bpftime
1,1,224,182958384367075,182958477646497,93279422,86157850,oai-rfsim-netns-veth-bpftime
1,1,224,182958478087779,182958565790107,87702328,83685698,oai-rfsim-netns-veth-bpftime
1,1,224,182958568045817,182958688601220,120555403,119492260,oai-rfsim-netns-veth-bpftime
1,1,224,182958687544280,182958765423167,77878887,68987769,oai-rfsim-netns-veth-bpftime
1,1,224,182958767018215,182958862277872,95259657,90926624,oai-rfsim-netns-veth-bpftime
1,1,224,182958863514455,182958912101775,48587320,45142423,oai-rfsim-netns-veth-bpftime
1,1,224,182958911493789,182959141811376,230317587,219447781,oai-rfsim-netns-veth-bpftime
1,1,224,182959146280856,182959286803096,140522240,133640411,oai-rfsim-netns-veth-bpftime
1,1,224,182959288911295,182959359183079,70271784,65991948,oai-rfsim-netns-veth-bpftime
1,1,224,182959361524930,182959408129049,46604119,41360852,oai-rfsim-netns-veth-bpftime
1,1,224,182959407365155,182959456223938,48858783,42392350,oai-rfsim-netns-veth-bpftime
1,1,224,182959457871227,182959508187888,50316661,45933114,oai-rfsim-netns-veth-bpftime
1,1,224,182959510215700,182959566600727,56385027,50296989,oai-rfsim-netns-veth-bpftime
1,1,224,182959568481252,182959696580402,128099150,122842851,oai-rfsim-netns-veth-bpftime
1,1,224,182959698942746,182959750317325,51374579,46185845,oai-rfsim-netns-veth-bpftime
1,1,224,182959752385025,182959813911574,61526549,56268587,oai-rfsim-netns-veth-bpftime
1,1,224,182959815663729,182959878892522,63228793,59353891,oai-rfsim-netns-veth-bpftime
1,1,224,182959878094306,182959946607766,68513460,59715064,oai-rfsim-netns-veth-bpftime
1,1,224,182959947432601,182960085399676,137967075,129376596,oai-rfsim-netns-veth-bpftime
1,1,224,182960084812210,182960172886561,88074351,82008094,oai-rfsim-netns-veth-bpftime
1,1,224,182960173572104,182960260983414,87411310,84254685,oai-rfsim-netns-veth-bpftime
1,1,224,182960263160586,182960326190884,63030298,60350452,oai-rfsim-netns-veth-bpftime
1,1,224,182960326685421,182960392529811,65844390,59743847,oai-rfsim-netns-veth-bpftime
1,1,224,182960394762946,182960460021755,65258809,63075409,oai-rfsim-netns-veth-bpftime
1,1,224,182960461905114,182960556606729,94701615,89028547,oai-rfsim-netns-veth-bpftime
1,1,224,182960559855244,182960737448499,177593255,163877008,oai-rfsim-netns-veth-bpftime
1,1,224,182960738305655,182960869329237,131023582,115421860,oai-rfsim-netns-veth-bpftime
1,1,224,182960872184223,182961001245694,129061471,122235471,oai-rfsim-netns-veth-bpftime
1,1,224,182961002751907,182961066151774,63399867,60717489,oai-rfsim-netns-veth-bpftime
1,1,224,182961066545340,182961115934890,49389550,42806340,oai-rfsim-netns-veth-bpftime
1,1,224,182961118176777,182961205345184,87168407,81557306,oai-rfsim-netns-veth-bpftime
1,1,224,182961209031942,182961281790127,72758185,61534732,oai-rfsim-netns-veth-bpftime
1,1,224,182961283425043,182961314897475,31472432,26919425,oai-rfsim-netns-veth-bpftime
1,1,224,182961316697316,182961391927350,75230034,69378370,oai-rfsim-netns-veth-bpftime
1,1,224,182961393804099,182961438076044,44271945,42015079,oai-rfsim-netns-veth-bpftime
1,1,224,182961436666623,182961494817290,58150667,51409980,oai-rfsim-netns-veth-bpftime
1,1,224,182961496716344,182961561746625,65030281,61677000,oai-rfsim-netns-veth-bpftime
1,1,224,182961563536789,182961638431161,74894372,71701006,oai-rfsim-netns-veth-bpftime
1,1,224,182961638663612,182961710122005,71458393,57036243,oai-rfsim-netns-veth-bpftime
1,1,224,182961712466643,182961756555756,44089113,41991073,oai-rfsim-netns-veth-bpftime
1,1,224,182961758592240,182961836669399,78077159,74387496,oai-rfsim-netns-veth-bpftime
1,1,224,182961839729216,182961910222435,70493219,64561342,oai-rfsim-netns-veth-bpftime
1,1,224,182961911959378,182961993068174,81108796,71778584,oai-rfsim-netns-veth-bpftime
1,1,224,182961993708824,182962097461472,103752648,73681317,oai-rfsim-netns-veth-bpftime
1,1,224,182962096883678,182962229863031,132979353,115928909,oai-rfsim-netns-veth-bpftime
1,1,224,182962225962891,182962277793913,51831022,41338599,oai-rfsim-netns-veth-bpftime
1,1,224,182962281401047,182962363178865,81777818,66188615,oai-rfsim-netns-veth-bpftime
1,1,224,182962362863750,182962413015516,50151766,43667369,oai-rfsim-netns-veth-bpftime
1,1,224,182962415187238,182962474999225,59811987,49104882,oai-rfsim-netns-veth-bpftime
1,1,224,182962476795003,182962519323322,42528319,39106343,oai-rfsim-netns-veth-bpftime
1,1,224,182962520159952,182962586786634,66626682,60866662,oai-rfsim-netns-veth-bpftime
1,1,224,182962589175892,182962686614197,97438305,93275446,oai-rfsim-netns-veth-bpftime
1,1,224,182962688791491,182962786189735,97398244,78411490,oai-rfsim-netns-veth-bpftime
1,1,224,182962789294206,182962963054044,173759838,161166283,oai-rfsim-netns-veth-bpftime
1,1,224,182962961818135,182963047555702,85737567,79212400,oai-rfsim-netns-veth-bpftime
1,1,224,182963051349775,182963139199532,87849757,77707144,oai-rfsim-netns-veth-bpftime
1,1,224,182963141266810,182963288115451,146848641,137948102,oai-rfsim-netns-veth-bpftime
1,1,224,182963288890964,182963376564247,87673283,77741930,oai-rfsim-netns-veth-bpftime
1,1,224,182963382903935,182963466265752,83361817,70740830,oai-rfsim-netns-veth-bpftime
1,1,224,182963470109243,182963568604326,98495083,95034174,oai-rfsim-netns-veth-bpftime
1,1,224,182963569244937,182963645544896,76299959,67903723,oai-rfsim-netns-veth-bpftime
1,1,224,182963647421482,182963746640967,99219485,90079992,oai-rfsim-netns-veth-bpftime
1,1,224,182963746881464,182963810825679,63944215,56177386,oai-rfsim-netns-veth-bpftime
1,1,224,182963811266360,182963881341877,70075517,66444734,oai-rfsim-netns-veth-bpftime
1,1,224,182963883488492,182963954484963,70996471,64729551,oai-rfsim-netns-veth-bpftime
1,1,224,182963957274106,182964068852514,111578408,103458180,oai-rfsim-netns-veth-bpftime
1,1,224,182964070525950,182964169783697,99257747,91134668,oai-rfsim-netns-veth-bpftime
1,1,224,182964169450012,182964210957419,41507407,36622771,oai-rfsim-netns-veth-bpftime
1,1,224,182964211546046,182964280074232,68528186,64791914,oai-rfsim-netns-veth-bpftime
1,1,224,182964282548419,182964372201386,89652967,86457583,oai-rfsim-netns-veth-bpftime
1,1,224,182964374041832,182964441675478,67633646,63087089,oai-rfsim-netns-veth-bpftime
1,1,224,182964441174789,182964481026818,39852029,34759508,oai-rfsim-netns-veth-bpftime
1,1,224,182964483080644,182964521617146,38536502,35282549,oai-rfsim-netns-veth-bpftime
1,1,224,182964522532655,182964626727257,104194602,97518099,oai-rfsim-netns-veth-bpftime
1,1,224,182964626037547,182964700593643,74556096,65460327,oai-rfsim-netns-veth-bpftime
1,1,224,182964703345331,182964797989552,94644221,88875243,oai-rfsim-netns-veth-bpftime
1,1,224,182964802438252,182964882990118,80551866,75190150,oai-rfsim-netns-veth-bpftime
1,1,224,182964885645101,182964945217245,59572144,45663520,oai-rfsim-netns-veth-bpftime
1,1,224,182964945497427,182965014670542,69173115,65404694,oai-rfsim-netns-veth-bpftime
1,1,224,182965014216978,182965061300731,47083753,42389620,oai-rfsim-netns-veth-bpftime
1,1,224,182965063848436,182965113293287,49444851,48123079,oai-rfsim-netns-veth-bpftime
1,1,224,182965115262025,182965166401975,51139950,48043867,oai-rfsim-netns-veth-bpftime
1,1,224,182965168606842,182965262908302,94301460,92095639,oai-rfsim-netns-veth-bpftime
1,1,224,182965264999268,182965362700092,97700824,93777882,oai-rfsim-netns-veth-bpftime
1,1,224,182965364419591,182965436071594,71652003,66943804,oai-rfsim-netns-veth-bpftime
1,1,224,182965436753129,182965500825422,64072293,57095070,oai-rfsim-netns-veth-bpftime
1,1,224,182965502619353,182965557217235,54597882,53096961,oai-rfsim-netns-veth-bpftime
1,1,224,182965559210244,182965588014969,28804725,27103042,oai-rfsim-netns-veth-bpftime
1,1,224,182965587821172,182965630560182,42739010,37488482,oai-rfsim-netns-veth-bpftime
1,1,224,182965632894560,182965674402766,41508206,36901797,oai-rfsim-netns-veth-bpftime
1,1,224,182965676344561,182965734081982,57737421,49842913,oai-rfsim-netns-veth-bpftime
1,1,224,182965736461687,182965783980743,47519056,45222766,oai-rfsim-netns-veth-bpftime
1,1,224,182965785703053,182965835496164,49793111,44389174,oai-rfsim-netns-veth-bpftime
1,1,224,182965837757417,182965880448553,42691136,36601477,oai-rfsim-netns-veth-bpftime
1,1,224,182965882955125,182965920021907,37066782,30884525,oai-rfsim-netns-veth-bpftime
1,1,224,182965919590749,182965985413721,65822972,54753978,oai-rfsim-netns-veth-bpftime
1,1,224,182965987135179,182966063021880,75886701,63533296,oai-rfsim-netns-veth-bpftime
1,1,224,182966062785382,182966144954754,82169372,73395486,oai-rfsim-netns-veth-bpftime
1,1,224,182966146745350,182966186174210,39428860,35371676,oai-rfsim-netns-veth-bpftime
1,1,224,182966189692204,182966304495099,114802895,106241650,oai-rfsim-netns-veth-bpftime
1,1,224,182966305274148,182966422994584,117720436,113093793,oai-rfsim-netns-veth-bpftime
1,1,224,182966423818140,182966485674193,61856053,56168020,oai-rfsim-netns-veth-bpftime
1,1,224,182966486845225,182966541155864,54310639,49689601,oai-rfsim-netns-veth-bpftime
1,1,224,182966543888230,182966610977638,67089408,59493138,oai-rfsim-netns-veth-bpftime
1,1,224,182966613940507,182966673208531,59268024,53321903,oai-rfsim-netns-veth-bpftime
1,1,224,182966675555532,182966737823847,62268315,59384951,oai-rfsim-netns-veth-bpftime
1,1,224,182966738805861,182966793161985,54356124,50578902,oai-rfsim-netns-veth-bpftime
1,1,224,182966795042029,182966893514317,98472288,92812877,oai-rfsim-netns-veth-bpftime
1,1,224,182966895090258,182967016583496,121493238,114535186,oai-rfsim-netns-veth-bpftime
1,1,224,182967018806464,182967104823350,86016886,75753947,oai-rfsim-netns-veth-bpftime
1,1,224,182967104581969,182967139394431,34812462,31263765,oai-rfsim-netns-veth-bpftime
1,1,224,182967136235318,182967167196988,30961670,19344631,oai-rfsim-netns-veth-bpftime
1,1,224,182967170053199,182967308925485,138872286,127929894,oai-rfsim-netns-veth-bpftime
1,1,224,182967310578312,182967394666700,84088388,73714503,oai-rfsim-netns-veth-bpftime
1,1,224,182967395342984,182967554894336,159551352,148959199,oai-rfsim-netns-veth-bpftime
1,1,224,182967555740820,182967695572615,139831795,132366707,oai-rfsim-netns-veth-bpftime
1,1,224,182967698432815,182967788624192,90191377,86957755,oai-rfsim-netns-veth-bpftime
1,1,224,182967789192933,182967837219707,48026774,39224804,oai-rfsim-netns-veth-bpftime
1,1,224,182967839208910,182967887709124,48500214,45797927,oai-rfsim-netns-veth-bpftime
1,1,224,182967889818416,182967952836249,63017833,59354952,oai-rfsim-netns-veth-bpftime
1,1,224,182967954663730,182968018653705,63989975,60942465,oai-rfsim-netns-veth-bpftime
1,1,224,182968018444249,182968120578775,102134526,85462685,oai-rfsim-netns-veth-bpftime
1,1,224,182968122656842,182968184450356,61793514,47357317,oai-rfsim-netns-veth-bpftime
1,1,224,182968184679229,182968271439848,86760619,81778270,oai-rfsim-netns-veth-bpftime
1,1,224,182968273534063,182968363540165,90006102,82260271,oai-rfsim-netns-veth-bpftime
1,1,224,182968365747875,182968472859091,107111216,98416404,oai-rfsim-netns-veth-bpftime
1,1,224,182968475125860,182968622658521,147532661,142085052,oai-rfsim-netns-veth-bpftime
1,1,224,182968624524003,182968819202036,194678033,177059627,oai-rfsim-netns-veth-bpftime
1,1,224,182968824676856,182968903944039,79267183,73108348,oai-rfsim-netns-veth-bpftime
1,1,224,182968905730906,182968971392681,65661775,58061077,oai-rfsim-netns-veth-bpftime
1,1,224,182968973323637,182969049674914,76351277,73631810,oai-rfsim-netns-veth-bpftime
1,1,224,182969050231287,182969153207579,102976292,93646956,oai-rfsim-netns-veth-bpftime
1,1,224,182969153825197,182969223854295,70029098,63155815,oai-rfsim-netns-veth-bpftime
1,1,224,182969226055462,182969277869412,51813950,48549811,oai-rfsim-netns-veth-bpftime
1,1,224,182969280071475,182969347431404,67359929,61560759,oai-rfsim-netns-veth-bpftime
1,1,224,182969350979868,182969413566756,62586888,52922467,oai-rfsim-netns-veth-bpftime
1,1,224,182969413274656,182969554926934,141652278,128781853,oai-rfsim-netns-veth-bpftime
1,1,224,182969555602359,182969634067111,78464752,72752266,oai-rfsim-netns-veth-bpftime
1,1,224,182969636628636,182969711089916,74461280,67956848,oai-rfsim-netns-veth-bpftime
1,1,224,182969713476076,182969822291651,108815575,94463214,oai-rfsim-netns-veth-bpftime
1,1,224,182969824507929,182969902359770,77851841,75125353,oai-rfsim-netns-veth-bpftime
1,1,224,182969905230330,182970013124247,107893917,99336045,oai-rfsim-netns-veth-bpftime
1,1,224,182970015551104,182970073881657,58330553,53411845,oai-rfsim-netns-veth-bpftime
1,1,224,182970076363721,182970140419349,64055628,58060658,oai-rfsim-netns-veth-bpftime
1,1,224,182970139845857,182970275808280,135962423,126155944,oai-rfsim-netns-veth-bpftime
1,1,224,182970277938604,182970365591961,87653357,83332667,oai-rfsim-netns-veth-bpftime
1,1,224,182970365854308,182970424208815,58354507,47341538,oai-rfsim-netns-veth-bpftime
1,1,224,182970424767537,182970471615304,46847767,40484518,oai-rfsim-netns-veth-bpftime
1,1,224,182970474175196,182970552620976,78445780,74090337,oai-rfsim-netns-veth-bpftime
1,1,224,182970555282794,182970599747474,44464680,41327417,oai-rfsim-netns-veth-bpftime
1,1,224,182970600545347,182970638453175,37907828,29835483,oai-rfsim-netns-veth-bpftime
1,1,224,182970640173691,182970678908240,38734549,35635852,oai-rfsim-netns-veth-bpftime
1,1,224,182970680683398,182970727427805,46744407,42529752,oai-rfsim-netns-veth-bpftime
1,1,224,182970729157131,182970850493198,121336067,110258235,oai-rfsim-netns-veth-bpftime
1,1,224,182970850385676,182970935079938,84694262,77642768,oai-rfsim-netns-veth-bpftime
1,1,224,182970935551577,182971012766293,77214716,72252722,oai-rfsim-netns-veth-bpftime
1,1,224,182971012217907,182971127339016,115121109,108249395,oai-rfsim-netns-veth-bpftime
1,1,224,182971127379911,182971221081433,93701522,88463469,oai-rfsim-netns-veth-bpftime
1,1,224,182971224414156,182971277205744,52791588,46971214,oai-rfsim-netns-veth-bpftime
1,1,224,182971276109088,182971315531852,39422764,31943482,oai-rfsim-netns-veth-bpftime
1,1,224,182971317962726,182971379141031,61178305,54206847,oai-rfsim-netns-veth-bpftime
1,1,224,182971377709875,182971425830730,48120855,42097325,oai-rfsim-netns-veth-bpftime
1,1,224,182971428784925,182971483046167,54261242,52060613,oai-rfsim-netns-veth-bpftime
1,1,224,182971483705615,182971588507814,104802199,95373473,oai-rfsim-netns-veth-bpftime
1,1,224,182971589005682,182971648322715,59317033,54298967,oai-rfsim-netns-veth-bpftime
1,1,224,182971649013340,182971782892463,133879123,127957598,oai-rfsim-netns-veth-bpftime
1,1,224,182971784089012,182971835332563,51243551,47374236,oai-rfsim-netns-veth-bpftime
1,1,224,182971834833984,182971909353819,74519835,68574292,oai-rfsim-netns-veth-bpftime
1,1,224,182971907905868,182971983114793,75208925,61486711,oai-rfsim-netns-veth-bpftime
1,1,224,182971985134355,182972051897102,66762747,62572064,oai-rfsim-netns-veth-bpftime
1,1,224,182972055047638,182972139808612,84760974,75707264,oai-rfsim-netns-veth-bpftime
1,1,224,182972142725934,182972214535920,71809986,62982541,oai-rfsim-netns-veth-bpftime
1,1,224,182972217583473,182972303001051,85417578,82320574,oai-rfsim-netns-veth-bpftime
1,1,224,182972301979059,182972361132272,59153213,55018971,oai-rfsim-netns-veth-bpftime
1,1,224,182972362964172,182972412812357,49848185,44335029,oai-rfsim-netns-veth-bpftime
1,1,224,182972415204075,182972457323690,42119615,38385959,oai-rfsim-netns-veth-bpftime
1,1,224,182972459690015,182972541734980,82044965,78515314,oai-rfsim-netns-veth-bpftime
1,1,224,182972543564320,182972661544891,117980571,114296555,oai-rfsim-netns-veth-bpftime
1,1,224,182972663448056,182972759908113,96460057,86614237,oai-rfsim-netns-veth-bpftime
1,1,224,182972762222595,182972843460690,81238095,75161170,oai-rfsim-netns-veth-bpftime
1,1,224,182972846647812,182972911808034,65160222,52023494,oai-rfsim-netns-veth-bpftime
1,1,224,182972912081407,182972979039762,66958355,57245828,oai-rfsim-netns-veth-bpftime
1,1,224,182972981195592,182973029156845,47961253,43344378,oai-rfsim-netns-veth-bpftime
1,1,224,182973030992274,182973145214448,114222174,102944674,oai-rfsim-netns-veth-bpftime
1,1,224,182973148125884,182973278439917,130314033,110460546,oai-rfsim-netns-veth-bpftime
1,1,224,182973280224892,182973346032820,65807928,52979361,oai-rfsim-netns-veth-bpftime
1,1,224,182973348083531,182973479494282,131410751,120563963,oai-rfsim-netns-veth-bpftime
1,1,224,182973480423068,182973548320389,67897321,64012058,oai-rfsim-netns-veth-bpftime
1,1,224,182973550224293,182973615251717,65027424,60055396,oai-rfsim-netns-veth-bpftime
1,1,224,182973615006818,182973671014570,56007752,48400380,oai-rfsim-netns-veth-bpftime
1,1,224,182973672924628,182973744222362,71297734,68405264,oai-rfsim-netns-veth-bpftime
1,1,224,182973746240855,182973796215243,49974388,47391544,oai-rfsim-netns-veth-bpftime
1,1,224,182973797666585,182973870452189,72785604,69999695,oai-rfsim-netns-veth-bpftime
1,1,224,182973868888799,182973966614015,97725216,91824081,oai-rfsim-netns-veth-bpftime
1,1,224,182973969951501,182974049198497,79246996,75034961,oai-rfsim-netns-veth-bpftime
1,1,224,182974048669921,182974128346659,79676738,72951222,oai-rfsim-netns-veth-bpftime
1,1,224,182974132294745,182974223322622,91027877,85461349,oai-rfsim-netns-veth-bpftime
1,1,224,182974226278843,182974264448170,38169327,37033061,oai-rfsim-netns-veth-bpftime
1,1,224,182974264807656,182974321422931,56615275,48802706,oai-rfsim-netns-veth-bpftime
1,1,224,182974323555027,182974432044209,108489182,102305043,oai-rfsim-netns-veth-bpftime
1,1,224,182974433990064,182974510815700,76825636,63504341,oai-rfsim-netns-veth-bpftime
1,1,224,182974512611395,182974558203539,45592144,39141316,oai-rfsim-netns-veth-bpftime
1,1,224,182974559088554,182974622287395,63198841,59070196,oai-rfsim-netns-veth-bpftime
1,1,224,182974623980132,182974676065623,52085491,48399425,oai-rfsim-netns-veth-bpftime
1,1,224,182974678458746,182974737034208,58575462,54930507,oai-rfsim-netns-veth-bpftime
1,1,224,182974739123138,182974784346477,45223339,42894789,oai-rfsim-netns-veth-bpftime
1,1,224,182974786213143,182974826405274,40192131,34686778,oai-rfsim-netns-veth-bpftime
1,1,224,182974825319665,182974881715875,56396210,49981104,oai-rfsim-netns-veth-bpftime
1,1,224,182974882640877,182974936555991,53915114,49484259,oai-rfsim-netns-veth-bpftime
1,1,224,182974938823081,182975014499271,75676190,69579939,oai-rfsim-netns-veth-bpftime
1,1,224,182975015545920,182975073289668,57743748,48326963,oai-rfsim-netns-veth-bpftime
1,1,224,182975076571157,182975198807690,122236533,118982058,oai-rfsim-netns-veth-bpftime
1,1,224,182975200670528,182975228863858,28193330,24182089,oai-rfsim-netns-veth-bpftime
1,1,224,182975227246458,182975295054501,67808043,52994297,oai-rfsim-netns-veth-bpftime
1,1,224,182975296732939,182975362165027,65432088,48620075,oai-rfsim-netns-veth-bpftime
1,1,224,182975363133479,182975419029278,55895799,43790954,oai-rfsim-netns-veth-bpftime
1,1,224,182975421082301,182975491887989,70805688,63664914,oai-rfsim-netns-veth-bpftime
1,1,224,182975491978315,182975594620647,102642332,93599026,oai-rfsim-netns-veth-bpftime
1,1,224,182975594973584,182975657429177,62455593,57086929,oai-rfsim-netns-veth-bpftime
1,1,224,182975659640453,182975717762220,58121767,53473264,oai-rfsim-netns-veth-bpftime
1,1,224,182975719812122,182975782833416,63021294,59425562,oai-rfsim-netns-veth-bpftime
1,1,224,182975785138062,182975826901449,41763387,40040249,oai-rfsim-netns-veth-bpftime
1,1,224,182975827502992,182975861745803,34242811,30360217,oai-rfsim-netns-veth-bpftime
1,1,224,182975863113890,182975900105567,36991677,32394079,oai-rfsim-netns-veth-bpftime
1,1,224,182975901494553,182975941847776,40353223,37751598,oai-rfsim-netns-veth-bpftime
1,1,224,182975941575139,182975991545198,49970059,43676156,oai-rfsim-netns-veth-bpftime
1,1,224,182975991191551,182976085408976,94217425,89267006,oai-rfsim-netns-veth-bpftime
1,1,224,182976088819288,182976223972756,135153468,121824366,oai-rfsim-netns-veth-bpftime
1,1,224,182976223577483,182976273460975,49883492,45103342,oai-rfsim-netns-veth-bpftime
1,1,224,182976274374262,182976286370836,11996574,7632380,oai-rfsim-netns-veth-bpftime
1,1,224,182976288447202,182976327812471,39365269,34752565,oai-rfsim-netns-veth-bpftime
1,1,224,182976329701783,182976369360030,39658247,36051975,oai-rfsim-netns-veth-bpftime
1,1,224,182976369210787,182976405503616,36292829,31798180,oai-rfsim-netns-veth-bpftime
1,1,224,182976404967530,182976485460599,80493069,75818909,oai-rfsim-netns-veth-bpftime
1,1,224,182976487051738,182976561048070,73996332,69836005,oai-rfsim-netns-veth-bpftime
1,1,224,182976561738714,182976623153060,61414346,54954178,oai-rfsim-netns-veth-bpftime
1,1,224,182976625177396,182976698344799,73167403,65118983,oai-rfsim-netns-veth-bpftime
1,1,224,182976699206717,182976820427921,121221204,116705047,oai-rfsim-netns-veth-bpftime
1,1,224,182976822843341,182976917555169,94711828,85320343,oai-rfsim-netns-veth-bpftime
1,1,224,182976917180299,182976970506768,53326469,47882753,oai-rfsim-netns-veth-bpftime
1,1,224,182976971416334,182977029658442,58242108,49759988,oai-rfsim-netns-veth-bpftime
1,1,224,182977029201591,182977101879419,72677828,68368460,oai-rfsim-netns-veth-bpftime
1,1,224,182977102400047,182977167350963,64950916,53809834,oai-rfsim-netns-veth-bpftime
1,1,224,182977170616966,182977261211420,90594454,84955162,oai-rfsim-netns-veth-bpftime
1,1,224,182977261438575,182977318434531,56995956,51157448,oai-rfsim-netns-veth-bpftime
1,1,224,182977320493144,182977407221904,86728760,79824439,oai-rfsim-netns-veth-bpftime
1,1,224,182977409052639,182977462946519,53893880,50472551,oai-rfsim-netns-veth-bpftime
1,1,224,182977464766099,182977505932460,41166361,36093048,oai-rfsim-netns-veth-bpftime
1,1,224,182977507430149,182977600630119,93199970,86241405,oai-rfsim-netns-veth-bpftime
1,1,224,182977600227262,182977667600168,67372906,59926624,oai-rfsim-netns-veth-bpftime
1,1,224,182977668289423,182977738026418,69736995,58340507,oai-rfsim-netns-veth-bpftime
1,1,224,182977740043539,182977826948609,86905070,77572903,oai-rfsim-netns-veth-bpftime
1,1,224,182977827769987,182977883558467,55788480,48816644,oai-rfsim-netns-veth-bpftime
1,1,224,182977883415159,182977932902031,49486872,43495274,oai-rfsim-netns-veth-bpftime
1,1,224,182977934683589,182977978185988,43502399,39308840,oai-rfsim-netns-veth-bpftime
1,1,224,182977980332096,182978047532077,67199981,64794374,oai-rfsim-netns-veth-bpftime
1,1,224,182978047952165,182978115445171,67493006,60824876,oai-rfsim-netns-veth-bpftime
1,1,224,182978117179968,182978195098580,77918612,73183545,oai-rfsim-netns-veth-bpftime
1,1,224,182978196201309,182978276752513,80551204,71522762,oai-rfsim-netns-veth-bpftime
1,1,224,182978278913217,182978331940554,53027337,51754070,oai-rfsim-netns-veth-bpftime
1,1,224,182978333834937,182978448822387,114987450,108229532,oai-rfsim-netns-veth-bpftime
1,1,224,182978452411695,182978498808054,46396359,35800928,oai-rfsim-netns-veth-bpftime
1,1,224,182978499441924,182978550851370,51409446,41158525,oai-rfsim-netns-veth-bpftime
1,1,224,182978553861612,182978728756975,174895363,170648135,oai-rfsim-netns-veth-bpftime
1,1,224,182978731823052,182978840243690,108420638,89575788,oai-rfsim-netns-veth-bpftime
1,1,224,182978840656227,182978885388197,44731970,39410628,oai-rfsim-netns-veth-bpftime
1,1,224,182978886132486,182978939585726,53453240,48935396,oai-rfsim-netns-veth-bpftime
1,1,224,182978940873271,182979027913810,87040539,82509604,oai-rfsim-netns-veth-bpftime
1,1,224,182979023831302,182979103814706,79983404,72018937,oai-rfsim-netns-veth-bpftime
1,1,224,182979104480260,182979171247668,66767408,61671871,oai-rfsim-netns-veth-bpftime
1,1,224,182979173587939,182979267438272,93850333,84429191,oai-rfsim-netns-veth-bpftime
1,1,224,182979268200480,182979312626275,44425795,40553818,oai-rfsim-netns-veth-bpftime
1,1,224,182979313305195,182979377023443,63718248,58884436,oai-rfsim-netns-veth-bpftime
1,1,224,182979378776585,182979452838171,74061586,67724565,oai-rfsim-netns-veth-bpftime
1,1,224,182979454461102,182979567602463,113141361,104040291,oai-rfsim-netns-veth-bpftime
1,1,224,182979567308658,182979647482504,80173846,73028450,oai-rfsim-netns-veth-bpftime
1,1,224,182979650147560,182979724895426,74747866,71186946,oai-rfsim-netns-veth-bpftime
1,1,224,182979725348735,182979783314783,57966048,51598727,oai-rfsim-netns-veth-bpftime
1,1,224,182979786025837,182979858299324,72273487,65831770,oai-rfsim-netns-veth-bpftime
1,1,224,182979860547975,182979905083272,44535297,42451900,oai-rfsim-netns-veth-bpftime
1,1,224,182979906372759,182979993577160,87204401,79191390,oai-rfsim-netns-veth-bpftime
1,1,224,182979996410480,182980074155546,77745066,76694228,oai-rfsim-netns-veth-bpftime
1,1,224,182980075846744,182980147658735,71811991,63076703,oai-rfsim-netns-veth-bpftime
1,1,224,182980146682339,182980327257380,180575041,168780082,oai-rfsim-netns-veth-bpftime
1,1,224,182980329035669,182980404256799,75221130,73222199,oai-rfsim-netns-veth-bpftime
1,1,224,182980404734048,182980479420315,74686267,66955403,oai-rfsim-netns-veth-bpftime
1,1,224,182980479949387,182980519410201,39460814,25490325,oai-rfsim-netns-veth-bpftime
1,1,224,182980521348893,182980569633489,48284596,39296580,oai-rfsim-netns-veth-bpftime
1,1,224,182980573050520,182980648847216,75796696,66036080,oai-rfsim-netns-veth-bpftime
1,1,224,182980651378033,182980835916478,184538445,176099297,oai-rfsim-netns-veth-bpftime
1,1,224,182980837733608,182980948536808,110803200,101098779,oai-rfsim-netns-veth-bpftime
1,1,224,182980950638256,182981030428018,79789762,75893723,oai-rfsim-netns-veth-bpftime
1,1,224,182981032364199,182981113206278,80842079,73617491,oai-rfsim-netns-veth-bpftime
1,1,224,182981113750358,182981183833432,70083074,64065130,oai-rfsim-netns-veth-bpftime
1,1,224,182981184539413,182981261885583,77346170,71537839,oai-rfsim-netns-veth-bpftime
1,1,224,182981261375798,182981322172937,60797139,54535041,oai-rfsim-netns-veth-bpftime
1,1,224,182981326034627,182981426689086,100654459,94029036,oai-rfsim-netns-veth-bpftime
1,1,224,182981429944943,182981581204435,151259492,141151612,oai-rfsim-netns-veth-bpftime
1,1,224,182981581518635,182981702543156,121024521,114532143,oai-rfsim-netns-veth-bpftime
1,1,224,182981702755385,182981804112077,101356692,93247956,oai-rfsim-netns-veth-bpftime
1,1,224,182981807310889,182981837973064,30662175,24945989,oai-rfsim-netns-veth-bpftime
1,1,224,182981840187220,182981879718124,39530904,36345039,oai-rfsim-netns-veth-bpftime
1,1,224,182981878813685,182981976911699,98098014,89358565,oai-rfsim-netns-veth-bpftime
1,1,224,182981980332388,182982191519367,211186979,181942566,oai-rfsim-netns-veth-bpftime
1,1,224,182982198163437,182982401877347,203713910,187660607,oai-rfsim-netns-veth-bpftime
1,1,224,182982404466289,182982534139239,129672950,122661367,oai-rfsim-netns-veth-bpftime
1,1,224,182982534914696,182982619941533,85026837,75479302,oai-rfsim-netns-veth-bpftime
1,1,224,182982621056535,182982745976164,124919629,115477874,oai-rfsim-netns-veth-bpftime
1,1,224,182982746945643,182982820929443,73983800,66918964,oai-rfsim-netns-veth-bpftime
1,1,224,182982822107820,182982878883378,56775558,54780344,oai-rfsim-netns-veth-bpftime
1,1,224,182982881326710,182982945032401,63705691,61889952,oai-rfsim-netns-veth-bpftime
1,1,224,182982945339728,182983043221447,97881719,91456537,oai-rfsim-netns-veth-bpftime
1,1,224,182983045322719,182983110475350,65152631,60643752,oai-rfsim-netns-veth-bpftime
1,1,224,182983110918280,182983222732038,111813758,99272256,oai-rfsim-netns-veth-bpftime
1,1,224,182983221989225,182983272061228,50072003,44271939,oai-rfsim-netns-veth-bpftime
1,1,224,182983272506343,182983329446638,56940295,54201952,oai-rfsim-netns-veth-bpftime
1,1,224,182983331027571,182983382033062,51005491,48166678,oai-rfsim-netns-veth-bpftime
1,1,224,182983381406315,182983431986642,50580327,46452331,oai-rfsim-netns-veth-bpftime
1,1,224,182983432450760,182983487517491,55066731,48461416,oai-rfsim-netns-veth-bpftime
1,1,224,182983489370175,182983590108849,100738674,96061829,oai-rfsim-netns-veth-bpftime
1,1,224,182983591103029,182983644252782,53149753,45256381,oai-rfsim-netns-veth-bpftime
1,1,224,182983645035403,182983727973032,82937629,75186099,oai-rfsim-netns-veth-bpftime
1,1,224,182983731051743,182983813446941,82395198,75504941,oai-rfsim-netns-veth-bpftime
1,1,224,182983815402141,182983866362005,50959864,45757256,oai-rfsim-netns-veth-bpftime
1,1,224,182983868026279,182983932381676,64355397,51377039,oai-rfsim-netns-veth-bpftime
1,1,224,182983934729433,182983992605778,57876345,55033933,oai-rfsim-netns-veth-bpftime
1,1,224,182983994580649,182984064841786,70261137,63273159,oai-rfsim-netns-veth-bpftime
1,1,224,182984066860550,182984131647646,64787096,61522504,oai-rfsim-netns-veth-bpftime
1,1,224,182984133927887,182984198569906,64642019,61199357,oai-rfsim-netns-veth-bpftime
1,1,224,182984201618419,182984249150380,47531961,41686819,oai-rfsim-netns-veth-bpftime
1,1,224,182984251490585,182984328242945,76752360,72906139,oai-rfsim-netns-veth-bpftime
1,1,224,182984330337478,182984372172517,41835039,40684462,oai-rfsim-netns-veth-bpftime
1,1,224,182984374301400,182984386133974,11832574,9713657,oai-rfsim-netns-veth-bpftime
1,1,224,182984384825591,182984411935103,27109512,19944014,oai-rfsim-netns-veth-bpftime
1,1,224,182984411612757,182984443674979,32062222,25588656,oai-rfsim-netns-veth-bpftime
1,1,224,182984445910635,182984492056347,46145712,43076140,oai-rfsim-netns-veth-bpftime
1,1,224,182984493124274,182984590533636,97409362,87969271,oai-rfsim-netns-veth-bpftime
1,1,224,182984593123979,182984660342318,67218339,63538495,oai-rfsim-netns-veth-bpftime
1,1,224,182984663697837,182984755365597,91667760,82991286,oai-rfsim-netns-veth-bpftime
1,1,224,182984757606164,182984808631395,51025231,44028674,oai-rfsim-netns-veth-bpftime
1,1,224,182984808837814,182984860739853,51902039,46157274,oai-rfsim-netns-veth-bpftime
1,1,224,182984861397696,182984931941991,70544295,66361929,oai-rfsim-netns-veth-bpftime
1,1,224,182984934229142,182984971457856,37228714,31194474,oai-rfsim-netns-veth-bpftime
1,1,224,182984970860270,182985048505230,77644960,71144609,oai-rfsim-netns-veth-bpftime
1,1,224,182985050591627,182985113805828,63214201,61902543,oai-rfsim-netns-veth-bpftime
1,1,224,182985115638625,182985158642006,43003381,39296530,oai-rfsim-netns-veth-bpftime
1,1,224,182985160679819,182985216778812,56098993,55314119,oai-rfsim-netns-veth-bpftime
1,1,224,182985218503443,182985285213500,66710057,57849841,oai-rfsim-netns-veth-bpftime
1,1,224,182985287086892,182985394837894,107751002,96616685,oai-rfsim-netns-veth-bpftime
1,1,224,182985397259731,182985434669478,37409747,33164122,oai-rfsim-netns-veth-bpftime
1,1,224,182985434396594,182985488266899,53870305,48013334,oai-rfsim-netns-veth-bpftime
1,1,224,182985488988336,182985590862825,101874489,89616961,oai-rfsim-netns-veth-bpftime
1,1,224,182985596147332,182985764516810,168369478,148966307,oai-rfsim-netns-veth-bpftime
1,1,224,182985766933407,182985828235302,61301895,55699287,oai-rfsim-netns-veth-bpftime
1,1,224,182985828692850,182985902123336,73430486,65805016,oai-rfsim-netns-veth-bpftime
1,1,224,182985904074266,182986024524672,120450406,108084062,oai-rfsim-netns-veth-bpftime
1,1,224,182986026644560,182986135973156,109328596,104353011,oai-rfsim-netns-veth-bpftime
1,1,224,182986138127153,182986212614027,74486874,70333686,oai-rfsim-netns-veth-bpftime
1,1,224,182986214793241,182986286620962,71827721,69388056,oai-rfsim-netns-veth-bpftime
1,1,224,182986288688435,182986381882195,93193760,86705886,oai-rfsim-netns-veth-bpftime
1,1,224,182986385843124,182986439012198,53169074,48230054,oai-rfsim-netns-veth-bpftime
1,1,224,182986437617796,182986481819807,44202011,35560710,oai-rfsim-netns-veth-bpftime
1,1,224,182986482782290,182986621757346,138975056,132804503,oai-rfsim-netns-veth-bpftime
1,1,224,182986620244995,182986711977387,91732392,83725515,oai-rfsim-netns-veth-bpftime
1,1,224,182986713679968,182986774917001,61237033,55568835,oai-rfsim-netns-veth-bpftime
1,1,224,182986776173410,182986851016436,74843026,67484152,oai-rfsim-netns-veth-bpftime
1,1,224,182986855226759,182986951283548,96056789,92805966,oai-rfsim-netns-veth-bpftime
1,1,224,182986953096804,182987077612658,124515854,118610230,oai-rfsim-netns-veth-bpftime
1,1,224,182987079760158,182987138116782,58356624,52691955,oai-rfsim-netns-veth-bpftime
1,1,224,182987140195127,182987203218178,63023051,59469612,oai-rfsim-netns-veth-bpftime
1,1,224,182987205390460,182987286116698,80726238,73252906,oai-rfsim-netns-veth-bpftime
1,1,224,182987288290885,182987386056035,97765150,92757657,oai-rfsim-netns-veth-bpftime
1,1,224,182987385008192,182987510779375,125771183,119596465,oai-rfsim-netns-veth-bpftime
1,1,224,182987512512852,182987627101004,114588152,110849689,oai-rfsim-netns-veth-bpftime
1,1,224,182987628639500,182987717439629,88800129,80779480,oai-rfsim-netns-veth-bpftime
1,1,224,182987720271780,182987784182528,63910748,55120465,oai-rfsim-netns-veth-bpftime
1,1,224,182987786497382,182987834525731,48028349,44217999,oai-rfsim-netns-veth-bpftime
1,1,224,182987837412754,182987898183502,60770748,56262932,oai-rfsim-netns-veth-bpftime
1,1,224,182987900058260,182987954274925,54216665,47477582,oai-rfsim-netns-veth-bpftime
1,1,224,182987956571341,182988016110882,59539541,53031230,oai-rfsim-netns-veth-bpftime
1,1,224,182988017720556,182988145419681,127699125,118624706,oai-rfsim-netns-veth-bpftime
1,1,224,182988147333138,182988269598197,122265059,116374694,oai-rfsim-netns-veth-bpftime
1,1,224,182988270274502,182988385372588,115098086,105035199,oai-rfsim-netns-veth-bpftime
1,1,224,182988387608209,182988456649980,69041771,63905083,oai-rfsim-netns-veth-bpftime
1,1,224,182988458950642,182988499860745,40910103,38080712,oai-rfsim-netns-veth-bpftime
1,1,224,182988500626339,182988556205696,55579357,50404409,oai-rfsim-netns-veth-bpftime
1,1,224,182988559674736,182988801492637,241817901,228061712,oai-rfsim-netns-veth-bpftime
1,1,224,182988805850408,182988991458963,185608555,170892971,oai-rfsim-netns-veth-bpftime
1,1,224,182988992803343,182989026992664,34189321,27603364,oai-rfsim-netns-veth-bpftime
1,1,224,182989031697432,182989171663399,139965967,137560047,oai-rfsim-netns-veth-bpftime
1,1,224,182989174047956,182989263003746,88955790,73258890,oai-rfsim-netns-veth-bpftime
1,1,224,182989265005284,182989355977848,90972564,80891674,oai-rfsim-netns-veth-bpftime
1,1,224,182989355591102,182989399916862,44325760,39840092,oai-rfsim-netns-veth-bpftime
1,1,224,182989401578121,182989451143968,49565847,46679385,oai-rfsim-netns-veth-bpftime
1,1,224,182989453619894,182989511321918,57702024,52160874,oai-rfsim-netns-veth-bpftime
1,1,224,182989512210599,182989588904838,76694239,70450934,oai-rfsim-netns-veth-bpftime
1,1,224,182989589514468,182989647340159,57825691,52438775,oai-rfsim-netns-veth-bpftime
1,1,224,182989649265694,182989713408068,64142374,61821974,oai-rfsim-netns-veth-bpftime
1,1,224,182989713921468,182989765469444,51547976,45304182,oai-rfsim-netns-veth-bpftime
1,1,224,182989767366149,182989819342370,51976221,44668595,oai-rfsim-netns-veth-bpftime
1,1,224,182989821153353,182989871303725,50150372,46142142,oai-rfsim-netns-veth-bpftime
1,1,224,182989872776585,182989932881561,60104976,54872519,oai-rfsim-netns-veth-bpftime
1,1,224,182989935080306,182989979340403,44260097,40002010,oai-rfsim-netns-veth-bpftime
1,1,224,182989981760099,182990030735826,48975727,43776384,oai-rfsim-netns-veth-bpftime
1,1,224,182990032453404,182990115861530,83408126,77269215,oai-rfsim-netns-veth-bpftime
1,1,224,182990116555273,182990176706343,60151070,54660841,oai-rfsim-netns-veth-bpftime
1,1,224,182990178300272,182990243804772,65504500,59843289,oai-rfsim-netns-veth-bpftime
1,1,224,182990246341116,182990332505482,86164366,83007920,oai-rfsim-netns-veth-bpftime
1,1,224,182990334440187,182990399300927,64860740,61986002,oai-rfsim-netns-veth-bpftime
1,1,224,182990401470765,182990440707832,39237067,36895548,oai-rfsim-netns-veth-bpftime
1,1,224,182990442750551,182990487009337,44258786,42949782,oai-rfsim-netns-veth-bpftime
1,1,224,182990488950939,182990535782286,46831347,39310674,oai-rfsim-netns-veth-bpftime
1,1,224,182990537830143,182990600146581,62316438,56758578,oai-rfsim-netns-veth-bpftime
1,1,224,182990597822020,182990656116110,58294090,50012653,oai-rfsim-netns-veth-bpftime
1,1,224,182990655143575,182990742981421,87837846,83957372,oai-rfsim-netns-veth-bpftime
1,1,224,182990748803500,182990804442020,55638520,51304316,oai-rfsim-netns-veth-bpftime
1,1,224,182990804023292,182990859467429,55444137,49448473,oai-rfsim-netns-veth-bpftime
1,1,224,182990859761415,182990901698503,41937088,36928951,oai-rfsim-netns-veth-bpftime
1,1,224,182990903353830,182990950608693,47254863,43649478,oai-rfsim-netns-veth-bpftime
1,1,224,182990949212173,182991054999163,105786990,99253336,oai-rfsim-netns-veth-bpftime
1,1,224,182991057163192,182991127537799,70374607,66022804,oai-rfsim-netns-veth-bpftime
1,1,224,182991127278029,182991207440652,80162623,71897045,oai-rfsim-netns-veth-bpftime
1,1,224,182991207109565,182991309631872,102522307,94421841,oai-rfsim-netns-veth-bpftime
1,1,224,182991311586559,182991404298332,92711773,87347852,oai-rfsim-netns-veth-bpftime
1,1,224,182991406284344,182991447150227,40865883,36447853,oai-rfsim-netns-veth-bpftime
1,1,224,182991448437141,182991516193508,67756367,64296420,oai-rfsim-netns-veth-bpftime
1,1,224,182991515663999,182991608163328,92499329,83390990,oai-rfsim-netns-veth-bpftime
1,1,224,182991610477206,182991687832430,77355224,75740113,oai-rfsim-netns-veth-bpftime
1,1,224,182991689869323,182991730872249,41002926,33267920,oai-rfsim-netns-veth-bpftime
1,1,224,182991733541200,182991813391069,79849869,72910803,oai-rfsim-netns-veth-bpftime
1,1,224,182991813967451,182991931548832,117581381,108429110,oai-rfsim-netns-veth-bpftime
1,1,224,182991933673975,182992001226228,67552253,60930335,oai-rfsim-netns-veth-bpftime
1,1,224,182992001865150,182992079217899,77352749,73070776,oai-rfsim-netns-veth-bpftime
1,1,224,182992078747348,182992173501666,94754318,89579903,oai-rfsim-netns-veth-bpftime
1,1,224,182992174112534,182992245527428,71414894,65432398,oai-rfsim-netns-veth-bpftime
1,1,224,182992247261512,182992348970408,101708896,95855210,oai-rfsim-netns-veth-bpftime
1,1,224,182992351008557,182992417788423,66779866,60738867,oai-rfsim-netns-veth-bpftime
1,1,224,182992419572933,182992480258987,60686054,56931411,oai-rfsim-netns-veth-bpftime
1,1,224,182992482606504,182992546395846,63789342,58997487,oai-rfsim-netns-veth-bpftime
1,1,224,182992547137783,182992632936337,85798554,72020080,oai-rfsim-netns-veth-bpftime
1,1,224,182992636759597,182992751036864,114277267,107109255,oai-rfsim-netns-veth-bpftime
1,1,224,182992752912559,182992985975607,233063048,227897650,oai-rfsim-netns-veth-bpftime
1,1,224,182992988337626,182993116997436,128659810,121901751,oai-rfsim-netns-veth-bpftime
1,1,224,182993118194831,182993174042174,55847343,53250782,oai-rfsim-netns-veth-bpftime
1,1,224,182993175641714,182993238436741,62795027,54207255,oai-rfsim-netns-veth-bpftime
1,1,224,182993239114984,182993297960977,58845993,54025004,oai-rfsim-netns-veth-bpftime
1,1,224,182993298333061,182993378969829,80636768,77048348,oai-rfsim-netns-veth-bpftime
1,1,224,182993380073913,182993492643490,112569577,105577239,oai-rfsim-netns-veth-bpftime
1,1,224,182993494383371,182993698945101,204561730,193082524,oai-rfsim-netns-veth-bpftime
1,1,224,182993701316220,182993782841785,81525565,68264789,oai-rfsim-netns-veth-bpftime
1,1,224,182993784987932,182993876946826,91958894,80377265,oai-rfsim-netns-veth-bpftime
1,1,224,182993878261172,182993968479562,90218390,74571417,oai-rfsim-netns-veth-bpftime
1,1,224,182993970642626,182994049828800,79186174,58267958,oai-rfsim-netns-veth-bpftime
1,1,224,182994052126799,182994163102241,110975442,107751132,oai-rfsim-netns-veth-bpftime
1,1,224,182994164885301,182994284228624,119343323,110898756,oai-rfsim-netns-veth-bpftime
1,1,224,182994286214928,182994371825847,85610919,73931178,oai-rfsim-netns-veth-bpftime
1,1,224,182994370830473,182994431234888,60404415,53470962,oai-rfsim-netns-veth-bpftime
1,1,224,182994432425691,182994492446163,60020472,49581757,oai-rfsim-netns-veth-bpftime
1,1,224,182994494959391,182994605023877,110064486,100728179,oai-rfsim-netns-veth-bpftime
1,1,224,182994605817098,182994686117591,80300493,73557255,oai-rfsim-netns-veth-bpftime
1,1,224,182994685579158,182994751779472,66200314,62146996,oai-rfsim-netns-veth-bpftime
1,1,224,182994753516477,182994818724458,65207981,54965562,oai-rfsim-netns-veth-bpftime
1,1,224,182994821215699,182994967076422,145860723,131573982,oai-rfsim-netns-veth-bpftime
1,1,224,182994969531276,182995128427367,158896091,138003248,oai-rfsim-netns-veth-bpftime
1,1,224,182995128048242,182995226666219,98617977,81993852,oai-rfsim-netns-veth-bpftime
1,1,224,182995227348365,182995289730587,62382222,54215631,oai-rfsim-netns-veth-bpftime
1,1,224,182995291830543,182995351311326,59480783,54287654,oai-rfsim-netns-veth-bpftime
1,1,224,182995351410271,182995445749179,94338908,87569356,oai-rfsim-netns-veth-bpftime
1,1,224,182995445240625,182995554179942,108939317,97269127,oai-rfsim-netns-veth-bpftime
1,1,224,182995556765338,182995658609904,101844566,96160067,oai-rfsim-netns-veth-bpftime
1,1,224,182995659502837,182995723602743,64099906,59415251,oai-rfsim-netns-veth-bpftime
1,1,224,182995722429808,182995781568374,59138566,47656327,oai-rfsim-netns-veth-bpftime
1,1,224,182995784170677,182995840706546,56535869,47707834,oai-rfsim-netns-veth-bpftime
1,1,224,182995843503041,182995932749837,89246796,85836371,oai-rfsim-netns-veth-bpftime
1,1,224,182995934931962,182995976566670,41634708,37942090,oai-rfsim-netns-veth-bpftime
1,1,224,182995977748905,182996048210638,70461733,65600213,oai-rfsim-netns-veth-bpftime
1,1,224,182996050583658,182996116031496,65447838,61450867,oai-rfsim-netns-veth-bpftime
1,1,224,182996116059596,182996166451285,50391689,43923343,oai-rfsim-netns-veth-bpftime
1,1,224,182996169023407,182996212951873,43928466,41429950,oai-rfsim-netns-veth-bpftime
1,1,224,182996215272324,182996261067323,45794999,41943813,oai-rfsim-netns-veth-bpftime
1,1,224,182996263458329,182996323967719,60509390,58323827,oai-rfsim-netns-veth-bpftime
1,1,224,182996325931134,182996390857379,64926245,61716487,oai-rfsim-netns-veth-bpftime
1,1,224,182996392807115,182996440129285,47322170,43245092,oai-rfsim-netns-veth-bpftime
1,1,224,182996441861957,182996525612865,83750908,78584765,oai-rfsim-netns-veth-bpftime
1,1,224,182996527605725,182996594595289,66989564,62873950,oai-rfsim-netns-veth-bpftime
1,1,224,182996596333844,182996763378931,167045087,156750476,oai-rfsim-netns-veth-bpftime
1,1,224,182996765006108,182996894470148,129464040,127156723,oai-rfsim-netns-veth-bpftime
1,1,224,182996896414621,182996955786250,59371629,52898019,oai-rfsim-netns-veth-bpftime
1,1,224,182996957496305,182997000526107,43029802,38712534,oai-rfsim-netns-veth-bpftime
1,1,224,182997001199732,182997063334781,62135049,57921901,oai-rfsim-netns-veth-bpftime
1,1,224,182997065146863,182997161450715,96303852,86542387,oai-rfsim-netns-veth-bpftime
1,1,224,182997161916595,182997244039931,82123336,72743740,oai-rfsim-netns-veth-bpftime
1,1,224,182997247327504,182997318938074,71610570,65157345,oai-rfsim-netns-veth-bpftime
1,1,224,182997320494520,182997373994580,53500060,49412990,oai-rfsim-netns-veth-bpftime
1,1,224,182997374600424,182997430299842,55699418,51480949,oai-rfsim-netns-veth-bpftime
1,1,224,182997431284324,182997527282111,95997787,94030531,oai-rfsim-netns-veth-bpftime
1,1,224,182997527735159,182997596115877,68380718,61294560,oai-rfsim-netns-veth-bpftime
1,1,224,182997598463634,182997666520070,68056436,64458804,oai-rfsim-netns-veth-bpftime
1,1,224,182997668167445,182997779977922,111810477,105743238,oai-rfsim-netns-veth-bpftime
1,1,224,182997780544686,182997870166495,89621809,84825542,oai-rfsim-netns-veth-bpftime
1,1,224,182997872695136,182997915711656,43016520,41090257,oai-rfsim-netns-veth-bpftime
1,1,224,182997915498079,182997964540998,49042919,40948377,oai-rfsim-netns-veth-bpftime
1,1,224,182997966232587,182998023589084,57356497,51545615,oai-rfsim-netns-veth-bpftime
1,1,224,182998022741932,182998082203153,59461221,52476023,oai-rfsim-netns-veth-bpftime
1,1,224,182998084508437,182998150277450,65769013,60610387,oai-rfsim-netns-veth-bpftime
1,1,224,182998152126574,182998213650167,61523593,55886176,oai-rfsim-netns-veth-bpftime
1,1,224,182998213310981,182998290991261,77680280,70351148,oai-rfsim-netns-veth-bpftime
1,1,224,182998293533981,182998410208707,116674726,114170185,oai-rfsim-netns-veth-bpftime
1,1,224,182998412338305,182998509572693,97234388,93912209,oai-rfsim-netns-veth-bpftime
1,1,224,182998512128285,182998674950661,162822376,155470466,oai-rfsim-netns-veth-bpftime
1,1,224,182998676831001,182998771740291,94909290,92478317,oai-rfsim-netns-veth-bpftime
1,1,224,182998772265616,182998875299688,103034072,92260482,oai-rfsim-netns-veth-bpftime
1,1,224,182998877367812,182999104875863,227508051,213939824,oai-rfsim-netns-veth-bpftime
1,1,224,182999106608034,182999270615385,164007351,137525685,oai-rfsim-netns-veth-bpftime
1,1,224,182999273037868,182999390049049,117011181,104268712,oai-rfsim-netns-veth-bpftime
1,1,224,182999390668311,182999439437125,48768814,38920803,oai-rfsim-netns-veth-bpftime
1,1,224,182999438607280,182999573520804,134913524,124247164,oai-rfsim-netns-veth-bpftime
1,1,224,182999575081057,182999675008364,99927307,90889189,oai-rfsim-netns-veth-bpftime
1,1,224,182999675566020,182999741570270,66004250,54472121,oai-rfsim-netns-veth-bpftime
1,1,224,182999747111638,182999870337455,123225817,109573503,oai-rfsim-netns-veth-bpftime
1,1,224,182999872021730,182999950634910,78613180,73621405,oai-rfsim-netns-veth-bpftime
1,1,224,182999953611823,183000024201947,70590124,64879530,oai-rfsim-netns-veth-bpftime
1,1,224,183000024469799,183000088199290,63729491,57818139,oai-rfsim-netns-veth-bpftime
1,1,224,183000092210665,183000161614320,69403655,58383664,oai-rfsim-netns-veth-bpftime
1,1,224,183000163343673,183000275599511,112255838,106975096,oai-rfsim-netns-veth-bpftime
1,1,224,183000276844412,183000349085515,72241103,66708970,oai-rfsim-netns-veth-bpftime
1,1,224,183000350180900,183000426955776,76774876,70284889,oai-rfsim-netns-veth-bpftime
1,1,224,183000428748486,183000496811247,68062761,62154385,oai-rfsim-netns-veth-bpftime
1,1,224,183000496595088,183000599271787,102676699,84175886,oai-rfsim-netns-veth-bpftime
1,1,224,183000601438648,183000710948259,109509611,93838390,oai-rfsim-netns-veth-bpftime
1,1,224,183000713718919,183000883460873,169741954,156013128,oai-rfsim-netns-veth-bpftime
1,1,224,183000885735701,183000953193381,67457680,63385172,oai-rfsim-netns-veth-bpftime
1,1,224,183000955224576,183001008075263,52850687,48685312,oai-rfsim-netns-veth-bpftime
1,1,224,183001010439826,183001068280885,57841059,53626678,oai-rfsim-netns-veth-bpftime
1,1,224,183001070865998,183001136747194,65881196,53623895,oai-rfsim-netns-veth-bpftime
1,1,224,183001138330594,183001187272350,48941756,44474773,oai-rfsim-netns-veth-bpftime
1,1,224,183001189590421,183001319118682,129528261,122642196,oai-rfsim-netns-veth-bpftime
1,1,224,183001320837010,183001402819631,81982621,69830109,oai-rfsim-netns-veth-bpftime
1,1,224,183001405030608,183001485706240,80675632,68943389,oai-rfsim-netns-veth-bpftime
1,1,224,183001487721116,183001537558500,49837384,43093388,oai-rfsim-netns-veth-bpftime
1,1,224,183001539395548,183001617085469,77689921,71774385,oai-rfsim-netns-veth-bpftime
1,1,224,183001619094853,183001663942493,44847640,41800502,oai-rfsim-netns-veth-bpftime
1,1,224,183001664706587,183001733784222,69077635,64506161,oai-rfsim-netns-veth-bpftime
1,1,224,183001735430265,183001838797218,103366953,97466250,oai-rfsim-netns-veth-bpftime
1,1,224,183001838351841,183001907915573,69563732,56879302,oai-rfsim-netns-veth-bpftime
1,1,224,183001908431325,183001983950924,75519599,71816376,oai-rfsim-netns-veth-bpftime
1,1,224,183001986279359,183002055796173,69516814,57259049,oai-rfsim-netns-veth-bpftime
1,1,224,183002057594353,183002143751492,86157139,81100275,oai-rfsim-netns-veth-bpftime
1,1,224,183002145431148,183002204177498,58746350,51333044,oai-rfsim-netns-veth-bpftime
1,1,224,183002206076363,183002289928812,83852449,74903365,oai-rfsim-netns-veth-bpftime
1,1,224,183002291117984,183002327354409,36236425,32415980,oai-rfsim-netns-veth-bpftime
1,1,224,183002329168417,183002398805196,69636779,65674969,oai-rfsim-netns-veth-bpftime
1,1,224,183002400488229,183002469312542,68824313,65497239,oai-rfsim-netns-veth-bpftime
1,1,224,183002471283667,183002514632839,43349172,39529846,oai-rfsim-netns-veth-bpftime
1,1,224,183002516343656,183002623381396,107037740,97360074,oai-rfsim-netns-veth-bpftime
1,1,224,183002625599997,183002683913241,58313244,57218557,oai-rfsim-netns-veth-bpftime
1,1,224,183002686187549,183002743607295,57419746,54506963,oai-rfsim-netns-veth-bpftime
1,1,224,183002745497665,183002793890278,48392613,43873287,oai-rfsim-netns-veth-bpftime
1,1,224,183002795964797,183002854171163,58206366,55513825,oai-rfsim-netns-veth-bpftime
1,1,224,183002856346351,183002904293757,47947406,44297407,oai-rfsim-netns-veth-bpftime
1,1,224,183002904782068,183002950077810,45295742,40318396,oai-rfsim-netns-veth-bpftime
1,1,224,183002950654217,183002994940154,44285937,39117252,oai-rfsim-netns-veth-bpftime
1,1,224,183002994642758,183003043656528,49013770,40952953,oai-rfsim-netns-veth-bpftime
1,1,224,183003045568645,183003156778572,111209927,107017398,oai-rfsim-netns-veth-bpftime
1,1,224,183003158598647,183003241873594,83274947,76869265,oai-rfsim-netns-veth-bpftime
1,1,224,183003243577056,183003296679593,53102537,48443354,oai-rfsim-netns-veth-bpftime
1,1,224,183003297346538,183003361220736,63874198,59281050,oai-rfsim-netns-veth-bpftime
1,1,224,183003359976735,183003414303267,54326532,49358016,oai-rfsim-netns-veth-bpftime
1,1,224,183003416330823,183003476123799,59792976,53200071,oai-rfsim-netns-veth-bpftime
1,1,224,183003475568001,183003551400549,75832548,71067682,oai-rfsim-netns-veth-bpftime
1,1,224,183003552952771,183003645358495,92405724,85183325,oai-rfsim-netns-veth-bpftime
1,1,224,183003648286637,183003718920586,70633949,68708474,oai-rfsim-netns-veth-bpftime
1,1,224,183003717605847,183003802443218,84837371,80196442,oai-rfsim-netns-veth-bpftime
1,1,224,183003803147886,183003866572762,63424876,56590255,oai-rfsim-netns-veth-bpftime
1,1,224,183003867467787,183003923550783,56082996,49206496,oai-rfsim-netns-veth-bpftime
1,1,224,183003924343699,183003981754652,57410953,52281300,oai-rfsim-netns-veth-bpftime
1,1,224,183003984940079,183004034537817,49597738,47137107,oai-rfsim-netns-veth-bpftime
1,1,224,183004036479573,183004109380107,72900534,71431086,oai-rfsim-netns-veth-bpftime
1,1,224,183004111412529,183004262678478,151265949,135406015,oai-rfsim-netns-veth-bpftime
1,1,224,183004263159256,183004368552605,105393349,95228266,oai-rfsim-netns-veth-bpftime
1,1,224,183004371284718,183004501759787,130475069,120918810,oai-rfsim-netns-veth-bpftime
1,1,224,183004504293913,183004618806967,114513054,109006717,oai-rfsim-netns-veth-bpftime
1,1,224,183004621983963,183004687414923,65430960,52737300,oai-rfsim-netns-veth-bpftime
1,1,224,183004688056039,183004801216889,113160850,108066032,oai-rfsim-netns-veth-bpftime
1,1,224,183004802891489,183004953858415,150966926,138720373,oai-rfsim-netns-veth-bpftime
1,1,224,183004955877433,183005044264825,88387392,77971691,oai-rfsim-netns-veth-bpftime
1,1,224,183005046001166,183005215361484,169360318,160719539,oai-rfsim-netns-veth-bpftime
1,1,224,183005216962133,183005315919802,98957669,93217292,oai-rfsim-netns-veth-bpftime
1,1,224,183005318028986,183005414177325,96148339,91963955,oai-rfsim-netns-veth-bpftime
1,1,224,183005416269258,183005566039478,149770220,135539188,oai-rfsim-netns-veth-bpftime
1,1,224,183005567674307,183005660731908,93057601,88628973,oai-rfsim-netns-veth-bpftime
1,1,224,183005660956146,183005737345348,76389202,68531813,oai-rfsim-netns-veth-bpftime
1,1,224,183005739943674,183005812914443,72970769,66434469,oai-rfsim-netns-veth-bpftime
1,1,224,183005814646431,183005873655113,59008682,52423853,oai-rfsim-netns-veth-bpftime
1,1,224,183005875766069,183005933723756,57957687,54346785,oai-rfsim-netns-veth-bpftime
1,1,224,183005935339000,183006026747357,91408357,86144710,oai-rfsim-netns-veth-bpftime
1,1,224,183006025817259,183006110513426,84696167,72024049,oai-rfsim-netns-veth-bpftime
1,1,224,183006112366562,183006195173285,82806723,69087914,oai-rfsim-netns-veth-bpftime
1,1,224,183006197219732,183006263143565,65923833,59362836,oai-rfsim-netns-veth-bpftime
1,1,224,183006262223414,183006355908009,93684595,81810106,oai-rfsim-netns-veth-bpftime
1,1,224,183006358168470,183006488013957,129845487,125193555,oai-rfsim-netns-veth-bpftime
1,1,224,183006488748871,183006575935518,87186647,77253310,oai-rfsim-netns-veth-bpftime
1,1,224,183006576798405,183006623153040,46354635,41491291,oai-rfsim-netns-veth-bpftime
1,1,224,183006624951249,183006684685064,59733815,56752699,oai-rfsim-netns-veth-bpftime
1,1,224,183006679700042,183006806844561,127144519,116003249,oai-rfsim-netns-veth-bpftime
1,1,224,183006810757094,183006906946363,96189269,90418710,oai-rfsim-netns-veth-bpftime
1,1,224,183006909692767,183006993787924,84095157,80395623,oai-rfsim-netns-veth-bpftime
1,1,224,183006995623289,183007137297526,141674237,129240605,oai-rfsim-netns-veth-bpftime
1,1,224,183007139777010,183007399923629,260146619,246439939,oai-rfsim-netns-veth-bpftime
1,1,224,183007406171285,183007574008911,167837626,156868823,oai-rfsim-netns-veth-bpftime
1,1,224,183007576067518,183007734832733,158765215,141564792,oai-rfsim-netns-veth-bpftime
1,1,224,183007736821786,183008011045868,274224082,258674481,oai-rfsim-netns-veth-bpftime
1,1,224,183008016999469,183008137545757,120546288,107176013,oai-rfsim-netns-veth-bpftime
1,1,224,183008140244596,183008292630730,152386134,140024008,oai-rfsim-netns-veth-bpftime
1,1,224,183008294346588,183008378491148,84144560,79265077,oai-rfsim-netns-veth-bpftime
1,1,224,183008379113861,183008452342709,73228848,68374492,oai-rfsim-netns-veth-bpftime
1,1,224,183008451823649,183008523071313,71247664,64911733,oai-rfsim-netns-veth-bpftime
1,1,224,183008524690938,183008584495314,59804376,52072965,oai-rfsim-netns-veth-bpftime
1,1,224,183008584174050,183008656024074,71850024,63773646,oai-rfsim-netns-veth-bpftime
1,1,224,183008656823432,183008786747361,129923929,125901829,oai-rfsim-netns-veth-bpftime
1,1,224,183008788582464,183008863814682,75232218,71764379,oai-rfsim-netns-veth-bpftime
1,1,224,183008865709610,183008908495606,42785996,36581088,oai-rfsim-netns-veth-bpftime
1,1,224,183008910952943,183008981323181,70370238,65065389,oai-rfsim-netns-veth-bpftime
1,1,224,183008981788303,183009031407292,49618989,46025879,oai-rfsim-netns-veth-bpftime
1,1,224,183009030446932,183009087523691,57076759,48124721,oai-rfsim-netns-veth-bpftime
1,1,224,183009089515148,183009142931045,53415897,47675712,oai-rfsim-netns-veth-bpftime
1,1,224,183009143420042,183009191851875,48431833,45325303,oai-rfsim-netns-veth-bpftime
1,1,224,183009195085620,183009260976671,65891051,60245124,oai-rfsim-netns-veth-bpftime
1,1,224,183009261853528,183009323484202,61630674,55374165,oai-rfsim-netns-veth-bpftime
1,1,224,183009324575072,183009405649672,81074600,73572060,oai-rfsim-netns-veth-bpftime
1,1,224,183009408095336,183009492656396,84561060,78664899,oai-rfsim-netns-veth-bpftime
1,1,224,183009493346532,183009561984561,68638029,62925419,oai-rfsim-netns-veth-bpftime
1,1,224,183009561207761,183009676250602,115042841,103026871,oai-rfsim-netns-veth-bpftime
1,1,224,183009677858294,183009757352919,79494625,73848400,oai-rfsim-netns-veth-bpftime
1,1,224,183009759574055,183009845225155,85651100,79052432,oai-rfsim-netns-veth-bpftime
1,1,224,183009847362410,183009939024602,91662192,86302706,oai-rfsim-netns-veth-bpftime
1,1,224,183009940741716,183010011798281,71056565,64312285,oai-rfsim-netns-veth-bpftime
1,1,224,183010012470221,183010079442757,66972536,61527693,oai-rfsim-netns-veth-bpftime
1,1,224,183010081573147,183010148331088,66757941,60454411,oai-rfsim-netns-veth-bpftime
1,1,224,183010150131525,183010228772862,78641337,74036673,oai-rfsim-netns-veth-bpftime
1,1,224,183010228222548,183010300930107,72707559,61724270,oai-rfsim-netns-veth-bpftime
1,1,224,183010303288976,183010378318886,75029910,68649398,oai-rfsim-netns-veth-bpftime
1,1,224,183010380342982,183010466343369,86000387,79922869,oai-rfsim-netns-veth-bpftime
1,1,224,183010469732879,183010520101766,50368887,40218225,oai-rfsim-netns-veth-bpftime
1,1,224,183010520425382,183010604204763,83779381,71469716,oai-rfsim-netns-veth-bpftime
1,1,224,183010607784127,183010674080696,66296569,62196344,oai-rfsim-netns-veth-bpftime
1,1,224,183010669571268,183010831002176,161430908,143787317,oai-rfsim-netns-veth-bpftime
1,1,224,183010832994284,183011010277155,177282871,174538367,oai-rfsim-netns-veth-bpftime
1,1,224,183011012635010,183011103533221,90898211,87355044,oai-rfsim-netns-veth-bpftime
1,1,224,183011102801239,183011197473599,94672360,88890800,oai-rfsim-netns-veth-bpftime
1,1,224,183011197184672,183011247741253,50556581,45516789,oai-rfsim-netns-veth-bpftime
1,1,224,183011248328360,183011315689842,67361482,61819335,oai-rfsim-netns-veth-bpftime
1,1,224,183011314895283,183011398548557,83653274,74203849,oai-rfsim-netns-veth-bpftime
1,1,224,183011400423278,183011497961418,97538140,92261628,oai-rfsim-netns-veth-bpftime
1,1,224,183011500963732,183011608919460,107955728,97599151,oai-rfsim-netns-veth-bpftime
1,1,224,183011611437801,183011732958692,121520891,103126713,oai-rfsim-netns-veth-bpftime
1,1,224,183011736077595,183011807499891,71422296,60386133,oai-rfsim-netns-veth-bpftime
1,1,224,183011808207780,183011892998921,84791141,79177737,oai-rfsim-netns-veth-bpftime
1,1,224,183011893723302,183011964960296,71236994,57213288,oai-rfsim-netns-veth-bpftime
1,1,224,183011965706728,183012071442320,105735592,100308763,oai-rfsim-netns-veth-bpftime
1,1,224,183012073900910,183012137548050,63647140,60826995,oai-rfsim-netns-veth-bpftime
1,1,224,183012139616834,183012260846026,121229192,112378872,oai-rfsim-netns-veth-bpftime
1,1,224,183012263938730,183012369089736,105151006,99184284,oai-rfsim-netns-veth-bpftime
1,1,224,183012371420689,183012431755072,60334383,54987425,oai-rfsim-netns-veth-bpftime
1,1,224,183012433680624,183012470835337,37154713,28466213,oai-rfsim-netns-veth-bpftime
1,1,224,183012473170588,183012572903961,99733373,91987220,oai-rfsim-netns-veth-bpftime
1,1,224,183012576023730,183012637632246,61608516,52837843,oai-rfsim-netns-veth-bpftime
1,1,224,183012641811660,183012773111862,131300202,115809362,oai-rfsim-netns-veth-bpftime
1,1,224,183012787942196,183012961257974,173315778,134506026,oai-rfsim-netns-veth-bpftime
1,1,224,183012962816375,183013043348311,80531936,68509519,oai-rfsim-netns-veth-bpftime
1,1,224,183013046499398,183013150504712,104005314,101451020,oai-rfsim-netns-veth-bpftime
1,1,224,183013152609096,183013261338758,108729662,100450053,oai-rfsim-netns-veth-bpftime
1,1,224,183013261138952,183013322698461,61559509,57836684,oai-rfsim-netns-veth-bpftime
1,1,224,183013326294290,183013436303517,110009227,106909556,oai-rfsim-netns-veth-bpftime
1,1,224,183013437981548,183013518241543,80259995,71805571,oai-rfsim-netns-veth-bpftime
1,1,224,183013520169799,183013592678011,72508212,68199476,oai-rfsim-netns-veth-bpftime
1,1,224,183013594464860,183013684234844,89769984,84945997,oai-rfsim-netns-veth-bpftime
1,1,224,183013686080017,183013784580760,98500743,90195775,oai-rfsim-netns-veth-bpftime
1,1,224,183013787110218,183013849933839,62823621,53204517,oai-rfsim-netns-veth-bpftime
1,1,224,183013851455331,183013904620218,53164887,51522387,oai-rfsim-netns-veth-bpftime
1,1,224,183013907208424,183013950507090,43298666,41994717,oai-rfsim-netns-veth-bpftime
1,1,224,183013952539354,183014013395494,60856140,57389522,oai-rfsim-netns-veth-bpftime
1,1,224,183014015366053,183014057686155,42320102,38262837,oai-rfsim-netns-veth-bpftime
1,1,224,183014058234057,183014125819911,67585854,61389539,oai-rfsim-netns-veth-bpftime
1,1,224,183014126161181,183014185987529,59826348,51368322,oai-rfsim-netns-veth-bpftime
1,1,224,183014187885016,183014258959722,71074706,66354125,oai-rfsim-netns-veth-bpftime
1,1,224,183014260767930,183014370212542,109444612,105608158,oai-rfsim-netns-veth-bpftime
1,1,224,183014368813204,183014461786604,92973400,86046985,oai-rfsim-netns-veth-bpftime
1,1,224,183014462371964,183014541267309,78895345,73115717,oai-rfsim-netns-veth-bpftime
1,1,224,183014535642596,183014594153273,58510677,47414430,oai-rfsim-netns-veth-bpftime
1,1,224,183014596087178,183014680037586,83950408,79050744,oai-rfsim-netns-veth-bpftime
1,1,224,183014682327647,183014730558541,48230894,42962131,oai-rfsim-netns-veth-bpftime
1,1,224,183014732916673,183014832752557,99835884,95626546,oai-rfsim-netns-veth-bpftime
1,1,224,183014832219663,183014895543737,63324074,57186521,oai-rfsim-netns-veth-bpftime
1,1,224,183014895903761,183014972587777,76684016,72460167,oai-rfsim-netns-veth-bpftime
1,1,224,183014975361819,183015041561177,66199358,59989669,oai-rfsim-netns-veth-bpftime
1,1,224,183015041832590,183015156424666,114592076,102236903,oai-rfsim-netns-veth-bpftime
1,1,224,183015157385839,183015234290103,76904264,66154803,oai-rfsim-netns-veth-bpftime
1,1,224,183015236606549,183015370312314,133705765,132559200,oai-rfsim-netns-veth-bpftime
1,1,224,183015372450709,183015494640382,122189673,115829226,oai-rfsim-netns-veth-bpftime
1,1,224,183015496830601,183015579766135,82935534,76908344,oai-rfsim-netns-veth-bpftime
1,1,224,183015582772582,183015673879719,91107137,83359409,oai-rfsim-netns-veth-bpftime
1,1,224,183015676949468,183015744013777,67064309,61876926,oai-rfsim-netns-veth-bpftime
1,1,224,183015745064432,183015788625137,43560705,36695034,oai-rfsim-netns-veth-bpftime
1,1,224,183015789376047,183015877428477,88052430,81130149,oai-rfsim-netns-veth-bpftime
1,1,224,183015879654432,183015971230375,91575943,83108396,oai-rfsim-netns-veth-bpftime
1,1,224,183015971687608,183016047083946,75396338,64164659,oai-rfsim-netns-veth-bpftime
1,1,224,183016046132553,183016094104598,47972045,42215151,oai-rfsim-netns-veth-bpftime
1,1,224,183016095787443,183016158632703,62845260,59193072,oai-rfsim-netns-veth-bpftime
1,1,224,183016161398431,183016246245607,84847176,72451837,oai-rfsim-netns-veth-bpftime
1,1,224,183016248780545,183016306004764,57224219,48495146,oai-rfsim-netns-veth-bpftime
1,1,224,183016308020526,183016377661689,69641163,66105937,oai-rfsim-netns-veth-bpftime
1,1,224,183016376231442,183016426534076,50302634,43084001,oai-rfsim-netns-veth-bpftime
1,1,224,183016427216224,183016488314535,61098311,56212226,oai-rfsim-netns-veth-bpftime
1,1,224,183016488838744,183016588460577,99621833,89380789,oai-rfsim-netns-veth-bpftime
1,1,224,183016590241008,183016693282839,103041831,96884702,oai-rfsim-netns-veth-bpftime
1,1,224,183016695839667,183016752472902,56633235,54708783,oai-rfsim-netns-veth-bpftime
1,1,224,183016754059254,183016830238616,76179362,71718904,oai-rfsim-netns-veth-bpftime
1,1,224,183016832206073,183016875058048,42851975,39472528,oai-rfsim-netns-veth-bpftime
1,1,224,183016876691950,183016960404613,83712663,78774818,oai-rfsim-netns-veth-bpftime
1,1,224,183016959483232,183017012769468,53286236,47190403,oai-rfsim-netns-veth-bpftime
1,1,224,183017012359846,183017145853607,133493761,126569455,oai-rfsim-netns-veth-bpftime
1,1,224,183017147548301,183017291437438,143889137,134353330,oai-rfsim-netns-veth-bpftime
1,1,224,183017296621314,183017499370137,202748823,192406634,oai-rfsim-netns-veth-bpftime
1,1,224,183017502958158,183017687516483,184558325,177424995,oai-rfsim-netns-veth-bpftime
1,1,224,183017687986624,183017825384260,137397636,126097268,oai-rfsim-netns-veth-bpftime
1,1,224,183017827039752,183017971488100,144448348,127689675,oai-rfsim-netns-veth-bpftime
