cb_index,llr_len,decode_us,bit_diff,e2e_us,emulation_mode,source
0,9216,17750.0,-1,237370.1,gcp_kvm_cxl_bpftime_node1,measured
1,25344,16813.8,-1,17003.9,gcp_kvm_cxl_bpftime_node1,measured
2,25344,16588.9,-1,16805.0,gcp_kvm_cxl_bpftime_node1,measured
3,25344,16889.8,-1,17059.8,gcp_kvm_cxl_bpftime_node1,measured
4,25344,16964.8,-1,17187.2,gcp_kvm_cxl_bpftime_node1,measured
5,25344,16874.6,-1,17054.7,gcp_kvm_cxl_bpftime_node1,measured
6,25344,24122.9,-1,24233.7,gcp_kvm_cxl_bpftime_node1,measured
7,25344,16624.9,-1,16787.4,gcp_kvm_cxl_bpftime_node1,measured
8,25344,16426.8,-1,16640.1,gcp_kvm_cxl_bpftime_node1,measured
9,25344,16407.7,-1,16671.6,gcp_kvm_cxl_bpftime_node1,measured
10,25344,16363.1,-1,16591.2,gcp_kvm_cxl_bpftime_node1,measured
11,25344,16916.7,-1,17215.9,gcp_kvm_cxl_bpftime_node1,measured
12,25344,16455.7,-1,16689.4,gcp_kvm_cxl_bpftime_node1,measured
13,25344,16413.2,-1,16629.7,gcp_kvm_cxl_bpftime_node1,measured
14,25344,16552.9,-1,17263.7,gcp_kvm_cxl_bpftime_node1,measured
15,25344,16439.5,-1,16656.2,gcp_kvm_cxl_bpftime_node1,measured
16,25344,16569.6,-1,16934.5,gcp_kvm_cxl_bpftime_node1,measured
17,25344,16470.0,-1,16679.0,gcp_kvm_cxl_bpftime_node1,measured
18,25344,16541.4,-1,16994.9,gcp_kvm_cxl_bpftime_node1,measured
19,25344,16689.7,-1,16907.7,gcp_kvm_cxl_bpftime_node1,measured
20,25344,16583.5,-1,16792.7,gcp_kvm_cxl_bpftime_node1,measured
21,25344,16788.7,-1,16980.4,gcp_kvm_cxl_bpftime_node1,measured
22,25344,16775.9,-1,16983.7,gcp_kvm_cxl_bpftime_node1,measured
23,25344,16587.4,-1,16870.6,gcp_kvm_cxl_bpftime_node1,measured
24,25344,17031.9,-1,17576.0,gcp_kvm_cxl_bpftime_node1,measured
25,25344,17003.5,-1,17606.2,gcp_kvm_cxl_bpftime_node1,measured
26,25344,16768.2,-1,17326.6,gcp_kvm_cxl_bpftime_node1,measured
27,4608,14813.2,-1,15015.1,gcp_kvm_cxl_bpftime_node1,measured
28,4608,10089.7,-1,10230.9,gcp_kvm_cxl_bpftime_node1,measured
29,4608,15382.6,-1,15475.9,gcp_kvm_cxl_bpftime_node1,measured
30,4608,10109.3,-1,10808.9,gcp_kvm_cxl_bpftime_node1,measured
31,4608,10396.2,-1,10702.5,gcp_kvm_cxl_bpftime_node1,measured
32,4608,10571.2,-1,10847.7,gcp_kvm_cxl_bpftime_node1,measured
33,4608,10239.4,-1,10432.3,gcp_kvm_cxl_bpftime_node1,measured
34,4608,10118.9,-1,10406.1,gcp_kvm_cxl_bpftime_node1,measured
35,19200,11055.9,-1,11643.9,gcp_kvm_cxl_bpftime_node1,measured
36,19200,11145.3,-1,11757.5,gcp_kvm_cxl_bpftime_node1,measured
37,19200,10933.6,-1,11551.0,gcp_kvm_cxl_bpftime_node1,measured
38,19200,10809.1,-1,11233.4,gcp_kvm_cxl_bpftime_node1,measured
39,19200,10963.3,-1,11313.6,gcp_kvm_cxl_bpftime_node1,measured
40,19200,10790.6,-1,11021.3,gcp_kvm_cxl_bpftime_node1,measured
41,19200,17167.2,-1,17853.3,gcp_kvm_cxl_bpftime_node1,measured
42,19200,10992.5,-1,11160.1,gcp_kvm_cxl_bpftime_node1,measured
43,19200,10655.1,-1,10873.8,gcp_kvm_cxl_bpftime_node1,measured
44,19200,10757.6,-1,11297.9,gcp_kvm_cxl_bpftime_node1,measured
45,19200,10966.9,-1,11381.0,gcp_kvm_cxl_bpftime_node1,measured
46,19200,10994.7,-1,11265.3,gcp_kvm_cxl_bpftime_node1,measured
47,19200,10610.7,-1,11304.8,gcp_kvm_cxl_bpftime_node1,measured
48,19200,10684.7,-1,11019.0,gcp_kvm_cxl_bpftime_node1,measured
49,19200,10589.0,-1,10993.8,gcp_kvm_cxl_bpftime_node1,measured
50,19200,10824.2,-1,11184.1,gcp_kvm_cxl_bpftime_node1,measured
51,19200,10946.4,-1,11520.5,gcp_kvm_cxl_bpftime_node1,measured
52,19200,11033.2,-1,11352.8,gcp_kvm_cxl_bpftime_node1,measured
53,19200,10860.6,-1,11173.9,gcp_kvm_cxl_bpftime_node1,measured
54,19200,10746.2,-1,11155.9,gcp_kvm_cxl_bpftime_node1,measured
55,19200,11398.6,-1,11816.2,gcp_kvm_cxl_bpftime_node1,measured
56,19200,11081.5,-1,11506.7,gcp_kvm_cxl_bpftime_node1,measured
57,19200,10700.7,-1,11195.2,gcp_kvm_cxl_bpftime_node1,measured
58,19200,10806.7,-1,11315.5,gcp_kvm_cxl_bpftime_node1,measured
59,19200,10921.7,-1,11275.8,gcp_kvm_cxl_bpftime_node1,measured
60,19200,10793.3,-1,11002.8,gcp_kvm_cxl_bpftime_node1,measured
61,19200,11076.4,-1,11759.4,gcp_kvm_cxl_bpftime_node1,measured
62,19200,11217.3,-1,11486.3,gcp_kvm_cxl_bpftime_node1,measured
63,19200,10939.6,-1,11378.8,gcp_kvm_cxl_bpftime_node1,measured
64,19200,10872.0,-1,11145.9,gcp_kvm_cxl_bpftime_node1,measured
65,19200,10776.0,-1,11188.6,gcp_kvm_cxl_bpftime_node1,measured
66,19200,11282.2,-1,11571.5,gcp_kvm_cxl_bpftime_node1,measured
67,19200,11256.8,-1,11679.1,gcp_kvm_cxl_bpftime_node1,measured
68,19200,11223.4,-1,11542.7,gcp_kvm_cxl_bpftime_node1,measured
69,19200,10891.2,-1,11183.1,gcp_kvm_cxl_bpftime_node1,measured
70,19200,10859.8,-1,11430.1,gcp_kvm_cxl_bpftime_node1,measured
71,19200,11160.1,-1,11584.4,gcp_kvm_cxl_bpftime_node1,measured
72,19200,10822.9,-1,11255.2,gcp_kvm_cxl_bpftime_node1,measured
73,19200,11047.1,-1,11451.2,gcp_kvm_cxl_bpftime_node1,measured
74,19200,11043.8,-1,11451.9,gcp_kvm_cxl_bpftime_node1,measured
75,19200,10837.4,-1,11062.0,gcp_kvm_cxl_bpftime_node1,measured
76,19200,11033.3,-1,11509.8,gcp_kvm_cxl_bpftime_node1,measured
77,19200,11059.8,-1,11352.7,gcp_kvm_cxl_bpftime_node1,measured
78,19200,10930.9,-1,11379.6,gcp_kvm_cxl_bpftime_node1,measured
79,19200,10697.4,-1,11043.0,gcp_kvm_cxl_bpftime_node1,measured
80,19200,10839.0,-1,11210.3,gcp_kvm_cxl_bpftime_node1,measured
81,19200,11396.7,-1,11838.5,gcp_kvm_cxl_bpftime_node1,measured
82,19200,10966.0,-1,11351.5,gcp_kvm_cxl_bpftime_node1,measured
83,19200,10674.8,-1,11157.4,gcp_kvm_cxl_bpftime_node1,measured
84,19200,10870.8,-1,11189.1,gcp_kvm_cxl_bpftime_node1,measured
85,19200,11333.5,-1,11599.8,gcp_kvm_cxl_bpftime_node1,measured
86,19200,10580.3,-1,10969.9,gcp_kvm_cxl_bpftime_node1,measured
87,19200,10882.3,-1,11152.2,gcp_kvm_cxl_bpftime_node1,measured
88,19200,10705.6,-1,10942.9,gcp_kvm_cxl_bpftime_node1,measured
89,19200,10828.1,-1,11296.6,gcp_kvm_cxl_bpftime_node1,measured
90,19200,11142.1,-1,11521.1,gcp_kvm_cxl_bpftime_node1,measured
91,19200,11183.7,-1,11662.9,gcp_kvm_cxl_bpftime_node1,measured
92,19200,10827.7,-1,11168.5,gcp_kvm_cxl_bpftime_node1,measured
93,19200,11135.3,-1,11594.0,gcp_kvm_cxl_bpftime_node1,measured
94,19200,10772.8,-1,11041.3,gcp_kvm_cxl_bpftime_node1,measured
95,19200,10904.5,-1,11237.6,gcp_kvm_cxl_bpftime_node1,measured
96,19200,10780.1,-1,11069.8,gcp_kvm_cxl_bpftime_node1,measured
97,19200,11359.1,-1,11726.7,gcp_kvm_cxl_bpftime_node1,measured
98,19200,10916.9,-1,11254.9,gcp_kvm_cxl_bpftime_node1,measured
99,19200,10940.8,-1,11241.6,gcp_kvm_cxl_bpftime_node1,measured
100,19200,11428.5,-1,11511.0,gcp_kvm_cxl_bpftime_node1,measured
101,19200,11189.9,-1,11475.0,gcp_kvm_cxl_bpftime_node1,measured
102,19200,10857.4,-1,11333.9,gcp_kvm_cxl_bpftime_node1,measured
103,19200,11103.5,-1,11382.2,gcp_kvm_cxl_bpftime_node1,measured
104,19200,10886.6,-1,11234.2,gcp_kvm_cxl_bpftime_node1,measured
105,19200,10793.8,-1,11025.2,gcp_kvm_cxl_bpftime_node1,measured
106,19200,11158.8,-1,11673.6,gcp_kvm_cxl_bpftime_node1,measured
107,19200,10964.2,-1,11459.5,gcp_kvm_cxl_bpftime_node1,measured
108,19200,11006.0,-1,11428.1,gcp_kvm_cxl_bpftime_node1,measured
109,19200,11087.0,-1,11541.5,gcp_kvm_cxl_bpftime_node1,measured
110,19200,11172.7,-1,11528.4,gcp_kvm_cxl_bpftime_node1,measured
111,19200,10810.9,-1,11361.2,gcp_kvm_cxl_bpftime_node1,measured
112,19200,10919.6,-1,11268.0,gcp_kvm_cxl_bpftime_node1,measured
113,19200,11158.8,-1,11445.4,gcp_kvm_cxl_bpftime_node1,measured
114,19200,11077.9,-1,11491.0,gcp_kvm_cxl_bpftime_node1,measured
115,19200,11315.3,-1,11701.8,gcp_kvm_cxl_bpftime_node1,measured
116,19200,11104.3,-1,11356.4,gcp_kvm_cxl_bpftime_node1,measured
117,19200,10887.0,-1,11279.0,gcp_kvm_cxl_bpftime_node1,measured
118,19200,11290.7,-1,11650.1,gcp_kvm_cxl_bpftime_node1,measured
119,19200,11231.7,-1,11657.7,gcp_kvm_cxl_bpftime_node1,measured
120,19200,11399.1,-1,11877.6,gcp_kvm_cxl_bpftime_node1,measured
121,19200,11147.7,-1,11627.3,gcp_kvm_cxl_bpftime_node1,measured
122,19200,10699.2,-1,11056.9,gcp_kvm_cxl_bpftime_node1,measured
123,19200,11511.5,-1,11940.4,gcp_kvm_cxl_bpftime_node1,measured
124,19200,11090.8,-1,11408.8,gcp_kvm_cxl_bpftime_node1,measured
125,19200,11412.0,-1,11795.9,gcp_kvm_cxl_bpftime_node1,measured
126,19200,11179.9,-1,11738.9,gcp_kvm_cxl_bpftime_node1,measured
127,19200,10760.1,-1,11117.2,gcp_kvm_cxl_bpftime_node1,measured
128,19200,10638.9,-1,10986.0,gcp_kvm_cxl_bpftime_node1,measured
129,19200,11102.4,-1,11668.2,gcp_kvm_cxl_bpftime_node1,measured
130,19200,11007.2,-1,11292.0,gcp_kvm_cxl_bpftime_node1,measured
131,19200,10802.8,-1,11362.8,gcp_kvm_cxl_bpftime_node1,measured
132,19200,10672.5,-1,11099.3,gcp_kvm_cxl_bpftime_node1,measured
133,19200,11047.6,-1,11458.0,gcp_kvm_cxl_bpftime_node1,measured
134,19200,10628.4,-1,10990.5,gcp_kvm_cxl_bpftime_node1,measured
135,19200,11330.2,-1,11631.8,gcp_kvm_cxl_bpftime_node1,measured
136,19200,10911.6,-1,11252.9,gcp_kvm_cxl_bpftime_node1,measured
137,19200,11528.1,-1,11916.3,gcp_kvm_cxl_bpftime_node1,measured
138,19200,10822.6,-1,11183.9,gcp_kvm_cxl_bpftime_node1,measured
139,19200,11496.7,-1,11934.3,gcp_kvm_cxl_bpftime_node1,measured
140,19200,11133.6,-1,11634.6,gcp_kvm_cxl_bpftime_node1,measured
141,19200,11169.2,-1,11644.2,gcp_kvm_cxl_bpftime_node1,measured
142,19200,11349.8,-1,11843.2,gcp_kvm_cxl_bpftime_node1,measured
143,19200,10583.8,-1,11057.7,gcp_kvm_cxl_bpftime_node1,measured
144,19200,10765.3,-1,11092.3,gcp_kvm_cxl_bpftime_node1,measured
145,19200,11057.9,-1,11459.4,gcp_kvm_cxl_bpftime_node1,measured
146,19200,10864.2,-1,11286.8,gcp_kvm_cxl_bpftime_node1,measured
147,19200,11250.1,-1,11751.5,gcp_kvm_cxl_bpftime_node1,measured
148,19200,10785.1,-1,11136.6,gcp_kvm_cxl_bpftime_node1,measured
149,19200,10787.3,-1,11397.0,gcp_kvm_cxl_bpftime_node1,measured
150,19200,11038.8,-1,11327.0,gcp_kvm_cxl_bpftime_node1,measured
151,19200,10787.8,-1,11193.2,gcp_kvm_cxl_bpftime_node1,measured
152,19200,10900.1,-1,11117.4,gcp_kvm_cxl_bpftime_node1,measured
153,19200,11154.5,-1,11542.4,gcp_kvm_cxl_bpftime_node1,measured
154,19200,11799.8,-1,12100.4,gcp_kvm_cxl_bpftime_node1,measured
155,19200,11292.0,-1,11723.3,gcp_kvm_cxl_bpftime_node1,measured
156,19200,11139.4,-1,11479.9,gcp_kvm_cxl_bpftime_node1,measured
157,19200,10903.2,-1,11396.8,gcp_kvm_cxl_bpftime_node1,measured
158,19200,11008.3,-1,11427.5,gcp_kvm_cxl_bpftime_node1,measured
159,19200,10752.1,-1,11112.9,gcp_kvm_cxl_bpftime_node1,measured
160,19200,10849.9,-1,11344.0,gcp_kvm_cxl_bpftime_node1,measured
161,19200,11141.3,-1,11597.0,gcp_kvm_cxl_bpftime_node1,measured
162,19200,11016.5,-1,11393.4,gcp_kvm_cxl_bpftime_node1,measured
163,19200,10913.3,-1,11437.4,gcp_kvm_cxl_bpftime_node1,measured
164,19200,11294.7,-1,11661.6,gcp_kvm_cxl_bpftime_node1,measured
165,19200,11136.7,-1,11551.8,gcp_kvm_cxl_bpftime_node1,measured
166,19200,11594.5,-1,11881.8,gcp_kvm_cxl_bpftime_node1,measured
167,19200,11006.1,-1,11227.2,gcp_kvm_cxl_bpftime_node1,measured
168,19200,10861.6,-1,11294.9,gcp_kvm_cxl_bpftime_node1,measured
169,19200,11014.1,-1,11447.0,gcp_kvm_cxl_bpftime_node1,measured
170,19200,11127.2,-1,11424.1,gcp_kvm_cxl_bpftime_node1,measured
171,19200,11248.6,-1,11665.6,gcp_kvm_cxl_bpftime_node1,measured
172,19200,11225.5,-1,11689.3,gcp_kvm_cxl_bpftime_node1,measured
173,19200,11144.1,-1,11557.9,gcp_kvm_cxl_bpftime_node1,measured
174,19200,11065.7,-1,11486.5,gcp_kvm_cxl_bpftime_node1,measured
175,19200,10554.3,-1,10917.2,gcp_kvm_cxl_bpftime_node1,measured
176,19200,10501.8,-1,10866.0,gcp_kvm_cxl_bpftime_node1,measured
177,19200,10595.3,-1,10967.6,gcp_kvm_cxl_bpftime_node1,measured
178,19200,10955.6,-1,11300.8,gcp_kvm_cxl_bpftime_node1,measured
179,19200,10952.9,-1,11510.7,gcp_kvm_cxl_bpftime_node1,measured
180,19200,11402.7,-1,11686.0,gcp_kvm_cxl_bpftime_node1,measured
181,19200,10781.1,-1,11216.3,gcp_kvm_cxl_bpftime_node1,measured
182,19200,11244.4,-1,11628.1,gcp_kvm_cxl_bpftime_node1,measured
183,19200,11110.4,-1,11624.2,gcp_kvm_cxl_bpftime_node1,measured
184,19200,11122.3,-1,11582.3,gcp_kvm_cxl_bpftime_node1,measured
185,19200,11130.9,-1,11644.4,gcp_kvm_cxl_bpftime_node1,measured
186,19200,11059.7,-1,11590.0,gcp_kvm_cxl_bpftime_node1,measured
187,19200,10956.4,-1,11297.6,gcp_kvm_cxl_bpftime_node1,measured
188,19200,11039.1,-1,11428.3,gcp_kvm_cxl_bpftime_node1,measured
189,19200,11197.2,-1,11622.1,gcp_kvm_cxl_bpftime_node1,measured
190,19200,11259.7,-1,11669.5,gcp_kvm_cxl_bpftime_node1,measured
191,19200,10811.4,-1,11255.6,gcp_kvm_cxl_bpftime_node1,measured
192,19200,11337.6,-1,11747.7,gcp_kvm_cxl_bpftime_node1,measured
193,19200,11049.9,-1,11401.3,gcp_kvm_cxl_bpftime_node1,measured
194,19200,10642.6,-1,11136.1,gcp_kvm_cxl_bpftime_node1,measured
195,19200,11299.7,-1,11749.5,gcp_kvm_cxl_bpftime_node1,measured
196,19200,10836.8,-1,11261.6,gcp_kvm_cxl_bpftime_node1,measured
197,19200,11124.9,-1,11592.3,gcp_kvm_cxl_bpftime_node1,measured
198,19200,10920.8,-1,11267.5,gcp_kvm_cxl_bpftime_node1,measured
199,19200,11111.5,-1,11559.1,gcp_kvm_cxl_bpftime_node1,measured
200,19200,10538.2,-1,10716.1,gcp_kvm_cxl_bpftime_node1,measured
201,19200,11209.4,-1,11541.2,gcp_kvm_cxl_bpftime_node1,measured
202,19200,10625.9,-1,11096.0,gcp_kvm_cxl_bpftime_node1,measured
203,19200,10713.6,-1,11164.5,gcp_kvm_cxl_bpftime_node1,measured
204,19200,11316.6,-1,11466.2,gcp_kvm_cxl_bpftime_node1,measured
205,19200,11142.0,-1,11583.5,gcp_kvm_cxl_bpftime_node1,measured
206,19200,11059.9,-1,11416.2,gcp_kvm_cxl_bpftime_node1,measured
207,19200,10934.0,-1,11321.5,gcp_kvm_cxl_bpftime_node1,measured
208,19200,11239.4,-1,11724.5,gcp_kvm_cxl_bpftime_node1,measured
209,19200,10844.6,-1,11291.5,gcp_kvm_cxl_bpftime_node1,measured
210,19200,11101.5,-1,11538.0,gcp_kvm_cxl_bpftime_node1,measured
211,19200,10779.9,-1,11225.9,gcp_kvm_cxl_bpftime_node1,measured
212,19200,10645.1,-1,11089.6,gcp_kvm_cxl_bpftime_node1,measured
213,19200,10862.3,-1,11093.4,gcp_kvm_cxl_bpftime_node1,measured
214,19200,11029.8,-1,11327.6,gcp_kvm_cxl_bpftime_node1,measured
215,19200,10851.3,-1,11280.2,gcp_kvm_cxl_bpftime_node1,measured
216,19200,10806.6,-1,11296.0,gcp_kvm_cxl_bpftime_node1,measured
217,19200,11007.6,-1,11379.5,gcp_kvm_cxl_bpftime_node1,measured
218,19200,10825.5,-1,11244.0,gcp_kvm_cxl_bpftime_node1,measured
219,19200,11119.2,-1,11547.3,gcp_kvm_cxl_bpftime_node1,measured
220,19200,10977.3,-1,11336.1,gcp_kvm_cxl_bpftime_node1,measured
221,19200,11458.2,-1,11843.5,gcp_kvm_cxl_bpftime_node1,measured
222,19200,10982.4,-1,11345.0,gcp_kvm_cxl_bpftime_node1,measured
223,19200,11150.2,-1,11649.4,gcp_kvm_cxl_bpftime_node1,measured
224,19200,10801.5,-1,11180.3,gcp_kvm_cxl_bpftime_node1,measured
225,19200,11186.8,-1,11616.7,gcp_kvm_cxl_bpftime_node1,measured
226,19200,11440.7,-1,11871.7,gcp_kvm_cxl_bpftime_node1,measured
227,19200,11388.5,-1,11793.3,gcp_kvm_cxl_bpftime_node1,measured
228,19200,11510.8,-1,11910.3,gcp_kvm_cxl_bpftime_node1,measured
229,19200,10858.4,-1,11124.6,gcp_kvm_cxl_bpftime_node1,measured
230,19200,11228.1,-1,11646.8,gcp_kvm_cxl_bpftime_node1,measured
231,19200,11242.9,-1,11531.0,gcp_kvm_cxl_bpftime_node1,measured
232,19200,10819.9,-1,11173.2,gcp_kvm_cxl_bpftime_node1,measured
233,19200,11095.4,-1,11548.0,gcp_kvm_cxl_bpftime_node1,measured
234,19200,11015.7,-1,11463.9,gcp_kvm_cxl_bpftime_node1,measured
235,19200,10556.8,-1,10916.8,gcp_kvm_cxl_bpftime_node1,measured
236,19200,11159.9,-1,11591.0,gcp_kvm_cxl_bpftime_node1,measured
237,19200,10741.4,-1,11169.1,gcp_kvm_cxl_bpftime_node1,measured
238,19200,11255.9,-1,11541.0,gcp_kvm_cxl_bpftime_node1,measured
239,19200,11320.7,-1,11514.7,gcp_kvm_cxl_bpftime_node1,measured
240,19200,11205.5,-1,11402.9,gcp_kvm_cxl_bpftime_node1,measured
241,19200,10882.3,-1,11267.5,gcp_kvm_cxl_bpftime_node1,measured
242,19200,10792.4,-1,11205.3,gcp_kvm_cxl_bpftime_node1,measured
243,19200,10956.5,-1,11402.1,gcp_kvm_cxl_bpftime_node1,measured
244,19200,11122.5,-1,11577.5,gcp_kvm_cxl_bpftime_node1,measured
245,19200,10818.0,-1,11097.7,gcp_kvm_cxl_bpftime_node1,measured
246,19200,10985.9,-1,11432.5,gcp_kvm_cxl_bpftime_node1,measured
247,19200,11281.8,-1,11559.1,gcp_kvm_cxl_bpftime_node1,measured
248,19200,10955.4,-1,11376.7,gcp_kvm_cxl_bpftime_node1,measured
249,19200,10920.8,-1,11462.1,gcp_kvm_cxl_bpftime_node1,measured
250,19200,11074.3,-1,11291.6,gcp_kvm_cxl_bpftime_node1,measured
251,19200,11169.7,-1,11639.4,gcp_kvm_cxl_bpftime_node1,measured
252,19200,11023.3,-1,11436.7,gcp_kvm_cxl_bpftime_node1,measured
253,19200,10605.2,-1,10958.4,gcp_kvm_cxl_bpftime_node1,measured
254,19200,11155.5,-1,11590.6,gcp_kvm_cxl_bpftime_node1,measured
255,19200,11208.3,-1,11496.9,gcp_kvm_cxl_bpftime_node1,measured
256,19200,11235.5,-1,11801.1,gcp_kvm_cxl_bpftime_node1,measured
257,19200,11179.5,-1,11486.4,gcp_kvm_cxl_bpftime_node1,measured
258,19200,11283.5,-1,11645.0,gcp_kvm_cxl_bpftime_node1,measured
259,19200,10573.6,-1,11051.5,gcp_kvm_cxl_bpftime_node1,measured
260,19200,10511.9,-1,10978.7,gcp_kvm_cxl_bpftime_node1,measured
261,19200,10755.8,-1,11223.1,gcp_kvm_cxl_bpftime_node1,measured
262,19200,11210.9,-1,11622.1,gcp_kvm_cxl_bpftime_node1,measured
263,19200,11179.7,-1,11749.0,gcp_kvm_cxl_bpftime_node1,measured
264,19200,10549.3,-1,10918.0,gcp_kvm_cxl_bpftime_node1,measured
265,19200,10701.7,-1,11067.2,gcp_kvm_cxl_bpftime_node1,measured
266,19200,11381.5,-1,11834.4,gcp_kvm_cxl_bpftime_node1,measured
267,19200,10831.3,-1,11250.9,gcp_kvm_cxl_bpftime_node1,measured
268,19200,10907.6,-1,11392.5,gcp_kvm_cxl_bpftime_node1,measured
269,19200,11205.6,-1,11605.6,gcp_kvm_cxl_bpftime_node1,measured
270,19200,11279.0,-1,11577.5,gcp_kvm_cxl_bpftime_node1,measured
271,19200,11072.9,-1,11484.6,gcp_kvm_cxl_bpftime_node1,measured
272,19200,11072.8,-1,11574.3,gcp_kvm_cxl_bpftime_node1,measured
273,19200,10558.0,-1,10893.3,gcp_kvm_cxl_bpftime_node1,measured
274,19200,11258.8,-1,11680.8,gcp_kvm_cxl_bpftime_node1,measured
275,19200,11120.6,-1,11592.7,gcp_kvm_cxl_bpftime_node1,measured
276,19200,11220.7,-1,11683.3,gcp_kvm_cxl_bpftime_node1,measured
277,19200,11185.0,-1,11588.9,gcp_kvm_cxl_bpftime_node1,measured
278,19200,10815.9,-1,11302.5,gcp_kvm_cxl_bpftime_node1,measured
279,19200,10550.3,-1,10888.5,gcp_kvm_cxl_bpftime_node1,measured
280,19200,10674.4,-1,10911.8,gcp_kvm_cxl_bpftime_node1,measured
281,19200,11225.5,-1,11631.2,gcp_kvm_cxl_bpftime_node1,measured
282,19200,11088.2,-1,11522.0,gcp_kvm_cxl_bpftime_node1,measured
283,19200,11069.3,-1,11459.1,gcp_kvm_cxl_bpftime_node1,measured
284,19200,11063.7,-1,11349.3,gcp_kvm_cxl_bpftime_node1,measured
285,19200,11055.4,-1,11450.1,gcp_kvm_cxl_bpftime_node1,measured
286,19200,11105.7,-1,11384.0,gcp_kvm_cxl_bpftime_node1,measured
287,19200,10673.4,-1,11121.9,gcp_kvm_cxl_bpftime_node1,measured
288,19200,11064.6,-1,11399.3,gcp_kvm_cxl_bpftime_node1,measured
289,19200,11201.0,-1,11431.8,gcp_kvm_cxl_bpftime_node1,measured
290,19200,11077.9,-1,11607.2,gcp_kvm_cxl_bpftime_node1,measured
291,19200,10801.5,-1,11104.8,gcp_kvm_cxl_bpftime_node1,measured
292,19200,10906.9,-1,11468.3,gcp_kvm_cxl_bpftime_node1,measured
293,19200,11228.2,-1,11668.7,gcp_kvm_cxl_bpftime_node1,measured
294,19200,10556.7,-1,11037.7,gcp_kvm_cxl_bpftime_node1,measured
295,19200,10491.0,-1,10966.8,gcp_kvm_cxl_bpftime_node1,measured
296,19200,10525.6,-1,10981.0,gcp_kvm_cxl_bpftime_node1,measured
297,19200,11189.1,-1,11644.2,gcp_kvm_cxl_bpftime_node1,measured
298,19200,10824.0,-1,11119.7,gcp_kvm_cxl_bpftime_node1,measured
299,19200,11279.6,-1,11564.7,gcp_kvm_cxl_bpftime_node1,measured
300,19200,10986.9,-1,11158.2,gcp_kvm_cxl_bpftime_node1,measured
301,19200,10550.5,-1,10909.5,gcp_kvm_cxl_bpftime_node1,measured
302,19200,11050.9,-1,11510.3,gcp_kvm_cxl_bpftime_node1,measured
303,19200,10677.1,-1,11104.5,gcp_kvm_cxl_bpftime_node1,measured
304,19200,11154.2,-1,11510.2,gcp_kvm_cxl_bpftime_node1,measured
305,19200,10603.2,-1,10909.2,gcp_kvm_cxl_bpftime_node1,measured
306,19200,10837.2,-1,11146.9,gcp_kvm_cxl_bpftime_node1,measured
307,19200,11156.4,-1,11445.7,gcp_kvm_cxl_bpftime_node1,measured
308,19200,11222.0,-1,11615.4,gcp_kvm_cxl_bpftime_node1,measured
309,19200,10643.6,-1,11129.2,gcp_kvm_cxl_bpftime_node1,measured
310,19200,11036.7,-1,11410.8,gcp_kvm_cxl_bpftime_node1,measured
311,19200,10816.3,-1,11270.7,gcp_kvm_cxl_bpftime_node1,measured
312,19200,11207.1,-1,11511.9,gcp_kvm_cxl_bpftime_node1,measured
313,19200,11560.4,-1,11993.8,gcp_kvm_cxl_bpftime_node1,measured
314,19200,11284.2,-1,11628.3,gcp_kvm_cxl_bpftime_node1,measured
315,19200,10737.8,-1,10903.6,gcp_kvm_cxl_bpftime_node1,measured
316,19200,11260.5,-1,11714.7,gcp_kvm_cxl_bpftime_node1,measured
317,19200,11030.1,-1,11349.4,gcp_kvm_cxl_bpftime_node1,measured
318,19200,10589.3,-1,11033.0,gcp_kvm_cxl_bpftime_node1,measured
319,19200,10966.2,-1,11245.2,gcp_kvm_cxl_bpftime_node1,measured
320,19200,11179.6,-1,11589.0,gcp_kvm_cxl_bpftime_node1,measured
321,19200,10584.5,-1,10944.0,gcp_kvm_cxl_bpftime_node1,measured
322,19200,11187.8,-1,11631.4,gcp_kvm_cxl_bpftime_node1,measured
323,19200,11209.1,-1,11643.7,gcp_kvm_cxl_bpftime_node1,measured
324,19200,11181.4,-1,11675.3,gcp_kvm_cxl_bpftime_node1,measured
325,19200,10980.7,-1,11404.0,gcp_kvm_cxl_bpftime_node1,measured
326,19200,11016.9,-1,11319.3,gcp_kvm_cxl_bpftime_node1,measured
327,19200,10599.3,-1,10987.3,gcp_kvm_cxl_bpftime_node1,measured
328,19200,11113.1,-1,11414.0,gcp_kvm_cxl_bpftime_node1,measured
329,19200,11054.5,-1,11521.9,gcp_kvm_cxl_bpftime_node1,measured
330,19200,11109.3,-1,11540.7,gcp_kvm_cxl_bpftime_node1,measured
331,19200,11476.8,-1,11999.5,gcp_kvm_cxl_bpftime_node1,measured
332,19200,11235.4,-1,11710.4,gcp_kvm_cxl_bpftime_node1,measured
333,19200,11250.4,-1,11641.3,gcp_kvm_cxl_bpftime_node1,measured
334,19200,11246.8,-1,11556.3,gcp_kvm_cxl_bpftime_node1,measured
335,19200,10828.9,-1,11349.1,gcp_kvm_cxl_bpftime_node1,measured
336,19200,10628.0,-1,10965.6,gcp_kvm_cxl_bpftime_node1,measured
337,19200,11384.3,-1,11790.5,gcp_kvm_cxl_bpftime_node1,measured
338,19200,11094.4,-1,11454.9,gcp_kvm_cxl_bpftime_node1,measured
339,19200,11282.8,-1,11718.1,gcp_kvm_cxl_bpftime_node1,measured
340,19200,11021.1,-1,11439.3,gcp_kvm_cxl_bpftime_node1,measured
341,19200,10551.0,-1,11029.2,gcp_kvm_cxl_bpftime_node1,measured
342,19200,10731.2,-1,11161.5,gcp_kvm_cxl_bpftime_node1,measured
343,19200,10990.3,-1,11423.6,gcp_kvm_cxl_bpftime_node1,measured
344,19200,11100.7,-1,11517.5,gcp_kvm_cxl_bpftime_node1,measured
345,19200,11898.5,-1,12282.8,gcp_kvm_cxl_bpftime_node1,measured
346,19200,11371.0,-1,11831.9,gcp_kvm_cxl_bpftime_node1,measured
347,19200,11222.3,-1,11615.1,gcp_kvm_cxl_bpftime_node1,measured
348,19200,11207.6,-1,11609.7,gcp_kvm_cxl_bpftime_node1,measured
349,19200,10795.1,-1,11219.6,gcp_kvm_cxl_bpftime_node1,measured
350,19200,11133.6,-1,11507.7,gcp_kvm_cxl_bpftime_node1,measured
351,19200,11077.1,-1,11401.3,gcp_kvm_cxl_bpftime_node1,measured
352,19200,10522.4,-1,10887.2,gcp_kvm_cxl_bpftime_node1,measured
353,19200,11157.4,-1,11604.9,gcp_kvm_cxl_bpftime_node1,measured
354,19200,10832.9,-1,11339.7,gcp_kvm_cxl_bpftime_node1,measured
355,19200,10927.8,-1,11308.6,gcp_kvm_cxl_bpftime_node1,measured
356,19200,11271.5,-1,11548.0,gcp_kvm_cxl_bpftime_node1,measured
357,19200,11206.2,-1,11651.8,gcp_kvm_cxl_bpftime_node1,measured
358,19200,10907.3,-1,11265.2,gcp_kvm_cxl_bpftime_node1,measured
359,19200,10575.1,-1,10865.3,gcp_kvm_cxl_bpftime_node1,measured
360,19200,10461.0,-1,10797.3,gcp_kvm_cxl_bpftime_node1,measured
361,19200,10740.0,-1,11203.4,gcp_kvm_cxl_bpftime_node1,measured
362,19200,11127.8,-1,11555.9,gcp_kvm_cxl_bpftime_node1,measured
363,19200,11041.7,-1,11317.1,gcp_kvm_cxl_bpftime_node1,measured
364,19200,11219.3,-1,11708.8,gcp_kvm_cxl_bpftime_node1,measured
365,19200,11379.3,-1,11764.0,gcp_kvm_cxl_bpftime_node1,measured
366,19200,11247.8,-1,11704.7,gcp_kvm_cxl_bpftime_node1,measured
367,19200,11143.2,-1,11600.3,gcp_kvm_cxl_bpftime_node1,measured
368,19200,10584.5,-1,11029.4,gcp_kvm_cxl_bpftime_node1,measured
369,19200,10954.3,-1,11181.5,gcp_kvm_cxl_bpftime_node1,measured
370,19200,11227.3,-1,11616.3,gcp_kvm_cxl_bpftime_node1,measured
371,19200,11075.1,-1,11639.5,gcp_kvm_cxl_bpftime_node1,measured
372,19200,10783.9,-1,11215.3,gcp_kvm_cxl_bpftime_node1,measured
373,19200,11060.1,-1,11617.5,gcp_kvm_cxl_bpftime_node1,measured
374,19200,10828.0,-1,11241.6,gcp_kvm_cxl_bpftime_node1,measured
375,19200,10578.1,-1,10929.3,gcp_kvm_cxl_bpftime_node1,measured
376,19200,11004.6,-1,11423.6,gcp_kvm_cxl_bpftime_node1,measured
377,19200,11110.3,-1,11576.2,gcp_kvm_cxl_bpftime_node1,measured
378,19200,10754.3,-1,11168.4,gcp_kvm_cxl_bpftime_node1,measured
379,19200,10918.4,-1,11491.2,gcp_kvm_cxl_bpftime_node1,measured
380,19200,11237.3,-1,11653.8,gcp_kvm_cxl_bpftime_node1,measured
381,19200,11263.5,-1,11732.4,gcp_kvm_cxl_bpftime_node1,measured
382,19200,11268.0,-1,11712.3,gcp_kvm_cxl_bpftime_node1,measured
383,19200,11195.0,-1,11532.1,gcp_kvm_cxl_bpftime_node1,measured
384,19200,10499.9,-1,10888.2,gcp_kvm_cxl_bpftime_node1,measured
385,19200,11100.1,-1,11459.9,gcp_kvm_cxl_bpftime_node1,measured
386,19200,11168.7,-1,11492.6,gcp_kvm_cxl_bpftime_node1,measured
387,19200,10487.1,-1,10874.0,gcp_kvm_cxl_bpftime_node1,measured
388,19200,11326.1,-1,11701.9,gcp_kvm_cxl_bpftime_node1,measured
389,19200,10789.5,-1,11205.4,gcp_kvm_cxl_bpftime_node1,measured
390,19200,11303.7,-1,11734.6,gcp_kvm_cxl_bpftime_node1,measured
391,19200,10829.9,-1,11162.3,gcp_kvm_cxl_bpftime_node1,measured
392,19200,10538.1,-1,10834.5,gcp_kvm_cxl_bpftime_node1,measured
393,19200,10726.5,-1,11152.2,gcp_kvm_cxl_bpftime_node1,measured
394,19200,11084.6,-1,11509.8,gcp_kvm_cxl_bpftime_node1,measured
395,19200,11296.2,-1,11744.8,gcp_kvm_cxl_bpftime_node1,measured
396,19200,11085.5,-1,11454.7,gcp_kvm_cxl_bpftime_node1,measured
397,19200,11225.7,-1,11583.6,gcp_kvm_cxl_bpftime_node1,measured
398,19200,11277.0,-1,11564.9,gcp_kvm_cxl_bpftime_node1,measured
399,19200,11001.8,-1,11312.1,gcp_kvm_cxl_bpftime_node1,measured
400,19200,11434.4,-1,11601.0,gcp_kvm_cxl_bpftime_node1,measured
401,19200,11152.4,-1,11564.5,gcp_kvm_cxl_bpftime_node1,measured
402,19200,10729.2,-1,10973.0,gcp_kvm_cxl_bpftime_node1,measured
403,19200,11152.1,-1,11534.5,gcp_kvm_cxl_bpftime_node1,measured
404,19200,11211.7,-1,11603.0,gcp_kvm_cxl_bpftime_node1,measured
405,19200,11013.0,-1,11413.7,gcp_kvm_cxl_bpftime_node1,measured
406,19200,11387.5,-1,11700.8,gcp_kvm_cxl_bpftime_node1,measured
407,19200,11120.9,-1,11539.2,gcp_kvm_cxl_bpftime_node1,measured
408,19200,10468.4,-1,10946.1,gcp_kvm_cxl_bpftime_node1,measured
409,19200,10715.9,-1,11170.8,gcp_kvm_cxl_bpftime_node1,measured
410,19200,11105.3,-1,11436.8,gcp_kvm_cxl_bpftime_node1,measured
411,19200,10957.5,-1,11258.7,gcp_kvm_cxl_bpftime_node1,measured
412,19200,10645.0,-1,11031.1,gcp_kvm_cxl_bpftime_node1,measured
413,19200,10614.5,-1,11117.3,gcp_kvm_cxl_bpftime_node1,measured
414,19200,11044.9,-1,11376.7,gcp_kvm_cxl_bpftime_node1,measured
415,19200,10970.1,-1,11430.1,gcp_kvm_cxl_bpftime_node1,measured
416,19200,11108.9,-1,11677.4,gcp_kvm_cxl_bpftime_node1,measured
417,19200,11476.6,-1,11903.4,gcp_kvm_cxl_bpftime_node1,measured
418,19200,10918.3,-1,11359.3,gcp_kvm_cxl_bpftime_node1,measured
419,19200,11033.1,-1,11454.8,gcp_kvm_cxl_bpftime_node1,measured
420,19200,10934.1,-1,11328.2,gcp_kvm_cxl_bpftime_node1,measured
421,19200,11216.5,-1,11582.0,gcp_kvm_cxl_bpftime_node1,measured
422,19200,11304.9,-1,11727.0,gcp_kvm_cxl_bpftime_node1,measured
423,19200,11215.7,-1,11517.0,gcp_kvm_cxl_bpftime_node1,measured
424,19200,11154.5,-1,11569.1,gcp_kvm_cxl_bpftime_node1,measured
425,19200,10881.7,-1,11252.3,gcp_kvm_cxl_bpftime_node1,measured
426,19200,11252.5,-1,11541.5,gcp_kvm_cxl_bpftime_node1,measured
427,19200,10583.4,-1,11060.7,gcp_kvm_cxl_bpftime_node1,measured
428,19200,10546.0,-1,11010.0,gcp_kvm_cxl_bpftime_node1,measured
429,19200,11076.0,-1,11550.1,gcp_kvm_cxl_bpftime_node1,measured
430,19200,10789.3,-1,11084.2,gcp_kvm_cxl_bpftime_node1,measured
431,19200,11375.9,-1,11812.9,gcp_kvm_cxl_bpftime_node1,measured
432,19200,11301.8,-1,11759.1,gcp_kvm_cxl_bpftime_node1,measured
433,19200,11224.0,-1,11617.3,gcp_kvm_cxl_bpftime_node1,measured
434,19200,10587.9,-1,10977.6,gcp_kvm_cxl_bpftime_node1,measured
435,19200,11104.8,-1,11634.8,gcp_kvm_cxl_bpftime_node1,measured
436,19200,11086.5,-1,11509.3,gcp_kvm_cxl_bpftime_node1,measured
437,19200,10501.2,-1,10962.9,gcp_kvm_cxl_bpftime_node1,measured
438,19200,10519.0,-1,10975.3,gcp_kvm_cxl_bpftime_node1,measured
439,19200,10781.0,-1,11237.0,gcp_kvm_cxl_bpftime_node1,measured
440,19200,11203.7,-1,11599.7,gcp_kvm_cxl_bpftime_node1,measured
441,19200,10623.7,-1,11086.9,gcp_kvm_cxl_bpftime_node1,measured
442,19200,10631.3,-1,11120.9,gcp_kvm_cxl_bpftime_node1,measured
443,19200,11155.6,-1,11593.1,gcp_kvm_cxl_bpftime_node1,measured
444,19200,11155.0,-1,11479.2,gcp_kvm_cxl_bpftime_node1,measured
445,19200,11239.2,-1,11664.8,gcp_kvm_cxl_bpftime_node1,measured
446,19200,10728.3,-1,11175.3,gcp_kvm_cxl_bpftime_node1,measured
447,19200,10840.5,-1,11325.4,gcp_kvm_cxl_bpftime_node1,measured
448,19200,10849.2,-1,11125.4,gcp_kvm_cxl_bpftime_node1,measured
449,19200,10727.4,-1,11068.5,gcp_kvm_cxl_bpftime_node1,measured
450,19200,11160.5,-1,11543.8,gcp_kvm_cxl_bpftime_node1,measured
451,19200,11234.2,-1,11630.3,gcp_kvm_cxl_bpftime_node1,measured
452,19200,10465.2,-1,10804.2,gcp_kvm_cxl_bpftime_node1,measured
453,19200,10896.3,-1,11258.5,gcp_kvm_cxl_bpftime_node1,measured
454,19200,10595.8,-1,11070.4,gcp_kvm_cxl_bpftime_node1,measured
455,19200,10457.7,-1,10834.3,gcp_kvm_cxl_bpftime_node1,measured
456,19200,10632.9,-1,11102.2,gcp_kvm_cxl_bpftime_node1,measured
457,19200,10983.4,-1,11478.2,gcp_kvm_cxl_bpftime_node1,measured
458,19200,10786.1,-1,11183.3,gcp_kvm_cxl_bpftime_node1,measured
459,19200,10793.2,-1,11346.6,gcp_kvm_cxl_bpftime_node1,measured
460,19200,11074.0,-1,11516.9,gcp_kvm_cxl_bpftime_node1,measured
461,19200,11100.9,-1,11400.7,gcp_kvm_cxl_bpftime_node1,measured
462,19200,10845.0,-1,11282.5,gcp_kvm_cxl_bpftime_node1,measured
463,19200,11146.6,-1,11511.9,gcp_kvm_cxl_bpftime_node1,measured
464,19200,11104.5,-1,11505.9,gcp_kvm_cxl_bpftime_node1,measured
465,19200,11305.2,-1,11700.5,gcp_kvm_cxl_bpftime_node1,measured
466,19200,11050.2,-1,11391.6,gcp_kvm_cxl_bpftime_node1,measured
467,19200,11098.0,-1,11539.1,gcp_kvm_cxl_bpftime_node1,measured
468,19200,10990.8,-1,11367.2,gcp_kvm_cxl_bpftime_node1,measured
469,19200,11324.6,-1,11609.1,gcp_kvm_cxl_bpftime_node1,measured
470,19200,10854.1,-1,11324.2,gcp_kvm_cxl_bpftime_node1,measured
471,19200,10730.1,-1,11248.6,gcp_kvm_cxl_bpftime_node1,measured
472,19200,11280.8,-1,11655.1,gcp_kvm_cxl_bpftime_node1,measured
473,19200,11079.9,-1,11474.7,gcp_kvm_cxl_bpftime_node1,measured
474,19200,11186.8,-1,11607.6,gcp_kvm_cxl_bpftime_node1,measured
475,19200,11271.9,-1,11696.0,gcp_kvm_cxl_bpftime_node1,measured
476,19200,11207.9,-1,11564.5,gcp_kvm_cxl_bpftime_node1,measured
477,19200,11204.5,-1,11493.5,gcp_kvm_cxl_bpftime_node1,measured
478,19200,11146.2,-1,11561.0,gcp_kvm_cxl_bpftime_node1,measured
479,19200,11182.0,-1,11511.8,gcp_kvm_cxl_bpftime_node1,measured
480,19200,10723.8,-1,11165.5,gcp_kvm_cxl_bpftime_node1,measured
481,19200,11098.1,-1,11527.8,gcp_kvm_cxl_bpftime_node1,measured
482,19200,11213.6,-1,11711.8,gcp_kvm_cxl_bpftime_node1,measured
483,19200,11101.4,-1,11575.8,gcp_kvm_cxl_bpftime_node1,measured
484,19200,10972.2,-1,11415.3,gcp_kvm_cxl_bpftime_node1,measured
485,19200,10601.8,-1,10975.5,gcp_kvm_cxl_bpftime_node1,measured
486,19200,11190.6,-1,11391.1,gcp_kvm_cxl_bpftime_node1,measured
487,19200,10818.7,-1,11184.7,gcp_kvm_cxl_bpftime_node1,measured
488,19200,10919.5,-1,11362.7,gcp_kvm_cxl_bpftime_node1,measured
489,19200,11214.5,-1,11674.1,gcp_kvm_cxl_bpftime_node1,measured
490,19200,11054.5,-1,11454.9,gcp_kvm_cxl_bpftime_node1,measured
491,19200,11348.4,-1,11904.3,gcp_kvm_cxl_bpftime_node1,measured
492,19200,10735.3,-1,11169.1,gcp_kvm_cxl_bpftime_node1,measured
493,19200,11232.2,-1,11690.3,gcp_kvm_cxl_bpftime_node1,measured
494,19200,10957.8,-1,11241.8,gcp_kvm_cxl_bpftime_node1,measured
495,19200,11008.9,-1,11440.0,gcp_kvm_cxl_bpftime_node1,measured
496,19200,10838.8,-1,11272.2,gcp_kvm_cxl_bpftime_node1,measured
497,19200,10820.0,-1,11247.5,gcp_kvm_cxl_bpftime_node1,measured
498,19200,10528.9,-1,11001.3,gcp_kvm_cxl_bpftime_node1,measured
499,19200,11211.1,-1,11651.5,gcp_kvm_cxl_bpftime_node1,measured
500,19200,11476.2,-1,11584.4,gcp_kvm_cxl_bpftime_node1,measured
501,19200,11357.0,-1,11770.5,gcp_kvm_cxl_bpftime_node1,measured
502,19200,11005.1,-1,11445.5,gcp_kvm_cxl_bpftime_node1,measured
503,19200,10781.2,-1,11145.9,gcp_kvm_cxl_bpftime_node1,measured
504,19200,10991.2,-1,11381.2,gcp_kvm_cxl_bpftime_node1,measured
505,19200,11292.0,-1,11680.4,gcp_kvm_cxl_bpftime_node1,measured
506,19200,11032.2,-1,11413.7,gcp_kvm_cxl_bpftime_node1,measured
507,19200,10974.3,-1,11365.7,gcp_kvm_cxl_bpftime_node1,measured
508,19200,10697.6,-1,11213.2,gcp_kvm_cxl_bpftime_node1,measured
509,19200,10647.9,-1,11079.8,gcp_kvm_cxl_bpftime_node1,measured
510,19200,11055.2,-1,11425.6,gcp_kvm_cxl_bpftime_node1,measured
511,19200,10827.2,-1,11241.3,gcp_kvm_cxl_bpftime_node1,measured
512,19200,10951.4,-1,11434.5,gcp_kvm_cxl_bpftime_node1,measured
513,19200,11263.0,-1,11664.7,gcp_kvm_cxl_bpftime_node1,measured
514,19200,11214.8,-1,11690.9,gcp_kvm_cxl_bpftime_node1,measured
515,19200,10672.1,-1,11009.3,gcp_kvm_cxl_bpftime_node1,measured
516,19200,10858.0,-1,11300.4,gcp_kvm_cxl_bpftime_node1,measured
517,19200,10688.2,-1,11144.3,gcp_kvm_cxl_bpftime_node1,measured
518,19200,11062.8,-1,11525.3,gcp_kvm_cxl_bpftime_node1,measured
519,19200,11295.8,-1,11744.1,gcp_kvm_cxl_bpftime_node1,measured
520,19200,10949.7,-1,11397.9,gcp_kvm_cxl_bpftime_node1,measured
521,19200,10730.5,-1,11220.5,gcp_kvm_cxl_bpftime_node1,measured
522,19200,10544.6,-1,10973.7,gcp_kvm_cxl_bpftime_node1,measured
523,19200,10742.9,-1,10948.7,gcp_kvm_cxl_bpftime_node1,measured
524,19200,10508.0,-1,10958.0,gcp_kvm_cxl_bpftime_node1,measured
525,19200,10601.7,-1,11047.6,gcp_kvm_cxl_bpftime_node1,measured
526,19200,11043.4,-1,11267.6,gcp_kvm_cxl_bpftime_node1,measured
527,19200,10487.0,-1,10828.5,gcp_kvm_cxl_bpftime_node1,measured
528,19200,11354.8,-1,11861.6,gcp_kvm_cxl_bpftime_node1,measured
529,19200,11038.7,-1,11491.7,gcp_kvm_cxl_bpftime_node1,measured
530,19200,10793.3,-1,11091.6,gcp_kvm_cxl_bpftime_node1,measured
531,19200,10520.6,-1,10883.4,gcp_kvm_cxl_bpftime_node1,measured
532,19200,10553.3,-1,10927.2,gcp_kvm_cxl_bpftime_node1,measured
533,19200,11109.4,-1,11475.3,gcp_kvm_cxl_bpftime_node1,measured
534,19200,10447.3,-1,10931.8,gcp_kvm_cxl_bpftime_node1,measured
535,19200,11106.4,-1,11618.9,gcp_kvm_cxl_bpftime_node1,measured
536,19200,10603.5,-1,10975.7,gcp_kvm_cxl_bpftime_node1,measured
537,19200,11231.1,-1,11679.0,gcp_kvm_cxl_bpftime_node1,measured
538,19200,10845.2,-1,11130.1,gcp_kvm_cxl_bpftime_node1,measured
539,19200,11117.8,-1,11477.3,gcp_kvm_cxl_bpftime_node1,measured
540,19200,11046.3,-1,11468.7,gcp_kvm_cxl_bpftime_node1,measured
541,19200,11133.0,-1,11574.8,gcp_kvm_cxl_bpftime_node1,measured
542,19200,10476.2,-1,10807.3,gcp_kvm_cxl_bpftime_node1,measured
543,19200,10865.4,-1,11221.2,gcp_kvm_cxl_bpftime_node1,measured
544,19200,10967.0,-1,11260.2,gcp_kvm_cxl_bpftime_node1,measured
545,19200,11277.4,-1,11717.6,gcp_kvm_cxl_bpftime_node1,measured
546,19200,10977.3,-1,11257.4,gcp_kvm_cxl_bpftime_node1,measured
547,19200,11174.3,-1,11464.0,gcp_kvm_cxl_bpftime_node1,measured
548,19200,11355.2,-1,11780.3,gcp_kvm_cxl_bpftime_node1,measured
549,19200,11126.9,-1,11443.4,gcp_kvm_cxl_bpftime_node1,measured
550,19200,11093.2,-1,11382.2,gcp_kvm_cxl_bpftime_node1,measured
551,19200,11155.5,-1,11569.7,gcp_kvm_cxl_bpftime_node1,measured
552,19200,10602.6,-1,11055.6,gcp_kvm_cxl_bpftime_node1,measured
553,19200,10520.6,-1,10985.2,gcp_kvm_cxl_bpftime_node1,measured
554,19200,10591.1,-1,11043.7,gcp_kvm_cxl_bpftime_node1,measured
555,19200,10800.1,-1,11220.6,gcp_kvm_cxl_bpftime_node1,measured
556,19200,10883.5,-1,11081.4,gcp_kvm_cxl_bpftime_node1,measured
557,19200,11054.5,-1,11490.8,gcp_kvm_cxl_bpftime_node1,measured
558,19200,11055.9,-1,11423.7,gcp_kvm_cxl_bpftime_node1,measured
559,19200,10991.1,-1,11334.9,gcp_kvm_cxl_bpftime_node1,measured
560,19200,11505.5,-1,11934.9,gcp_kvm_cxl_bpftime_node1,measured
561,19200,10845.0,-1,11235.4,gcp_kvm_cxl_bpftime_node1,measured
562,19200,11191.5,-1,11669.4,gcp_kvm_cxl_bpftime_node1,measured
563,19200,11226.7,-1,11643.7,gcp_kvm_cxl_bpftime_node1,measured
564,19200,11229.2,-1,11626.4,gcp_kvm_cxl_bpftime_node1,measured
565,19200,11077.3,-1,11548.9,gcp_kvm_cxl_bpftime_node1,measured
566,19200,11176.3,-1,11592.3,gcp_kvm_cxl_bpftime_node1,measured
567,19200,11450.6,-1,11889.6,gcp_kvm_cxl_bpftime_node1,measured
568,19200,10529.1,-1,11001.9,gcp_kvm_cxl_bpftime_node1,measured
569,19200,10536.1,-1,11017.1,gcp_kvm_cxl_bpftime_node1,measured
570,19200,11220.7,-1,11695.9,gcp_kvm_cxl_bpftime_node1,measured
571,19200,11275.6,-1,11661.1,gcp_kvm_cxl_bpftime_node1,measured
572,19200,11156.5,-1,11609.9,gcp_kvm_cxl_bpftime_node1,measured
573,19200,10981.1,-1,11447.1,gcp_kvm_cxl_bpftime_node1,measured
574,19200,10852.5,-1,11298.1,gcp_kvm_cxl_bpftime_node1,measured
575,19200,11086.0,-1,11640.9,gcp_kvm_cxl_bpftime_node1,measured
576,19200,10817.5,-1,11292.5,gcp_kvm_cxl_bpftime_node1,measured
577,19200,10740.2,-1,11311.2,gcp_kvm_cxl_bpftime_node1,measured
578,19200,11052.0,-1,11486.8,gcp_kvm_cxl_bpftime_node1,measured
579,19200,11002.0,-1,11406.2,gcp_kvm_cxl_bpftime_node1,measured
580,19200,11196.9,-1,11655.6,gcp_kvm_cxl_bpftime_node1,measured
581,19200,10650.0,-1,11039.7,gcp_kvm_cxl_bpftime_node1,measured
582,19200,11430.5,-1,11806.9,gcp_kvm_cxl_bpftime_node1,measured
583,19200,10799.1,-1,11176.2,gcp_kvm_cxl_bpftime_node1,measured
584,19200,10836.3,-1,11349.9,gcp_kvm_cxl_bpftime_node1,measured
585,19200,11433.2,-1,11843.4,gcp_kvm_cxl_bpftime_node1,measured
586,19200,11097.9,-1,11538.9,gcp_kvm_cxl_bpftime_node1,measured
587,19200,10869.0,-1,11223.7,gcp_kvm_cxl_bpftime_node1,measured
588,19200,11498.0,-1,11798.4,gcp_kvm_cxl_bpftime_node1,measured
589,19200,11098.5,-1,11468.0,gcp_kvm_cxl_bpftime_node1,measured
590,19200,11017.6,-1,11406.5,gcp_kvm_cxl_bpftime_node1,measured
591,19200,11112.0,-1,11444.8,gcp_kvm_cxl_bpftime_node1,measured
592,19200,10894.4,-1,11248.8,gcp_kvm_cxl_bpftime_node1,measured
593,19200,11342.1,-1,11779.0,gcp_kvm_cxl_bpftime_node1,measured
594,19200,10544.5,-1,11014.2,gcp_kvm_cxl_bpftime_node1,measured
595,19200,10921.3,-1,11352.1,gcp_kvm_cxl_bpftime_node1,measured
596,19200,11039.8,-1,11326.1,gcp_kvm_cxl_bpftime_node1,measured
597,19200,11136.9,-1,11553.6,gcp_kvm_cxl_bpftime_node1,measured
598,19200,11253.1,-1,11673.2,gcp_kvm_cxl_bpftime_node1,measured
599,19200,11144.8,-1,11446.3,gcp_kvm_cxl_bpftime_node1,measured
600,19200,11218.3,-1,11323.5,gcp_kvm_cxl_bpftime_node1,measured
601,19200,11456.7,-1,12010.9,gcp_kvm_cxl_bpftime_node1,measured
602,19200,11118.9,-1,11578.9,gcp_kvm_cxl_bpftime_node1,measured
603,19200,10799.4,-1,11213.1,gcp_kvm_cxl_bpftime_node1,measured
604,19200,11504.5,-1,11911.4,gcp_kvm_cxl_bpftime_node1,measured
605,19200,11166.9,-1,11604.4,gcp_kvm_cxl_bpftime_node1,measured
606,19200,11289.1,-1,11690.5,gcp_kvm_cxl_bpftime_node1,measured
607,19200,11230.8,-1,11507.5,gcp_kvm_cxl_bpftime_node1,measured
608,19200,10943.3,-1,11150.6,gcp_kvm_cxl_bpftime_node1,measured
609,19200,10855.4,-1,11061.8,gcp_kvm_cxl_bpftime_node1,measured
610,19200,11125.1,-1,11480.1,gcp_kvm_cxl_bpftime_node1,measured
611,19200,11086.8,-1,11281.9,gcp_kvm_cxl_bpftime_node1,measured
612,19200,11133.5,-1,11437.0,gcp_kvm_cxl_bpftime_node1,measured
613,19200,10452.1,-1,10959.8,gcp_kvm_cxl_bpftime_node1,measured
614,19200,10704.6,-1,10976.8,gcp_kvm_cxl_bpftime_node1,measured
615,19200,10868.4,-1,11156.5,gcp_kvm_cxl_bpftime_node1,measured
616,19200,11406.7,-1,11825.5,gcp_kvm_cxl_bpftime_node1,measured
617,19200,11179.8,-1,11461.6,gcp_kvm_cxl_bpftime_node1,measured
618,19200,10921.1,-1,11371.2,gcp_kvm_cxl_bpftime_node1,measured
619,19200,11037.3,-1,11468.1,gcp_kvm_cxl_bpftime_node1,measured
620,19200,10919.4,-1,11264.1,gcp_kvm_cxl_bpftime_node1,measured
621,19200,11245.8,-1,11554.7,gcp_kvm_cxl_bpftime_node1,measured
622,19200,11071.6,-1,11322.7,gcp_kvm_cxl_bpftime_node1,measured
623,19200,11261.8,-1,11646.8,gcp_kvm_cxl_bpftime_node1,measured
624,19200,11196.2,-1,11602.7,gcp_kvm_cxl_bpftime_node1,measured
625,19200,11258.7,-1,11620.6,gcp_kvm_cxl_bpftime_node1,measured
626,19200,11293.8,-1,11726.9,gcp_kvm_cxl_bpftime_node1,measured
627,19200,11318.5,-1,11724.6,gcp_kvm_cxl_bpftime_node1,measured
628,19200,10955.2,-1,11173.3,gcp_kvm_cxl_bpftime_node1,measured
629,19200,11141.6,-1,11489.0,gcp_kvm_cxl_bpftime_node1,measured
630,19200,10938.1,-1,11492.2,gcp_kvm_cxl_bpftime_node1,measured
631,19200,11031.6,-1,11377.0,gcp_kvm_cxl_bpftime_node1,measured
632,19200,10836.6,-1,11210.6,gcp_kvm_cxl_bpftime_node1,measured
633,19200,11147.5,-1,11436.8,gcp_kvm_cxl_bpftime_node1,measured
634,19200,11329.4,-1,11746.5,gcp_kvm_cxl_bpftime_node1,measured
635,19200,11160.8,-1,11692.0,gcp_kvm_cxl_bpftime_node1,measured
636,19200,11080.0,-1,11468.6,gcp_kvm_cxl_bpftime_node1,measured
637,19200,11296.4,-1,11666.2,gcp_kvm_cxl_bpftime_node1,measured
638,19200,11056.8,-1,11535.0,gcp_kvm_cxl_bpftime_node1,measured
639,19200,11341.5,-1,11784.0,gcp_kvm_cxl_bpftime_node1,measured
640,19200,11369.3,-1,11825.8,gcp_kvm_cxl_bpftime_node1,measured
641,19200,11239.8,-1,11645.4,gcp_kvm_cxl_bpftime_node1,measured
642,19200,10625.3,-1,11122.9,gcp_kvm_cxl_bpftime_node1,measured
643,19200,10756.6,-1,11153.3,gcp_kvm_cxl_bpftime_node1,measured
644,19200,11224.9,-1,11513.6,gcp_kvm_cxl_bpftime_node1,measured
645,19200,11352.2,-1,11712.1,gcp_kvm_cxl_bpftime_node1,measured
646,19200,11170.6,-1,11631.6,gcp_kvm_cxl_bpftime_node1,measured
647,19200,11247.9,-1,11692.5,gcp_kvm_cxl_bpftime_node1,measured
648,19200,11005.0,-1,11527.5,gcp_kvm_cxl_bpftime_node1,measured
649,19200,11281.7,-1,11731.8,gcp_kvm_cxl_bpftime_node1,measured
650,19200,11179.3,-1,11709.5,gcp_kvm_cxl_bpftime_node1,measured
651,19200,10955.3,-1,11514.2,gcp_kvm_cxl_bpftime_node1,measured
652,19200,11279.8,-1,11732.1,gcp_kvm_cxl_bpftime_node1,measured
653,19200,11239.2,-1,11633.2,gcp_kvm_cxl_bpftime_node1,measured
654,19200,11025.8,-1,11505.6,gcp_kvm_cxl_bpftime_node1,measured
655,19200,11194.7,-1,11621.5,gcp_kvm_cxl_bpftime_node1,measured
656,19200,10660.5,-1,11058.1,gcp_kvm_cxl_bpftime_node1,measured
657,19200,10572.0,-1,11043.3,gcp_kvm_cxl_bpftime_node1,measured
658,19200,11204.9,-1,11590.4,gcp_kvm_cxl_bpftime_node1,measured
659,19200,11379.0,-1,11741.0,gcp_kvm_cxl_bpftime_node1,measured
660,19200,11147.1,-1,11440.9,gcp_kvm_cxl_bpftime_node1,measured
661,19200,10866.9,-1,11390.5,gcp_kvm_cxl_bpftime_node1,measured
662,19200,11310.4,-1,11628.9,gcp_kvm_cxl_bpftime_node1,measured
663,19200,10665.2,-1,11151.7,gcp_kvm_cxl_bpftime_node1,measured
664,19200,11289.6,-1,11680.1,gcp_kvm_cxl_bpftime_node1,measured
665,19200,11284.2,-1,11628.7,gcp_kvm_cxl_bpftime_node1,measured
666,19200,11059.0,-1,11440.8,gcp_kvm_cxl_bpftime_node1,measured
667,19200,10546.1,-1,11012.7,gcp_kvm_cxl_bpftime_node1,measured
668,19200,10612.3,-1,11100.5,gcp_kvm_cxl_bpftime_node1,measured
669,19200,11384.3,-1,11772.7,gcp_kvm_cxl_bpftime_node1,measured
670,19200,10841.1,-1,11307.4,gcp_kvm_cxl_bpftime_node1,measured
671,19200,11377.5,-1,11770.2,gcp_kvm_cxl_bpftime_node1,measured
672,19200,11082.1,-1,11590.2,gcp_kvm_cxl_bpftime_node1,measured
673,19200,10869.5,-1,11312.2,gcp_kvm_cxl_bpftime_node1,measured
674,19200,11307.3,-1,11771.5,gcp_kvm_cxl_bpftime_node1,measured
675,19200,11216.7,-1,11758.8,gcp_kvm_cxl_bpftime_node1,measured
676,19200,10781.7,-1,11212.3,gcp_kvm_cxl_bpftime_node1,measured
677,19200,11040.3,-1,11522.9,gcp_kvm_cxl_bpftime_node1,measured
678,19200,11098.3,-1,11504.9,gcp_kvm_cxl_bpftime_node1,measured
679,19200,11294.5,-1,11822.0,gcp_kvm_cxl_bpftime_node1,measured
680,19200,11455.1,-1,11877.7,gcp_kvm_cxl_bpftime_node1,measured
681,19200,10928.6,-1,11344.2,gcp_kvm_cxl_bpftime_node1,measured
682,19200,11246.9,-1,11658.6,gcp_kvm_cxl_bpftime_node1,measured
683,19200,11048.1,-1,11482.4,gcp_kvm_cxl_bpftime_node1,measured
684,19200,11327.9,-1,11793.8,gcp_kvm_cxl_bpftime_node1,measured
685,19200,11229.0,-1,11640.8,gcp_kvm_cxl_bpftime_node1,measured
686,19200,11073.6,-1,11487.4,gcp_kvm_cxl_bpftime_node1,measured
687,19200,11333.7,-1,11869.6,gcp_kvm_cxl_bpftime_node1,measured
688,19200,11338.3,-1,11786.3,gcp_kvm_cxl_bpftime_node1,measured
689,19200,11070.6,-1,11540.7,gcp_kvm_cxl_bpftime_node1,measured
690,19200,11064.8,-1,11338.0,gcp_kvm_cxl_bpftime_node1,measured
691,19200,11043.2,-1,11422.1,gcp_kvm_cxl_bpftime_node1,measured
692,19200,11249.3,-1,11749.9,gcp_kvm_cxl_bpftime_node1,measured
693,19200,10816.0,-1,11290.4,gcp_kvm_cxl_bpftime_node1,measured
694,19200,11383.8,-1,11592.9,gcp_kvm_cxl_bpftime_node1,measured
695,19200,11211.5,-1,11477.3,gcp_kvm_cxl_bpftime_node1,measured
696,19200,11298.2,-1,11577.3,gcp_kvm_cxl_bpftime_node1,measured
697,19200,10642.9,-1,11122.2,gcp_kvm_cxl_bpftime_node1,measured
698,19200,11076.9,-1,11587.1,gcp_kvm_cxl_bpftime_node1,measured
699,19200,11377.0,-1,11807.7,gcp_kvm_cxl_bpftime_node1,measured
700,19200,11462.3,-1,11645.5,gcp_kvm_cxl_bpftime_node1,measured
701,19200,11255.5,-1,11683.4,gcp_kvm_cxl_bpftime_node1,measured
702,19200,10646.8,-1,11093.3,gcp_kvm_cxl_bpftime_node1,measured
703,19200,10619.8,-1,11071.8,gcp_kvm_cxl_bpftime_node1,measured
704,19200,11072.7,-1,11458.7,gcp_kvm_cxl_bpftime_node1,measured
705,19200,11341.4,-1,11774.8,gcp_kvm_cxl_bpftime_node1,measured
706,19200,10873.1,-1,11201.2,gcp_kvm_cxl_bpftime_node1,measured
707,19200,10918.1,-1,11205.0,gcp_kvm_cxl_bpftime_node1,measured
708,19200,11299.0,-1,11753.6,gcp_kvm_cxl_bpftime_node1,measured
709,19200,11326.4,-1,11758.9,gcp_kvm_cxl_bpftime_node1,measured
710,19200,11479.1,-1,11760.0,gcp_kvm_cxl_bpftime_node1,measured
711,19200,11004.6,-1,11433.1,gcp_kvm_cxl_bpftime_node1,measured
712,19200,11057.1,-1,11503.9,gcp_kvm_cxl_bpftime_node1,measured
713,19200,11382.5,-1,11814.0,gcp_kvm_cxl_bpftime_node1,measured
714,19200,10400.3,-1,10879.0,gcp_kvm_cxl_bpftime_node1,measured
715,19200,11229.8,-1,11714.9,gcp_kvm_cxl_bpftime_node1,measured
716,19200,11340.0,-1,11792.8,gcp_kvm_cxl_bpftime_node1,measured
717,19200,10557.4,-1,10931.1,gcp_kvm_cxl_bpftime_node1,measured
718,19200,10534.6,-1,10818.5,gcp_kvm_cxl_bpftime_node1,measured
719,19200,11271.8,-1,11656.7,gcp_kvm_cxl_bpftime_node1,measured
720,19200,10757.4,-1,11235.0,gcp_kvm_cxl_bpftime_node1,measured
721,19200,11038.2,-1,11378.6,gcp_kvm_cxl_bpftime_node1,measured
722,19200,10517.7,-1,10868.5,gcp_kvm_cxl_bpftime_node1,measured
723,19200,10619.9,-1,11062.1,gcp_kvm_cxl_bpftime_node1,measured
724,19200,10591.4,-1,10959.6,gcp_kvm_cxl_bpftime_node1,measured
725,19200,11034.8,-1,11419.6,gcp_kvm_cxl_bpftime_node1,measured
726,19200,11197.1,-1,11649.7,gcp_kvm_cxl_bpftime_node1,measured
727,19200,11391.7,-1,11826.0,gcp_kvm_cxl_bpftime_node1,measured
728,19200,10815.9,-1,11206.8,gcp_kvm_cxl_bpftime_node1,measured
729,19200,11322.3,-1,11700.1,gcp_kvm_cxl_bpftime_node1,measured
730,19200,10835.9,-1,11274.6,gcp_kvm_cxl_bpftime_node1,measured
731,19200,11235.5,-1,11808.5,gcp_kvm_cxl_bpftime_node1,measured
732,19200,11102.7,-1,11487.2,gcp_kvm_cxl_bpftime_node1,measured
733,19200,11088.9,-1,11630.7,gcp_kvm_cxl_bpftime_node1,measured
734,19200,11304.7,-1,11718.9,gcp_kvm_cxl_bpftime_node1,measured
735,19200,11156.4,-1,11550.7,gcp_kvm_cxl_bpftime_node1,measured
736,19200,11107.6,-1,11525.1,gcp_kvm_cxl_bpftime_node1,measured
737,19200,11361.5,-1,11670.4,gcp_kvm_cxl_bpftime_node1,measured
738,19200,10970.2,-1,11364.2,gcp_kvm_cxl_bpftime_node1,measured
739,19200,11221.7,-1,11583.5,gcp_kvm_cxl_bpftime_node1,measured
740,19200,11188.3,-1,11631.6,gcp_kvm_cxl_bpftime_node1,measured
741,19200,11144.6,-1,11711.8,gcp_kvm_cxl_bpftime_node1,measured
742,19200,10986.2,-1,11276.1,gcp_kvm_cxl_bpftime_node1,measured
743,19200,11230.6,-1,11649.1,gcp_kvm_cxl_bpftime_node1,measured
744,19200,11151.6,-1,11563.5,gcp_kvm_cxl_bpftime_node1,measured
745,19200,11212.7,-1,11723.9,gcp_kvm_cxl_bpftime_node1,measured
746,19200,11173.4,-1,11727.3,gcp_kvm_cxl_bpftime_node1,measured
747,19200,10851.1,-1,11275.1,gcp_kvm_cxl_bpftime_node1,measured
748,19200,10882.8,-1,11084.0,gcp_kvm_cxl_bpftime_node1,measured
749,19200,11299.2,-1,11753.7,gcp_kvm_cxl_bpftime_node1,measured
750,19200,11166.8,-1,11754.9,gcp_kvm_cxl_bpftime_node1,measured
751,19200,11285.3,-1,11729.9,gcp_kvm_cxl_bpftime_node1,measured
752,19200,11194.9,-1,11602.5,gcp_kvm_cxl_bpftime_node1,measured
753,19200,10551.4,-1,11021.8,gcp_kvm_cxl_bpftime_node1,measured
754,19200,11015.7,-1,11445.8,gcp_kvm_cxl_bpftime_node1,measured
755,19200,11387.9,-1,11805.0,gcp_kvm_cxl_bpftime_node1,measured
756,19200,11027.6,-1,11361.1,gcp_kvm_cxl_bpftime_node1,measured
757,19200,11256.8,-1,11660.4,gcp_kvm_cxl_bpftime_node1,measured
758,19200,11227.4,-1,11562.6,gcp_kvm_cxl_bpftime_node1,measured
759,19200,10818.3,-1,11243.6,gcp_kvm_cxl_bpftime_node1,measured
760,19200,11371.7,-1,11912.8,gcp_kvm_cxl_bpftime_node1,measured
761,19200,11177.8,-1,11573.0,gcp_kvm_cxl_bpftime_node1,measured
762,19200,10824.1,-1,11126.6,gcp_kvm_cxl_bpftime_node1,measured
763,19200,11353.1,-1,11869.7,gcp_kvm_cxl_bpftime_node1,measured
764,19200,11275.2,-1,11579.7,gcp_kvm_cxl_bpftime_node1,measured
765,19200,11271.1,-1,11694.6,gcp_kvm_cxl_bpftime_node1,measured
766,19200,10623.4,-1,11083.1,gcp_kvm_cxl_bpftime_node1,measured
767,19200,11195.7,-1,11699.7,gcp_kvm_cxl_bpftime_node1,measured
768,19200,11185.8,-1,11678.5,gcp_kvm_cxl_bpftime_node1,measured
769,19200,10832.8,-1,11281.0,gcp_kvm_cxl_bpftime_node1,measured
770,19200,11020.7,-1,11446.6,gcp_kvm_cxl_bpftime_node1,measured
771,19200,11224.4,-1,11622.5,gcp_kvm_cxl_bpftime_node1,measured
772,19200,11251.0,-1,11625.5,gcp_kvm_cxl_bpftime_node1,measured
773,19200,10989.8,-1,11411.8,gcp_kvm_cxl_bpftime_node1,measured
774,19200,10635.4,-1,11124.4,gcp_kvm_cxl_bpftime_node1,measured
775,19200,11300.9,-1,11686.7,gcp_kvm_cxl_bpftime_node1,measured
776,19200,11138.1,-1,11683.6,gcp_kvm_cxl_bpftime_node1,measured
777,19200,10729.6,-1,10923.3,gcp_kvm_cxl_bpftime_node1,measured
778,19200,11240.2,-1,11523.7,gcp_kvm_cxl_bpftime_node1,measured
779,19200,10534.2,-1,10955.3,gcp_kvm_cxl_bpftime_node1,measured
780,19200,10630.6,-1,11076.9,gcp_kvm_cxl_bpftime_node1,measured
781,19200,10568.0,-1,11032.5,gcp_kvm_cxl_bpftime_node1,measured
782,19200,10791.6,-1,11311.1,gcp_kvm_cxl_bpftime_node1,measured
783,19200,10994.2,-1,11271.7,gcp_kvm_cxl_bpftime_node1,measured
784,19200,11311.9,-1,11730.4,gcp_kvm_cxl_bpftime_node1,measured
785,19200,10954.8,-1,11249.3,gcp_kvm_cxl_bpftime_node1,measured
786,19200,11322.3,-1,11741.6,gcp_kvm_cxl_bpftime_node1,measured
787,19200,11209.3,-1,11659.1,gcp_kvm_cxl_bpftime_node1,measured
788,19200,11228.0,-1,11702.4,gcp_kvm_cxl_bpftime_node1,measured
789,19200,11163.1,-1,11614.7,gcp_kvm_cxl_bpftime_node1,measured
790,19200,11120.0,-1,11415.4,gcp_kvm_cxl_bpftime_node1,measured
791,19200,10569.9,-1,11076.7,gcp_kvm_cxl_bpftime_node1,measured
792,19200,10900.7,-1,11398.8,gcp_kvm_cxl_bpftime_node1,measured
793,19200,11214.3,-1,11510.6,gcp_kvm_cxl_bpftime_node1,measured
794,19200,10799.0,-1,11203.5,gcp_kvm_cxl_bpftime_node1,measured
795,19200,10564.2,-1,10923.4,gcp_kvm_cxl_bpftime_node1,measured
796,19200,11139.9,-1,11582.1,gcp_kvm_cxl_bpftime_node1,measured
797,19200,11011.1,-1,11372.9,gcp_kvm_cxl_bpftime_node1,measured
798,19200,11238.0,-1,11736.2,gcp_kvm_cxl_bpftime_node1,measured
799,19200,11316.9,-1,11653.1,gcp_kvm_cxl_bpftime_node1,measured
800,19200,11246.5,-1,11392.2,gcp_kvm_cxl_bpftime_node1,measured
801,19200,10870.8,-1,11312.1,gcp_kvm_cxl_bpftime_node1,measured
802,19200,11053.6,-1,11393.6,gcp_kvm_cxl_bpftime_node1,measured
803,19200,11390.7,-1,11813.5,gcp_kvm_cxl_bpftime_node1,measured
804,19200,11155.5,-1,11604.3,gcp_kvm_cxl_bpftime_node1,measured
805,19200,10665.0,-1,11146.2,gcp_kvm_cxl_bpftime_node1,measured
806,19200,10859.7,-1,11278.8,gcp_kvm_cxl_bpftime_node1,measured
807,19200,11191.2,-1,11547.7,gcp_kvm_cxl_bpftime_node1,measured
808,19200,11063.5,-1,11394.0,gcp_kvm_cxl_bpftime_node1,measured
809,19200,11062.2,-1,11478.2,gcp_kvm_cxl_bpftime_node1,measured
810,19200,11104.4,-1,11295.3,gcp_kvm_cxl_bpftime_node1,measured
811,19200,11272.4,-1,11723.3,gcp_kvm_cxl_bpftime_node1,measured
812,19200,11116.2,-1,11572.3,gcp_kvm_cxl_bpftime_node1,measured
813,19200,10767.3,-1,11159.7,gcp_kvm_cxl_bpftime_node1,measured
814,19200,10883.5,-1,11426.5,gcp_kvm_cxl_bpftime_node1,measured
815,19200,10630.1,-1,10957.9,gcp_kvm_cxl_bpftime_node1,measured
816,19200,11172.6,-1,11584.9,gcp_kvm_cxl_bpftime_node1,measured
817,19200,10871.7,-1,11383.0,gcp_kvm_cxl_bpftime_node1,measured
818,19200,11052.6,-1,11474.9,gcp_kvm_cxl_bpftime_node1,measured
819,19200,11444.3,-1,11739.4,gcp_kvm_cxl_bpftime_node1,measured
820,19200,10792.4,-1,11216.9,gcp_kvm_cxl_bpftime_node1,measured
821,19200,11316.6,-1,11663.6,gcp_kvm_cxl_bpftime_node1,measured
822,19200,11021.3,-1,11420.0,gcp_kvm_cxl_bpftime_node1,measured
823,19200,11137.2,-1,11419.4,gcp_kvm_cxl_bpftime_node1,measured
824,19200,11130.5,-1,11555.6,gcp_kvm_cxl_bpftime_node1,measured
825,19200,10840.5,-1,11266.8,gcp_kvm_cxl_bpftime_node1,measured
826,19200,10592.9,-1,10975.3,gcp_kvm_cxl_bpftime_node1,measured
827,19200,11027.2,-1,11483.6,gcp_kvm_cxl_bpftime_node1,measured
828,19200,10642.5,-1,11009.0,gcp_kvm_cxl_bpftime_node1,measured
829,19200,10727.3,-1,11107.3,gcp_kvm_cxl_bpftime_node1,measured
830,19200,11061.4,-1,11627.3,gcp_kvm_cxl_bpftime_node1,measured
831,19200,11081.8,-1,11427.9,gcp_kvm_cxl_bpftime_node1,measured
832,19200,11406.8,-1,11804.1,gcp_kvm_cxl_bpftime_node1,measured
833,19200,11156.2,-1,11608.1,gcp_kvm_cxl_bpftime_node1,measured
834,19200,10815.3,-1,11175.7,gcp_kvm_cxl_bpftime_node1,measured
835,19200,11176.7,-1,11487.7,gcp_kvm_cxl_bpftime_node1,measured
836,19200,10574.7,-1,11010.9,gcp_kvm_cxl_bpftime_node1,measured
837,19200,11360.5,-1,11794.2,gcp_kvm_cxl_bpftime_node1,measured
838,19200,11281.5,-1,11779.1,gcp_kvm_cxl_bpftime_node1,measured
839,19200,11297.6,-1,11720.0,gcp_kvm_cxl_bpftime_node1,measured
840,19200,11209.8,-1,11516.9,gcp_kvm_cxl_bpftime_node1,measured
841,19200,10638.2,-1,10993.6,gcp_kvm_cxl_bpftime_node1,measured
842,19200,11105.5,-1,11554.9,gcp_kvm_cxl_bpftime_node1,measured
843,19200,11187.8,-1,11633.6,gcp_kvm_cxl_bpftime_node1,measured
844,19200,11192.8,-1,11719.8,gcp_kvm_cxl_bpftime_node1,measured
845,19200,11312.7,-1,11780.1,gcp_kvm_cxl_bpftime_node1,measured
846,19200,10745.0,-1,11113.6,gcp_kvm_cxl_bpftime_node1,measured
847,19200,10602.5,-1,11155.3,gcp_kvm_cxl_bpftime_node1,measured
848,19200,11103.7,-1,11501.6,gcp_kvm_cxl_bpftime_node1,measured
849,19200,11254.7,-1,11720.0,gcp_kvm_cxl_bpftime_node1,measured
850,19200,10868.7,-1,11287.7,gcp_kvm_cxl_bpftime_node1,measured
851,19200,10874.5,-1,11297.1,gcp_kvm_cxl_bpftime_node1,measured
852,19200,11206.7,-1,11719.7,gcp_kvm_cxl_bpftime_node1,measured
853,19200,11208.3,-1,11434.7,gcp_kvm_cxl_bpftime_node1,measured
854,19200,11048.1,-1,11562.2,gcp_kvm_cxl_bpftime_node1,measured
855,19200,10812.4,-1,11028.3,gcp_kvm_cxl_bpftime_node1,measured
856,19200,10666.5,-1,11017.2,gcp_kvm_cxl_bpftime_node1,measured
857,19200,11332.5,-1,11695.1,gcp_kvm_cxl_bpftime_node1,measured
858,19200,11329.4,-1,11760.4,gcp_kvm_cxl_bpftime_node1,measured
859,19200,11300.7,-1,11667.4,gcp_kvm_cxl_bpftime_node1,measured
860,19200,10645.5,-1,11142.5,gcp_kvm_cxl_bpftime_node1,measured
861,19200,11300.8,-1,11753.6,gcp_kvm_cxl_bpftime_node1,measured
862,19200,11206.0,-1,11726.7,gcp_kvm_cxl_bpftime_node1,measured
863,19200,10719.5,-1,11076.1,gcp_kvm_cxl_bpftime_node1,measured
864,19200,10870.3,-1,11298.9,gcp_kvm_cxl_bpftime_node1,measured
865,19200,11007.3,-1,11449.2,gcp_kvm_cxl_bpftime_node1,measured
866,19200,10829.8,-1,11242.5,gcp_kvm_cxl_bpftime_node1,measured
867,19200,11321.8,-1,11665.0,gcp_kvm_cxl_bpftime_node1,measured
868,19200,10752.6,-1,11151.9,gcp_kvm_cxl_bpftime_node1,measured
869,19200,11276.9,-1,11650.3,gcp_kvm_cxl_bpftime_node1,measured
870,19200,11109.9,-1,11518.1,gcp_kvm_cxl_bpftime_node1,measured
871,19200,11053.4,-1,11619.1,gcp_kvm_cxl_bpftime_node1,measured
872,19200,11263.5,-1,11709.3,gcp_kvm_cxl_bpftime_node1,measured
873,19200,11183.9,-1,11614.8,gcp_kvm_cxl_bpftime_node1,measured
874,19200,11106.9,-1,11681.2,gcp_kvm_cxl_bpftime_node1,measured
875,19200,10967.9,-1,11411.8,gcp_kvm_cxl_bpftime_node1,measured
876,19200,11107.6,-1,11577.5,gcp_kvm_cxl_bpftime_node1,measured
877,19200,10832.6,-1,11128.8,gcp_kvm_cxl_bpftime_node1,measured
878,19200,10622.2,-1,10929.0,gcp_kvm_cxl_bpftime_node1,measured
879,19200,11399.2,-1,11852.0,gcp_kvm_cxl_bpftime_node1,measured
880,19200,10609.4,-1,10961.9,gcp_kvm_cxl_bpftime_node1,measured
881,19200,10771.2,-1,11122.4,gcp_kvm_cxl_bpftime_node1,measured
882,19200,11111.1,-1,11546.1,gcp_kvm_cxl_bpftime_node1,measured
883,19200,11116.2,-1,11476.9,gcp_kvm_cxl_bpftime_node1,measured
884,19200,11269.8,-1,11632.4,gcp_kvm_cxl_bpftime_node1,measured
885,19200,11350.5,-1,11761.0,gcp_kvm_cxl_bpftime_node1,measured
886,19200,10892.1,-1,11194.1,gcp_kvm_cxl_bpftime_node1,measured
887,19200,11310.5,-1,11717.8,gcp_kvm_cxl_bpftime_node1,measured
888,19200,11170.2,-1,11628.7,gcp_kvm_cxl_bpftime_node1,measured
889,19200,11177.7,-1,11476.5,gcp_kvm_cxl_bpftime_node1,measured
890,19200,11230.5,-1,11771.0,gcp_kvm_cxl_bpftime_node1,measured
891,19200,10791.6,-1,11260.7,gcp_kvm_cxl_bpftime_node1,measured
892,19200,10860.3,-1,11291.2,gcp_kvm_cxl_bpftime_node1,measured
893,19200,10711.3,-1,11051.0,gcp_kvm_cxl_bpftime_node1,measured
894,19200,10928.4,-1,11245.6,gcp_kvm_cxl_bpftime_node1,measured
895,19200,11178.6,-1,11657.6,gcp_kvm_cxl_bpftime_node1,measured
896,19200,10769.0,-1,11195.1,gcp_kvm_cxl_bpftime_node1,measured
897,19200,10994.1,-1,11313.2,gcp_kvm_cxl_bpftime_node1,measured
898,19200,11119.6,-1,11645.6,gcp_kvm_cxl_bpftime_node1,measured
899,19200,10769.2,-1,11208.7,gcp_kvm_cxl_bpftime_node1,measured
900,19200,11634.1,-1,11715.5,gcp_kvm_cxl_bpftime_node1,measured
901,19200,11366.1,-1,11794.5,gcp_kvm_cxl_bpftime_node1,measured
902,19200,11107.7,-1,11528.8,gcp_kvm_cxl_bpftime_node1,measured
903,19200,10742.9,-1,11059.0,gcp_kvm_cxl_bpftime_node1,measured
904,19200,11213.3,-1,11687.3,gcp_kvm_cxl_bpftime_node1,measured
905,19200,11371.0,-1,11570.5,gcp_kvm_cxl_bpftime_node1,measured
906,19200,11188.9,-1,11551.9,gcp_kvm_cxl_bpftime_node1,measured
907,19200,11297.3,-1,11765.2,gcp_kvm_cxl_bpftime_node1,measured
908,19200,11299.0,-1,11644.5,gcp_kvm_cxl_bpftime_node1,measured
909,19200,11140.2,-1,11420.4,gcp_kvm_cxl_bpftime_node1,measured
910,19200,10553.5,-1,10906.8,gcp_kvm_cxl_bpftime_node1,measured
911,19200,10679.7,-1,11209.2,gcp_kvm_cxl_bpftime_node1,measured
912,19200,10527.8,-1,10979.8,gcp_kvm_cxl_bpftime_node1,measured
913,19200,10520.6,-1,10974.0,gcp_kvm_cxl_bpftime_node1,measured
914,19200,10551.0,-1,11007.9,gcp_kvm_cxl_bpftime_node1,measured
915,19200,11308.7,-1,11691.9,gcp_kvm_cxl_bpftime_node1,measured
916,19200,10798.2,-1,11016.5,gcp_kvm_cxl_bpftime_node1,measured
917,19200,11282.3,-1,11774.3,gcp_kvm_cxl_bpftime_node1,measured
918,19200,11249.0,-1,11663.7,gcp_kvm_cxl_bpftime_node1,measured
919,19200,11224.6,-1,11644.0,gcp_kvm_cxl_bpftime_node1,measured
920,19200,10553.4,-1,11019.5,gcp_kvm_cxl_bpftime_node1,measured
921,19200,10637.2,-1,11109.7,gcp_kvm_cxl_bpftime_node1,measured
922,19200,10554.8,-1,10930.7,gcp_kvm_cxl_bpftime_node1,measured
923,19200,10519.2,-1,10943.8,gcp_kvm_cxl_bpftime_node1,measured
924,19200,10612.2,-1,11062.4,gcp_kvm_cxl_bpftime_node1,measured
925,19200,11074.9,-1,11509.0,gcp_kvm_cxl_bpftime_node1,measured
926,19200,10825.2,-1,11193.6,gcp_kvm_cxl_bpftime_node1,measured
927,19200,11146.4,-1,11624.8,gcp_kvm_cxl_bpftime_node1,measured
928,19200,10792.4,-1,11151.8,gcp_kvm_cxl_bpftime_node1,measured
929,19200,10976.0,-1,11326.2,gcp_kvm_cxl_bpftime_node1,measured
930,19200,11289.0,-1,11809.7,gcp_kvm_cxl_bpftime_node1,measured
931,19200,11147.9,-1,11505.1,gcp_kvm_cxl_bpftime_node1,measured
932,19200,11209.2,-1,11615.6,gcp_kvm_cxl_bpftime_node1,measured
933,19200,11266.1,-1,11648.4,gcp_kvm_cxl_bpftime_node1,measured
934,19200,11213.4,-1,11609.1,gcp_kvm_cxl_bpftime_node1,measured
935,19200,11216.1,-1,11493.7,gcp_kvm_cxl_bpftime_node1,measured
936,19200,10947.6,-1,11491.9,gcp_kvm_cxl_bpftime_node1,measured
937,19200,11229.4,-1,11586.9,gcp_kvm_cxl_bpftime_node1,measured
938,19200,11366.3,-1,11729.4,gcp_kvm_cxl_bpftime_node1,measured
939,19200,11348.9,-1,11731.1,gcp_kvm_cxl_bpftime_node1,measured
940,19200,11362.4,-1,11560.8,gcp_kvm_cxl_bpftime_node1,measured
941,19200,11310.4,-1,11701.7,gcp_kvm_cxl_bpftime_node1,measured
942,19200,10996.1,-1,11560.0,gcp_kvm_cxl_bpftime_node1,measured
943,19200,11128.8,-1,11540.2,gcp_kvm_cxl_bpftime_node1,measured
944,19200,11194.8,-1,11674.2,gcp_kvm_cxl_bpftime_node1,measured
945,19200,10726.7,-1,11137.9,gcp_kvm_cxl_bpftime_node1,measured
946,19200,11224.6,-1,11659.1,gcp_kvm_cxl_bpftime_node1,measured
947,19200,10831.0,-1,11280.0,gcp_kvm_cxl_bpftime_node1,measured
948,19200,11306.6,-1,11753.0,gcp_kvm_cxl_bpftime_node1,measured
949,19200,11191.9,-1,11474.6,gcp_kvm_cxl_bpftime_node1,measured
950,19200,10538.2,-1,11005.3,gcp_kvm_cxl_bpftime_node1,measured
951,19200,10666.5,-1,11094.4,gcp_kvm_cxl_bpftime_node1,measured
952,19200,10831.0,-1,11182.7,gcp_kvm_cxl_bpftime_node1,measured
953,19200,11113.8,-1,11545.0,gcp_kvm_cxl_bpftime_node1,measured
954,19200,11075.6,-1,11617.4,gcp_kvm_cxl_bpftime_node1,measured
955,19200,10793.9,-1,11219.0,gcp_kvm_cxl_bpftime_node1,measured
956,19200,11337.7,-1,11775.6,gcp_kvm_cxl_bpftime_node1,measured
957,19200,10862.0,-1,11278.9,gcp_kvm_cxl_bpftime_node1,measured
958,19200,10813.4,-1,11366.1,gcp_kvm_cxl_bpftime_node1,measured
959,19200,11184.4,-1,11712.0,gcp_kvm_cxl_bpftime_node1,measured
960,19200,11189.0,-1,11582.5,gcp_kvm_cxl_bpftime_node1,measured
961,19200,10914.8,-1,11336.7,gcp_kvm_cxl_bpftime_node1,measured
962,19200,11249.7,-1,11641.7,gcp_kvm_cxl_bpftime_node1,measured
963,19200,10808.1,-1,11218.8,gcp_kvm_cxl_bpftime_node1,measured
964,19200,11117.3,-1,11665.4,gcp_kvm_cxl_bpftime_node1,measured
965,19200,10846.7,-1,11267.6,gcp_kvm_cxl_bpftime_node1,measured
966,19200,11154.0,-1,11433.6,gcp_kvm_cxl_bpftime_node1,measured
967,19200,11361.5,-1,11884.3,gcp_kvm_cxl_bpftime_node1,measured
968,19200,10756.2,-1,11235.4,gcp_kvm_cxl_bpftime_node1,measured
969,19200,10889.9,-1,11237.8,gcp_kvm_cxl_bpftime_node1,measured
970,19200,11051.7,-1,11445.4,gcp_kvm_cxl_bpftime_node1,measured
971,19200,11035.9,-1,11492.7,gcp_kvm_cxl_bpftime_node1,measured
972,19200,10560.6,-1,10916.3,gcp_kvm_cxl_bpftime_node1,measured
973,19200,11188.1,-1,11635.2,gcp_kvm_cxl_bpftime_node1,measured
974,19200,11224.5,-1,11762.3,gcp_kvm_cxl_bpftime_node1,measured
975,19200,11402.1,-1,11923.9,gcp_kvm_cxl_bpftime_node1,measured
976,19200,11323.4,-1,11605.0,gcp_kvm_cxl_bpftime_node1,measured
977,19200,10872.8,-1,11338.3,gcp_kvm_cxl_bpftime_node1,measured
978,19200,11191.1,-1,11713.5,gcp_kvm_cxl_bpftime_node1,measured
979,19200,10655.8,-1,10942.7,gcp_kvm_cxl_bpftime_node1,measured
980,19200,10545.7,-1,10822.0,gcp_kvm_cxl_bpftime_node1,measured
981,19200,10607.3,-1,10869.4,gcp_kvm_cxl_bpftime_node1,measured
982,19200,10525.1,-1,10788.6,gcp_kvm_cxl_bpftime_node1,measured
983,19200,11166.9,-1,11618.6,gcp_kvm_cxl_bpftime_node1,measured
984,19200,11139.1,-1,11570.5,gcp_kvm_cxl_bpftime_node1,measured
985,19200,11107.7,-1,11382.4,gcp_kvm_cxl_bpftime_node1,measured
986,19200,10549.4,-1,10901.9,gcp_kvm_cxl_bpftime_node1,measured
987,19200,11288.5,-1,11736.1,gcp_kvm_cxl_bpftime_node1,measured
988,19200,10803.7,-1,11208.3,gcp_kvm_cxl_bpftime_node1,measured
989,19200,10531.2,-1,10897.7,gcp_kvm_cxl_bpftime_node1,measured
990,19200,11138.4,-1,11493.7,gcp_kvm_cxl_bpftime_node1,measured
991,19200,10596.5,-1,11055.9,gcp_kvm_cxl_bpftime_node1,measured
992,19200,10831.3,-1,11292.1,gcp_kvm_cxl_bpftime_node1,measured
993,19200,11143.7,-1,11417.5,gcp_kvm_cxl_bpftime_node1,measured
994,19200,11498.8,-1,11910.8,gcp_kvm_cxl_bpftime_node1,measured
995,19200,11522.3,-1,11962.1,gcp_kvm_cxl_bpftime_node1,measured
996,19200,10832.7,-1,11271.7,gcp_kvm_cxl_bpftime_node1,measured
997,19200,10630.1,-1,11067.2,gcp_kvm_cxl_bpftime_node1,measured
998,19200,10976.4,-1,11416.7,gcp_kvm_cxl_bpftime_node1,measured
999,19200,11229.2,-1,11635.7,gcp_kvm_cxl_bpftime_node1,measured
1000,19200,11257.7,-1,11396.1,gcp_kvm_cxl_bpftime_node1,measured
1001,19200,11185.5,-1,11394.7,gcp_kvm_cxl_bpftime_node1,measured
1002,19200,10922.6,-1,11270.1,gcp_kvm_cxl_bpftime_node1,measured
1003,19200,11064.1,-1,11340.4,gcp_kvm_cxl_bpftime_node1,measured
1004,19200,10699.0,-1,11064.7,gcp_kvm_cxl_bpftime_node1,measured
1005,19200,10800.2,-1,11236.2,gcp_kvm_cxl_bpftime_node1,measured
1006,19200,10650.0,-1,11118.1,gcp_kvm_cxl_bpftime_node1,measured
1007,19200,10829.6,-1,11053.1,gcp_kvm_cxl_bpftime_node1,measured
1008,19200,11272.5,-1,11734.2,gcp_kvm_cxl_bpftime_node1,measured
1009,19200,11282.8,-1,11686.6,gcp_kvm_cxl_bpftime_node1,measured
1010,19200,10820.4,-1,11367.0,gcp_kvm_cxl_bpftime_node1,measured
1011,19200,10851.8,-1,11206.9,gcp_kvm_cxl_bpftime_node1,measured
1012,19200,11061.9,-1,11578.6,gcp_kvm_cxl_bpftime_node1,measured
1013,19200,10758.6,-1,11113.4,gcp_kvm_cxl_bpftime_node1,measured
1014,19200,11251.0,-1,11698.9,gcp_kvm_cxl_bpftime_node1,measured
1015,19200,10857.3,-1,11280.2,gcp_kvm_cxl_bpftime_node1,measured
1016,19200,11164.3,-1,11654.8,gcp_kvm_cxl_bpftime_node1,measured
1017,19200,10852.1,-1,11165.3,gcp_kvm_cxl_bpftime_node1,measured
1018,19200,11464.9,-1,11879.2,gcp_kvm_cxl_bpftime_node1,measured
1019,19200,10814.9,-1,11264.4,gcp_kvm_cxl_bpftime_node1,measured
1020,19200,10498.6,-1,10931.9,gcp_kvm_cxl_bpftime_node1,measured
1021,19200,11432.3,-1,11720.6,gcp_kvm_cxl_bpftime_node1,measured
1022,19200,11394.3,-1,11782.0,gcp_kvm_cxl_bpftime_node1,measured
1023,19200,11061.7,-1,11485.7,gcp_kvm_cxl_bpftime_node1,measured
1024,19200,11136.2,-1,11617.8,gcp_kvm_cxl_bpftime_node1,measured
1025,19200,10758.4,-1,10957.9,gcp_kvm_cxl_bpftime_node1,measured
1026,19200,11123.0,-1,11492.3,gcp_kvm_cxl_bpftime_node1,measured
1027,19200,11041.0,-1,11482.8,gcp_kvm_cxl_bpftime_node1,measured
1028,19200,10946.9,-1,11148.6,gcp_kvm_cxl_bpftime_node1,measured
1029,19200,11207.2,-1,11510.9,gcp_kvm_cxl_bpftime_node1,measured
1030,19200,11104.6,-1,11305.7,gcp_kvm_cxl_bpftime_node1,measured
1031,19200,10615.3,-1,10988.2,gcp_kvm_cxl_bpftime_node1,measured
1032,19200,10828.9,-1,11222.5,gcp_kvm_cxl_bpftime_node1,measured
1033,19200,11048.4,-1,11621.5,gcp_kvm_cxl_bpftime_node1,measured
1034,19200,11262.5,-1,11701.2,gcp_kvm_cxl_bpftime_node1,measured
1035,19200,11064.9,-1,11519.7,gcp_kvm_cxl_bpftime_node1,measured
1036,19200,11300.1,-1,11756.5,gcp_kvm_cxl_bpftime_node1,measured
1037,19200,10956.2,-1,11425.2,gcp_kvm_cxl_bpftime_node1,measured
1038,19200,11212.0,-1,11680.7,gcp_kvm_cxl_bpftime_node1,measured
1039,19200,11366.1,-1,11788.2,gcp_kvm_cxl_bpftime_node1,measured
1040,19200,10961.3,-1,11331.0,gcp_kvm_cxl_bpftime_node1,measured
1041,19200,10554.5,-1,10879.1,gcp_kvm_cxl_bpftime_node1,measured
1042,19200,11334.3,-1,11789.0,gcp_kvm_cxl_bpftime_node1,measured
1043,19200,11370.3,-1,11828.6,gcp_kvm_cxl_bpftime_node1,measured
1044,19200,11262.1,-1,11674.6,gcp_kvm_cxl_bpftime_node1,measured
1045,19200,10856.0,-1,11325.4,gcp_kvm_cxl_bpftime_node1,measured
1046,19200,11105.4,-1,11373.4,gcp_kvm_cxl_bpftime_node1,measured
1047,19200,11375.6,-1,11679.8,gcp_kvm_cxl_bpftime_node1,measured
1048,19200,10942.0,-1,11385.0,gcp_kvm_cxl_bpftime_node1,measured
1049,19200,11069.5,-1,11437.6,gcp_kvm_cxl_bpftime_node1,measured
1050,19200,10662.3,-1,10929.5,gcp_kvm_cxl_bpftime_node1,measured
1051,19200,11130.7,-1,11322.4,gcp_kvm_cxl_bpftime_node1,measured
1052,19200,11047.9,-1,11492.8,gcp_kvm_cxl_bpftime_node1,measured
1053,19200,11220.9,-1,11714.3,gcp_kvm_cxl_bpftime_node1,measured
1054,19200,11173.3,-1,11581.3,gcp_kvm_cxl_bpftime_node1,measured
1055,19200,11181.6,-1,11468.4,gcp_kvm_cxl_bpftime_node1,measured
1056,19200,11017.2,-1,11475.1,gcp_kvm_cxl_bpftime_node1,measured
1057,19200,11037.4,-1,11318.2,gcp_kvm_cxl_bpftime_node1,measured
1058,19200,11481.7,-1,11763.9,gcp_kvm_cxl_bpftime_node1,measured
1059,19200,11126.9,-1,11576.9,gcp_kvm_cxl_bpftime_node1,measured
1060,19200,11038.6,-1,11549.5,gcp_kvm_cxl_bpftime_node1,measured
1061,19200,10538.6,-1,10901.4,gcp_kvm_cxl_bpftime_node1,measured
1062,19200,10483.8,-1,10881.0,gcp_kvm_cxl_bpftime_node1,measured
1063,19200,10678.4,-1,11041.0,gcp_kvm_cxl_bpftime_node1,measured
1064,19200,10668.0,-1,11041.9,gcp_kvm_cxl_bpftime_node1,measured
1065,19200,11060.7,-1,11382.1,gcp_kvm_cxl_bpftime_node1,measured
1066,19200,10715.2,-1,11148.4,gcp_kvm_cxl_bpftime_node1,measured
1067,19200,11289.6,-1,11712.4,gcp_kvm_cxl_bpftime_node1,measured
1068,19200,11390.0,-1,11668.4,gcp_kvm_cxl_bpftime_node1,measured
1069,19200,11190.9,-1,11617.7,gcp_kvm_cxl_bpftime_node1,measured
1070,19200,11213.1,-1,11474.3,gcp_kvm_cxl_bpftime_node1,measured
1071,19200,10570.7,-1,10929.1,gcp_kvm_cxl_bpftime_node1,measured
1072,19200,11287.6,-1,11714.3,gcp_kvm_cxl_bpftime_node1,measured
1073,19200,11183.4,-1,11474.3,gcp_kvm_cxl_bpftime_node1,measured
1074,19200,11100.4,-1,11602.4,gcp_kvm_cxl_bpftime_node1,measured
1075,19200,11324.8,-1,11756.0,gcp_kvm_cxl_bpftime_node1,measured
1076,19200,10972.6,-1,11385.4,gcp_kvm_cxl_bpftime_node1,measured
1077,19200,10912.7,-1,11259.3,gcp_kvm_cxl_bpftime_node1,measured
1078,19200,10762.7,-1,11193.5,gcp_kvm_cxl_bpftime_node1,measured
1079,19200,11264.4,-1,11543.3,gcp_kvm_cxl_bpftime_node1,measured
1080,19200,10465.3,-1,10889.1,gcp_kvm_cxl_bpftime_node1,measured
1081,19200,11265.6,-1,11678.0,gcp_kvm_cxl_bpftime_node1,measured
1082,19200,11243.6,-1,11632.0,gcp_kvm_cxl_bpftime_node1,measured
1083,19200,10779.8,-1,11302.8,gcp_kvm_cxl_bpftime_node1,measured
1084,19200,10707.3,-1,11035.7,gcp_kvm_cxl_bpftime_node1,measured
1085,19200,10822.1,-1,11240.2,gcp_kvm_cxl_bpftime_node1,measured
1086,19200,11165.2,-1,11606.0,gcp_kvm_cxl_bpftime_node1,measured
1087,19200,10791.0,-1,11206.3,gcp_kvm_cxl_bpftime_node1,measured
1088,19200,10524.7,-1,10884.5,gcp_kvm_cxl_bpftime_node1,measured
1089,19200,11123.5,-1,11406.5,gcp_kvm_cxl_bpftime_node1,measured
1090,19200,11145.4,-1,11627.9,gcp_kvm_cxl_bpftime_node1,measured
1091,19200,11300.4,-1,11738.1,gcp_kvm_cxl_bpftime_node1,measured
1092,19200,11304.5,-1,11641.4,gcp_kvm_cxl_bpftime_node1,measured
1093,19200,10758.9,-1,11219.2,gcp_kvm_cxl_bpftime_node1,measured
1094,19200,11288.3,-1,11668.0,gcp_kvm_cxl_bpftime_node1,measured
1095,19200,11087.6,-1,11572.7,gcp_kvm_cxl_bpftime_node1,measured
1096,19200,11175.7,-1,11612.4,gcp_kvm_cxl_bpftime_node1,measured
1097,19200,11269.2,-1,11484.1,gcp_kvm_cxl_bpftime_node1,measured
1098,19200,10938.4,-1,11305.0,gcp_kvm_cxl_bpftime_node1,measured
1099,19200,11557.5,-1,12051.2,gcp_kvm_cxl_bpftime_node1,measured
1100,19200,10847.9,-1,11097.9,gcp_kvm_cxl_bpftime_node1,measured
1101,19200,11314.5,-1,11760.5,gcp_kvm_cxl_bpftime_node1,measured
1102,19200,10748.9,-1,11156.7,gcp_kvm_cxl_bpftime_node1,measured
1103,19200,11272.7,-1,11715.5,gcp_kvm_cxl_bpftime_node1,measured
1104,19200,11368.7,-1,11651.9,gcp_kvm_cxl_bpftime_node1,measured
1105,19200,11062.3,-1,11502.5,gcp_kvm_cxl_bpftime_node1,measured
1106,19200,11136.1,-1,11377.4,gcp_kvm_cxl_bpftime_node1,measured
1107,19200,11308.0,-1,11712.5,gcp_kvm_cxl_bpftime_node1,measured
1108,19200,11233.0,-1,11705.3,gcp_kvm_cxl_bpftime_node1,measured
1109,19200,11311.7,-1,11581.4,gcp_kvm_cxl_bpftime_node1,measured
1110,19200,11303.8,-1,11756.0,gcp_kvm_cxl_bpftime_node1,measured
1111,19200,11180.4,-1,11605.2,gcp_kvm_cxl_bpftime_node1,measured
1112,19200,11060.1,-1,11546.7,gcp_kvm_cxl_bpftime_node1,measured
1113,19200,10840.0,-1,11134.9,gcp_kvm_cxl_bpftime_node1,measured
1114,19200,10946.1,-1,11258.8,gcp_kvm_cxl_bpftime_node1,measured
1115,19200,11225.0,-1,11619.9,gcp_kvm_cxl_bpftime_node1,measured
1116,19200,10806.1,-1,11224.1,gcp_kvm_cxl_bpftime_node1,measured
1117,19200,11254.8,-1,11619.5,gcp_kvm_cxl_bpftime_node1,measured
1118,19200,11194.1,-1,11477.4,gcp_kvm_cxl_bpftime_node1,measured
1119,19200,11346.1,-1,11737.0,gcp_kvm_cxl_bpftime_node1,measured
1120,19200,10524.6,-1,10915.0,gcp_kvm_cxl_bpftime_node1,measured
1121,19200,11258.3,-1,11681.9,gcp_kvm_cxl_bpftime_node1,measured
1122,19200,11143.0,-1,11570.1,gcp_kvm_cxl_bpftime_node1,measured
1123,19200,11126.7,-1,11414.5,gcp_kvm_cxl_bpftime_node1,measured
1124,19200,10853.5,-1,11141.9,gcp_kvm_cxl_bpftime_node1,measured
1125,19200,10541.3,-1,10818.4,gcp_kvm_cxl_bpftime_node1,measured
1126,19200,11203.3,-1,11482.1,gcp_kvm_cxl_bpftime_node1,measured
1127,19200,10963.4,-1,11549.7,gcp_kvm_cxl_bpftime_node1,measured
1128,19200,11293.4,-1,11686.7,gcp_kvm_cxl_bpftime_node1,measured
1129,19200,11144.7,-1,11606.7,gcp_kvm_cxl_bpftime_node1,measured
1130,19200,11026.9,-1,11308.7,gcp_kvm_cxl_bpftime_node1,measured
1131,19200,10895.8,-1,11326.2,gcp_kvm_cxl_bpftime_node1,measured
1132,19200,11261.4,-1,11669.2,gcp_kvm_cxl_bpftime_node1,measured
1133,19200,10634.2,-1,11075.9,gcp_kvm_cxl_bpftime_node1,measured
1134,19200,11037.3,-1,11497.0,gcp_kvm_cxl_bpftime_node1,measured
1135,19200,11093.3,-1,11544.6,gcp_kvm_cxl_bpftime_node1,measured
1136,19200,11061.8,-1,11459.9,gcp_kvm_cxl_bpftime_node1,measured
1137,19200,11109.3,-1,11492.9,gcp_kvm_cxl_bpftime_node1,measured
1138,19200,11175.2,-1,11643.7,gcp_kvm_cxl_bpftime_node1,measured
1139,19200,10808.5,-1,11287.1,gcp_kvm_cxl_bpftime_node1,measured
1140,19200,10913.1,-1,11228.8,gcp_kvm_cxl_bpftime_node1,measured
1141,19200,10994.3,-1,11330.9,gcp_kvm_cxl_bpftime_node1,measured
1142,19200,11218.5,-1,11596.1,gcp_kvm_cxl_bpftime_node1,measured
1143,19200,11171.3,-1,11607.0,gcp_kvm_cxl_bpftime_node1,measured
1144,19200,10757.9,-1,11208.6,gcp_kvm_cxl_bpftime_node1,measured
1145,19200,11203.4,-1,11673.7,gcp_kvm_cxl_bpftime_node1,measured
1146,19200,11165.6,-1,11654.1,gcp_kvm_cxl_bpftime_node1,measured
1147,19200,10921.5,-1,11316.7,gcp_kvm_cxl_bpftime_node1,measured
1148,19200,10853.6,-1,11303.1,gcp_kvm_cxl_bpftime_node1,measured
1149,19200,11394.4,-1,11841.5,gcp_kvm_cxl_bpftime_node1,measured
1150,19200,11381.6,-1,11824.0,gcp_kvm_cxl_bpftime_node1,measured
1151,19200,10597.6,-1,11015.6,gcp_kvm_cxl_bpftime_node1,measured
1152,19200,10960.0,-1,11154.9,gcp_kvm_cxl_bpftime_node1,measured
1153,19200,11174.7,-1,11591.5,gcp_kvm_cxl_bpftime_node1,measured
1154,19200,11154.4,-1,11587.6,gcp_kvm_cxl_bpftime_node1,measured
1155,19200,10807.8,-1,11187.8,gcp_kvm_cxl_bpftime_node1,measured
1156,19200,11053.6,-1,11441.2,gcp_kvm_cxl_bpftime_node1,measured
1157,19200,10559.7,-1,11036.5,gcp_kvm_cxl_bpftime_node1,measured
1158,19200,10543.6,-1,11022.2,gcp_kvm_cxl_bpftime_node1,measured
1159,19200,11082.0,-1,11315.5,gcp_kvm_cxl_bpftime_node1,measured
1160,19200,10797.3,-1,11142.9,gcp_kvm_cxl_bpftime_node1,measured
1161,19200,10529.5,-1,10917.6,gcp_kvm_cxl_bpftime_node1,measured
1162,19200,10737.5,-1,11101.9,gcp_kvm_cxl_bpftime_node1,measured
1163,19200,10956.9,-1,11252.5,gcp_kvm_cxl_bpftime_node1,measured
1164,19200,11191.3,-1,11616.8,gcp_kvm_cxl_bpftime_node1,measured
1165,19200,11229.6,-1,11658.7,gcp_kvm_cxl_bpftime_node1,measured
1166,19200,10975.6,-1,11455.3,gcp_kvm_cxl_bpftime_node1,measured
1167,19200,11145.0,-1,11500.6,gcp_kvm_cxl_bpftime_node1,measured
1168,19200,11222.2,-1,11733.0,gcp_kvm_cxl_bpftime_node1,measured
1169,19200,11269.7,-1,11683.7,gcp_kvm_cxl_bpftime_node1,measured
1170,19200,11446.8,-1,11881.2,gcp_kvm_cxl_bpftime_node1,measured
1171,19200,11193.0,-1,11612.7,gcp_kvm_cxl_bpftime_node1,measured
1172,19200,11157.8,-1,11694.8,gcp_kvm_cxl_bpftime_node1,measured
1173,19200,11098.2,-1,11550.4,gcp_kvm_cxl_bpftime_node1,measured
1174,19200,11146.4,-1,11598.2,gcp_kvm_cxl_bpftime_node1,measured
1175,19200,11021.8,-1,11308.7,gcp_kvm_cxl_bpftime_node1,measured
1176,19200,10648.9,-1,10984.8,gcp_kvm_cxl_bpftime_node1,measured
1177,19200,10961.9,-1,11374.8,gcp_kvm_cxl_bpftime_node1,measured
1178,19200,11311.2,-1,11721.5,gcp_kvm_cxl_bpftime_node1,measured
1179,19200,11365.6,-1,11784.4,gcp_kvm_cxl_bpftime_node1,measured
1180,19200,10941.0,-1,11110.8,gcp_kvm_cxl_bpftime_node1,measured
1181,19200,10904.6,-1,11192.6,gcp_kvm_cxl_bpftime_node1,measured
1182,19200,11259.9,-1,11712.1,gcp_kvm_cxl_bpftime_node1,measured
1183,19200,10991.5,-1,11325.5,gcp_kvm_cxl_bpftime_node1,measured
1184,19200,10572.6,-1,10920.6,gcp_kvm_cxl_bpftime_node1,measured
1185,19200,11020.8,-1,11360.6,gcp_kvm_cxl_bpftime_node1,measured
1186,19200,11342.2,-1,11782.8,gcp_kvm_cxl_bpftime_node1,measured
1187,19200,10897.1,-1,11458.5,gcp_kvm_cxl_bpftime_node1,measured
1188,19200,10807.7,-1,11102.4,gcp_kvm_cxl_bpftime_node1,measured
1189,19200,11272.6,-1,11710.5,gcp_kvm_cxl_bpftime_node1,measured
1190,19200,11221.5,-1,11702.9,gcp_kvm_cxl_bpftime_node1,measured
1191,19200,11106.5,-1,11494.9,gcp_kvm_cxl_bpftime_node1,measured
1192,19200,10619.5,-1,10967.8,gcp_kvm_cxl_bpftime_node1,measured
1193,19200,11071.4,-1,11491.1,gcp_kvm_cxl_bpftime_node1,measured
1194,19200,11195.4,-1,11648.8,gcp_kvm_cxl_bpftime_node1,measured
1195,19200,11193.2,-1,11635.9,gcp_kvm_cxl_bpftime_node1,measured
1196,19200,11054.1,-1,11393.5,gcp_kvm_cxl_bpftime_node1,measured
1197,19200,11120.3,-1,11526.9,gcp_kvm_cxl_bpftime_node1,measured
1198,19200,11268.5,-1,11818.0,gcp_kvm_cxl_bpftime_node1,measured
1199,19200,10674.5,-1,11149.8,gcp_kvm_cxl_bpftime_node1,measured
1200,19200,11287.6,-1,11444.9,gcp_kvm_cxl_bpftime_node1,measured
1201,19200,11066.6,-1,11289.0,gcp_kvm_cxl_bpftime_node1,measured
1202,19200,11153.8,-1,11536.8,gcp_kvm_cxl_bpftime_node1,measured
1203,19200,10851.6,-1,11199.6,gcp_kvm_cxl_bpftime_node1,measured
1204,19200,11304.4,-1,11595.8,gcp_kvm_cxl_bpftime_node1,measured
1205,19200,11177.3,-1,11558.0,gcp_kvm_cxl_bpftime_node1,measured
1206,19200,11071.4,-1,11512.2,gcp_kvm_cxl_bpftime_node1,measured
1207,19200,11071.9,-1,11517.8,gcp_kvm_cxl_bpftime_node1,measured
1208,19200,11118.2,-1,11635.2,gcp_kvm_cxl_bpftime_node1,measured
1209,19200,11275.4,-1,11711.3,gcp_kvm_cxl_bpftime_node1,measured
1210,19200,11032.5,-1,11231.7,gcp_kvm_cxl_bpftime_node1,measured
1211,19200,11121.3,-1,11580.6,gcp_kvm_cxl_bpftime_node1,measured
1212,19200,11002.1,-1,11410.4,gcp_kvm_cxl_bpftime_node1,measured
1213,19200,11353.6,-1,11761.2,gcp_kvm_cxl_bpftime_node1,measured
1214,19200,10658.2,-1,11086.2,gcp_kvm_cxl_bpftime_node1,measured
1215,19200,10928.3,-1,11231.3,gcp_kvm_cxl_bpftime_node1,measured
1216,19200,11218.4,-1,11703.0,gcp_kvm_cxl_bpftime_node1,measured
1217,19200,10876.2,-1,11249.3,gcp_kvm_cxl_bpftime_node1,measured
1218,19200,11100.9,-1,11541.2,gcp_kvm_cxl_bpftime_node1,measured
1219,19200,10900.5,-1,11179.4,gcp_kvm_cxl_bpftime_node1,measured
1220,19200,11205.1,-1,11482.6,gcp_kvm_cxl_bpftime_node1,measured
1221,19200,11145.2,-1,11670.1,gcp_kvm_cxl_bpftime_node1,measured
1222,19200,10528.5,-1,11024.9,gcp_kvm_cxl_bpftime_node1,measured
1223,19200,11365.3,-1,11633.0,gcp_kvm_cxl_bpftime_node1,measured
1224,19200,11095.9,-1,11459.6,gcp_kvm_cxl_bpftime_node1,measured
1225,19200,10624.1,-1,11083.8,gcp_kvm_cxl_bpftime_node1,measured
1226,19200,11072.1,-1,11537.4,gcp_kvm_cxl_bpftime_node1,measured
1227,19200,11046.4,-1,11358.3,gcp_kvm_cxl_bpftime_node1,measured
1228,19200,10769.4,-1,11055.8,gcp_kvm_cxl_bpftime_node1,measured
1229,19200,10720.2,-1,10934.9,gcp_kvm_cxl_bpftime_node1,measured
1230,19200,10520.5,-1,10985.7,gcp_kvm_cxl_bpftime_node1,measured
1231,19200,11161.1,-1,11627.2,gcp_kvm_cxl_bpftime_node1,measured
1232,19200,11099.3,-1,11528.0,gcp_kvm_cxl_bpftime_node1,measured
1233,19200,11453.0,-1,11729.4,gcp_kvm_cxl_bpftime_node1,measured
1234,19200,11042.1,-1,11479.7,gcp_kvm_cxl_bpftime_node1,measured
1235,19200,10489.8,-1,10853.7,gcp_kvm_cxl_bpftime_node1,measured
1236,19200,10640.6,-1,10973.0,gcp_kvm_cxl_bpftime_node1,measured
1237,19200,11216.9,-1,11505.7,gcp_kvm_cxl_bpftime_node1,measured
1238,19200,11191.7,-1,11391.3,gcp_kvm_cxl_bpftime_node1,measured
1239,19200,10872.7,-1,11230.0,gcp_kvm_cxl_bpftime_node1,measured
1240,19200,11050.3,-1,11334.6,gcp_kvm_cxl_bpftime_node1,measured
1241,19200,11104.2,-1,11589.3,gcp_kvm_cxl_bpftime_node1,measured
1242,19200,10906.3,-1,11341.2,gcp_kvm_cxl_bpftime_node1,measured
1243,19200,11179.3,-1,11507.6,gcp_kvm_cxl_bpftime_node1,measured
1244,19200,10919.1,-1,11374.8,gcp_kvm_cxl_bpftime_node1,measured
1245,19200,10837.8,-1,11195.0,gcp_kvm_cxl_bpftime_node1,measured
1246,19200,10832.6,-1,11276.3,gcp_kvm_cxl_bpftime_node1,measured
1247,19200,11015.7,-1,11441.9,gcp_kvm_cxl_bpftime_node1,measured
1248,19200,10862.6,-1,11069.6,gcp_kvm_cxl_bpftime_node1,measured
1249,19200,11038.8,-1,11578.3,gcp_kvm_cxl_bpftime_node1,measured
1250,19200,10995.6,-1,11421.5,gcp_kvm_cxl_bpftime_node1,measured
1251,19200,11021.1,-1,11552.2,gcp_kvm_cxl_bpftime_node1,measured
1252,19200,10805.1,-1,11237.2,gcp_kvm_cxl_bpftime_node1,measured
1253,19200,11241.6,-1,11660.8,gcp_kvm_cxl_bpftime_node1,measured
1254,19200,11120.4,-1,11513.6,gcp_kvm_cxl_bpftime_node1,measured
1255,19200,12360.5,-1,12806.4,gcp_kvm_cxl_bpftime_node1,measured
1256,19200,10804.4,-1,11012.7,gcp_kvm_cxl_bpftime_node1,measured
1257,19200,11264.4,-1,11620.4,gcp_kvm_cxl_bpftime_node1,measured
1258,19200,10991.2,-1,11417.8,gcp_kvm_cxl_bpftime_node1,measured
1259,19200,11054.4,-1,11559.0,gcp_kvm_cxl_bpftime_node1,measured
1260,19200,11046.1,-1,11480.2,gcp_kvm_cxl_bpftime_node1,measured
1261,19200,11300.7,-1,11600.4,gcp_kvm_cxl_bpftime_node1,measured
1262,19200,11181.3,-1,11623.9,gcp_kvm_cxl_bpftime_node1,measured
1263,19200,11141.0,-1,11656.8,gcp_kvm_cxl_bpftime_node1,measured
1264,19200,10834.0,-1,11134.9,gcp_kvm_cxl_bpftime_node1,measured
1265,19200,10797.2,-1,11265.2,gcp_kvm_cxl_bpftime_node1,measured
1266,19200,11000.3,-1,11272.6,gcp_kvm_cxl_bpftime_node1,measured
1267,19200,10803.1,-1,11193.6,gcp_kvm_cxl_bpftime_node1,measured
1268,19200,10970.6,-1,11527.9,gcp_kvm_cxl_bpftime_node1,measured
1269,19200,11329.4,-1,11720.3,gcp_kvm_cxl_bpftime_node1,measured
1270,19200,11086.5,-1,11550.3,gcp_kvm_cxl_bpftime_node1,measured
1271,19200,10674.0,-1,11048.6,gcp_kvm_cxl_bpftime_node1,measured
1272,19200,11304.5,-1,11744.6,gcp_kvm_cxl_bpftime_node1,measured
1273,19200,11338.5,-1,11693.6,gcp_kvm_cxl_bpftime_node1,measured
1274,19200,11042.3,-1,11440.5,gcp_kvm_cxl_bpftime_node1,measured
1275,19200,11054.3,-1,11421.9,gcp_kvm_cxl_bpftime_node1,measured
1276,19200,10591.3,-1,11048.1,gcp_kvm_cxl_bpftime_node1,measured
1277,19200,11059.8,-1,11555.6,gcp_kvm_cxl_bpftime_node1,measured
1278,19200,10770.4,-1,11151.1,gcp_kvm_cxl_bpftime_node1,measured
1279,19200,10743.5,-1,11202.3,gcp_kvm_cxl_bpftime_node1,measured
1280,19200,11181.8,-1,11590.8,gcp_kvm_cxl_bpftime_node1,measured
1281,19200,10650.7,-1,10998.7,gcp_kvm_cxl_bpftime_node1,measured
1282,19200,10803.3,-1,11221.9,gcp_kvm_cxl_bpftime_node1,measured
1283,19200,10627.9,-1,11089.2,gcp_kvm_cxl_bpftime_node1,measured
1284,19200,10842.5,-1,11395.2,gcp_kvm_cxl_bpftime_node1,measured
1285,19200,11152.6,-1,11577.6,gcp_kvm_cxl_bpftime_node1,measured
1286,19200,10925.2,-1,11396.5,gcp_kvm_cxl_bpftime_node1,measured
1287,19200,11226.8,-1,11557.9,gcp_kvm_cxl_bpftime_node1,measured
1288,19200,11109.3,-1,11559.3,gcp_kvm_cxl_bpftime_node1,measured
1289,19200,11130.5,-1,11478.6,gcp_kvm_cxl_bpftime_node1,measured
1290,19200,10581.2,-1,10999.1,gcp_kvm_cxl_bpftime_node1,measured
1291,19200,10860.5,-1,11248.8,gcp_kvm_cxl_bpftime_node1,measured
1292,19200,11323.6,-1,11765.1,gcp_kvm_cxl_bpftime_node1,measured
1293,19200,11214.5,-1,11355.1,gcp_kvm_cxl_bpftime_node1,measured
1294,19200,11432.4,-1,11848.6,gcp_kvm_cxl_bpftime_node1,measured
1295,19200,10934.5,-1,11358.3,gcp_kvm_cxl_bpftime_node1,measured
1296,19200,11151.1,-1,11608.3,gcp_kvm_cxl_bpftime_node1,measured
1297,19200,10866.1,-1,11237.0,gcp_kvm_cxl_bpftime_node1,measured
1298,19200,11369.7,-1,11771.9,gcp_kvm_cxl_bpftime_node1,measured
1299,19200,11309.7,-1,11745.5,gcp_kvm_cxl_bpftime_node1,measured
1300,19200,11046.1,-1,11127.8,gcp_kvm_cxl_bpftime_node1,measured
1301,19200,10963.1,-1,11381.1,gcp_kvm_cxl_bpftime_node1,measured
1302,19200,10657.6,-1,11197.1,gcp_kvm_cxl_bpftime_node1,measured
1303,19200,11178.1,-1,11385.9,gcp_kvm_cxl_bpftime_node1,measured
1304,19200,11058.7,-1,11485.2,gcp_kvm_cxl_bpftime_node1,measured
1305,19200,10741.9,-1,11007.7,gcp_kvm_cxl_bpftime_node1,measured
1306,19200,11311.3,-1,11748.5,gcp_kvm_cxl_bpftime_node1,measured
1307,19200,11353.7,-1,11722.5,gcp_kvm_cxl_bpftime_node1,measured
1308,19200,11039.0,-1,11345.3,gcp_kvm_cxl_bpftime_node1,measured
1309,19200,11189.4,-1,11581.9,gcp_kvm_cxl_bpftime_node1,measured
1310,19200,10936.8,-1,11370.2,gcp_kvm_cxl_bpftime_node1,measured
1311,19200,11310.5,-1,11768.7,gcp_kvm_cxl_bpftime_node1,measured
1312,19200,10792.3,-1,11220.3,gcp_kvm_cxl_bpftime_node1,measured
1313,19200,10857.7,-1,11417.6,gcp_kvm_cxl_bpftime_node1,measured
1314,19200,11228.0,-1,11657.9,gcp_kvm_cxl_bpftime_node1,measured
1315,19200,10622.0,-1,11101.3,gcp_kvm_cxl_bpftime_node1,measured
1316,19200,11046.1,-1,11499.6,gcp_kvm_cxl_bpftime_node1,measured
1317,19200,10698.5,-1,11062.6,gcp_kvm_cxl_bpftime_node1,measured
1318,19200,11207.4,-1,11664.0,gcp_kvm_cxl_bpftime_node1,measured
1319,19200,11124.0,-1,11489.9,gcp_kvm_cxl_bpftime_node1,measured
1320,19200,11139.2,-1,11586.5,gcp_kvm_cxl_bpftime_node1,measured
1321,19200,10881.6,-1,11234.6,gcp_kvm_cxl_bpftime_node1,measured
1322,19200,11193.3,-1,11583.5,gcp_kvm_cxl_bpftime_node1,measured
1323,19200,11101.1,-1,11380.9,gcp_kvm_cxl_bpftime_node1,measured
1324,19200,10944.3,-1,11326.9,gcp_kvm_cxl_bpftime_node1,measured
1325,19200,11266.9,-1,11762.0,gcp_kvm_cxl_bpftime_node1,measured
1326,19200,10996.8,-1,11434.2,gcp_kvm_cxl_bpftime_node1,measured
1327,19200,11252.6,-1,11672.4,gcp_kvm_cxl_bpftime_node1,measured
1328,19200,10633.2,-1,11075.5,gcp_kvm_cxl_bpftime_node1,measured
1329,19200,10612.6,-1,11077.0,gcp_kvm_cxl_bpftime_node1,measured
1330,19200,10950.9,-1,11328.9,gcp_kvm_cxl_bpftime_node1,measured
1331,19200,11228.5,-1,11642.4,gcp_kvm_cxl_bpftime_node1,measured
1332,19200,11264.0,-1,11760.3,gcp_kvm_cxl_bpftime_node1,measured
1333,19200,10648.3,-1,11110.8,gcp_kvm_cxl_bpftime_node1,measured
1334,19200,10824.4,-1,11293.0,gcp_kvm_cxl_bpftime_node1,measured
1335,19200,11028.5,-1,11355.0,gcp_kvm_cxl_bpftime_node1,measured
1336,19200,11118.4,-1,11686.0,gcp_kvm_cxl_bpftime_node1,measured
1337,19200,10933.6,-1,11315.7,gcp_kvm_cxl_bpftime_node1,measured
1338,19200,10884.1,-1,11463.6,gcp_kvm_cxl_bpftime_node1,measured
1339,19200,11284.7,-1,11714.5,gcp_kvm_cxl_bpftime_node1,measured
1340,19200,11454.3,-1,11590.8,gcp_kvm_cxl_bpftime_node1,measured
1341,19200,10960.4,-1,11260.6,gcp_kvm_cxl_bpftime_node1,measured
1342,19200,10601.8,-1,11165.5,gcp_kvm_cxl_bpftime_node1,measured
1343,19200,11387.0,-1,11738.7,gcp_kvm_cxl_bpftime_node1,measured
1344,19200,11082.2,-1,11553.9,gcp_kvm_cxl_bpftime_node1,measured
1345,19200,10992.4,-1,11300.9,gcp_kvm_cxl_bpftime_node1,measured
1346,19200,11151.4,-1,11482.6,gcp_kvm_cxl_bpftime_node1,measured
1347,19200,11194.0,-1,11621.8,gcp_kvm_cxl_bpftime_node1,measured
1348,19200,11259.5,-1,11711.8,gcp_kvm_cxl_bpftime_node1,measured
1349,19200,10714.1,-1,11257.4,gcp_kvm_cxl_bpftime_node1,measured
1350,19200,10792.7,-1,11013.5,gcp_kvm_cxl_bpftime_node1,measured
1351,19200,10552.2,-1,11011.4,gcp_kvm_cxl_bpftime_node1,measured
1352,19200,10783.6,-1,11289.8,gcp_kvm_cxl_bpftime_node1,measured
1353,19200,10976.1,-1,11318.2,gcp_kvm_cxl_bpftime_node1,measured
1354,19200,11237.3,-1,11670.0,gcp_kvm_cxl_bpftime_node1,measured
1355,19200,10880.8,-1,11315.4,gcp_kvm_cxl_bpftime_node1,measured
1356,19200,11130.0,-1,11560.2,gcp_kvm_cxl_bpftime_node1,measured
1357,19200,11210.0,-1,11621.7,gcp_kvm_cxl_bpftime_node1,measured
1358,19200,10676.6,-1,11114.8,gcp_kvm_cxl_bpftime_node1,measured
1359,19200,10895.4,-1,11349.5,gcp_kvm_cxl_bpftime_node1,measured
1360,19200,11353.1,-1,11713.9,gcp_kvm_cxl_bpftime_node1,measured
1361,19200,11073.1,-1,11353.5,gcp_kvm_cxl_bpftime_node1,measured
1362,19200,11043.5,-1,11282.2,gcp_kvm_cxl_bpftime_node1,measured
1363,19200,10575.4,-1,11012.5,gcp_kvm_cxl_bpftime_node1,measured
1364,19200,11260.5,-1,11534.3,gcp_kvm_cxl_bpftime_node1,measured
1365,19200,11059.4,-1,11518.2,gcp_kvm_cxl_bpftime_node1,measured
1366,19200,11320.1,-1,11785.7,gcp_kvm_cxl_bpftime_node1,measured
1367,19200,11170.4,-1,11669.0,gcp_kvm_cxl_bpftime_node1,measured
1368,19200,11044.5,-1,11361.9,gcp_kvm_cxl_bpftime_node1,measured
1369,19200,11006.7,-1,11345.9,gcp_kvm_cxl_bpftime_node1,measured
1370,19200,10976.1,-1,11264.7,gcp_kvm_cxl_bpftime_node1,measured
1371,19200,11049.5,-1,11469.7,gcp_kvm_cxl_bpftime_node1,measured
1372,19200,10571.7,-1,11030.6,gcp_kvm_cxl_bpftime_node1,measured
1373,19200,11090.9,-1,11538.8,gcp_kvm_cxl_bpftime_node1,measured
1374,19200,11390.3,-1,11816.2,gcp_kvm_cxl_bpftime_node1,measured
1375,19200,10952.6,-1,11319.5,gcp_kvm_cxl_bpftime_node1,measured
1376,19200,11199.5,-1,11742.7,gcp_kvm_cxl_bpftime_node1,measured
1377,19200,11093.6,-1,11526.2,gcp_kvm_cxl_bpftime_node1,measured
1378,19200,11329.7,-1,11778.2,gcp_kvm_cxl_bpftime_node1,measured
1379,19200,11175.1,-1,11668.7,gcp_kvm_cxl_bpftime_node1,measured
1380,19200,11002.1,-1,11427.7,gcp_kvm_cxl_bpftime_node1,measured
1381,19200,10537.0,-1,10915.8,gcp_kvm_cxl_bpftime_node1,measured
1382,19200,10613.1,-1,11105.1,gcp_kvm_cxl_bpftime_node1,measured
1383,19200,11176.3,-1,11556.1,gcp_kvm_cxl_bpftime_node1,measured
1384,19200,10683.9,-1,11051.2,gcp_kvm_cxl_bpftime_node1,measured
1385,19200,10897.8,-1,11195.7,gcp_kvm_cxl_bpftime_node1,measured
1386,19200,10523.2,-1,10973.1,gcp_kvm_cxl_bpftime_node1,measured
1387,19200,10592.1,-1,10952.9,gcp_kvm_cxl_bpftime_node1,measured
1388,19200,11207.9,-1,11599.2,gcp_kvm_cxl_bpftime_node1,measured
1389,19200,11129.7,-1,11487.9,gcp_kvm_cxl_bpftime_node1,measured
1390,19200,10875.1,-1,11172.8,gcp_kvm_cxl_bpftime_node1,measured
1391,19200,11327.1,-1,11761.6,gcp_kvm_cxl_bpftime_node1,measured
1392,19200,10632.1,-1,11064.3,gcp_kvm_cxl_bpftime_node1,measured
1393,19200,10848.3,-1,11276.3,gcp_kvm_cxl_bpftime_node1,measured
1394,19200,11167.5,-1,11432.9,gcp_kvm_cxl_bpftime_node1,measured
1395,19200,10837.5,-1,11183.8,gcp_kvm_cxl_bpftime_node1,measured
1396,19200,10650.2,-1,11075.7,gcp_kvm_cxl_bpftime_node1,measured
1397,19200,10775.1,-1,11201.7,gcp_kvm_cxl_bpftime_node1,measured
1398,19200,11251.2,-1,11654.1,gcp_kvm_cxl_bpftime_node1,measured
1399,19200,10770.2,-1,11221.5,gcp_kvm_cxl_bpftime_node1,measured
1400,19200,11124.4,-1,11349.5,gcp_kvm_cxl_bpftime_node1,measured
1401,19200,10553.7,-1,10910.2,gcp_kvm_cxl_bpftime_node1,measured
1402,19200,10530.1,-1,10829.3,gcp_kvm_cxl_bpftime_node1,measured
1403,19200,10781.4,-1,11141.8,gcp_kvm_cxl_bpftime_node1,measured
1404,19200,10533.1,-1,10877.8,gcp_kvm_cxl_bpftime_node1,measured
1405,19200,10782.4,-1,11218.4,gcp_kvm_cxl_bpftime_node1,measured
1406,19200,11096.5,-1,11625.2,gcp_kvm_cxl_bpftime_node1,measured
1407,19200,10907.1,-1,11231.7,gcp_kvm_cxl_bpftime_node1,measured
1408,19200,10817.6,-1,11194.6,gcp_kvm_cxl_bpftime_node1,measured
1409,19200,11216.7,-1,11746.7,gcp_kvm_cxl_bpftime_node1,measured
1410,19200,11199.3,-1,11676.8,gcp_kvm_cxl_bpftime_node1,measured
1411,19200,11079.7,-1,11424.7,gcp_kvm_cxl_bpftime_node1,measured
1412,19200,11521.3,-1,11836.8,gcp_kvm_cxl_bpftime_node1,measured
1413,19200,10949.2,-1,11255.4,gcp_kvm_cxl_bpftime_node1,measured
1414,19200,11319.9,-1,11619.0,gcp_kvm_cxl_bpftime_node1,measured
1415,19200,10917.3,-1,11325.7,gcp_kvm_cxl_bpftime_node1,measured
1416,19200,11101.4,-1,11627.6,gcp_kvm_cxl_bpftime_node1,measured
1417,19200,11323.9,-1,11750.2,gcp_kvm_cxl_bpftime_node1,measured
1418,19200,10566.0,-1,10854.4,gcp_kvm_cxl_bpftime_node1,measured
1419,19200,11296.5,-1,11690.5,gcp_kvm_cxl_bpftime_node1,measured
1420,19200,11028.9,-1,11573.2,gcp_kvm_cxl_bpftime_node1,measured
1421,19200,11170.0,-1,11527.6,gcp_kvm_cxl_bpftime_node1,measured
1422,19200,11150.4,-1,11646.5,gcp_kvm_cxl_bpftime_node1,measured
1423,19200,10972.5,-1,11280.1,gcp_kvm_cxl_bpftime_node1,measured
1424,19200,10726.7,-1,11128.0,gcp_kvm_cxl_bpftime_node1,measured
1425,19200,10476.4,-1,10941.3,gcp_kvm_cxl_bpftime_node1,measured
1426,19200,11145.8,-1,11611.4,gcp_kvm_cxl_bpftime_node1,measured
1427,19200,10555.3,-1,10925.2,gcp_kvm_cxl_bpftime_node1,measured
1428,19200,11199.0,-1,11603.4,gcp_kvm_cxl_bpftime_node1,measured
1429,19200,11153.1,-1,11593.9,gcp_kvm_cxl_bpftime_node1,measured
1430,19200,11237.3,-1,11736.7,gcp_kvm_cxl_bpftime_node1,measured
1431,19200,11095.0,-1,11404.7,gcp_kvm_cxl_bpftime_node1,measured
1432,19200,10938.5,-1,11331.2,gcp_kvm_cxl_bpftime_node1,measured
1433,19200,11147.3,-1,11434.1,gcp_kvm_cxl_bpftime_node1,measured
1434,19200,11165.5,-1,11709.4,gcp_kvm_cxl_bpftime_node1,measured
1435,19200,11204.6,-1,11667.7,gcp_kvm_cxl_bpftime_node1,measured
1436,19200,10986.1,-1,11412.7,gcp_kvm_cxl_bpftime_node1,measured
1437,19200,11217.9,-1,11680.8,gcp_kvm_cxl_bpftime_node1,measured
1438,19200,11378.7,-1,11823.7,gcp_kvm_cxl_bpftime_node1,measured
1439,19200,10897.7,-1,11092.6,gcp_kvm_cxl_bpftime_node1,measured
1440,19200,11425.5,-1,11787.2,gcp_kvm_cxl_bpftime_node1,measured
1441,19200,11375.0,-1,11825.3,gcp_kvm_cxl_bpftime_node1,measured
1442,19200,11146.2,-1,11537.8,gcp_kvm_cxl_bpftime_node1,measured
1443,19200,11280.3,-1,11720.1,gcp_kvm_cxl_bpftime_node1,measured
1444,19200,10999.3,-1,11434.0,gcp_kvm_cxl_bpftime_node1,measured
1445,19200,11161.7,-1,11649.0,gcp_kvm_cxl_bpftime_node1,measured
1446,19200,10908.6,-1,11350.8,gcp_kvm_cxl_bpftime_node1,measured
1447,19200,11128.2,-1,11412.8,gcp_kvm_cxl_bpftime_node1,measured
1448,19200,11357.9,-1,11766.4,gcp_kvm_cxl_bpftime_node1,measured
1449,19200,10930.5,-1,11418.3,gcp_kvm_cxl_bpftime_node1,measured
1450,19200,11055.1,-1,11390.2,gcp_kvm_cxl_bpftime_node1,measured
1451,19200,10963.5,-1,11363.7,gcp_kvm_cxl_bpftime_node1,measured
1452,19200,11177.6,-1,11592.5,gcp_kvm_cxl_bpftime_node1,measured
1453,19200,10723.0,-1,11115.2,gcp_kvm_cxl_bpftime_node1,measured
1454,19200,10492.5,-1,10958.0,gcp_kvm_cxl_bpftime_node1,measured
1455,19200,11258.3,-1,11776.2,gcp_kvm_cxl_bpftime_node1,measured
1456,19200,10920.4,-1,11492.9,gcp_kvm_cxl_bpftime_node1,measured
1457,19200,10987.2,-1,11331.7,gcp_kvm_cxl_bpftime_node1,measured
1458,19200,11459.0,-1,11901.0,gcp_kvm_cxl_bpftime_node1,measured
1459,19200,11254.8,-1,11646.0,gcp_kvm_cxl_bpftime_node1,measured
1460,19200,11214.2,-1,11619.2,gcp_kvm_cxl_bpftime_node1,measured
1461,19200,10831.4,-1,11276.6,gcp_kvm_cxl_bpftime_node1,measured
1462,19200,11024.9,-1,11434.4,gcp_kvm_cxl_bpftime_node1,measured
1463,19200,10674.1,-1,11248.8,gcp_kvm_cxl_bpftime_node1,measured
1464,19200,11155.2,-1,11613.8,gcp_kvm_cxl_bpftime_node1,measured
1465,19200,10872.9,-1,11308.7,gcp_kvm_cxl_bpftime_node1,measured
1466,19200,11155.8,-1,11628.2,gcp_kvm_cxl_bpftime_node1,measured
1467,19200,10858.9,-1,11220.0,gcp_kvm_cxl_bpftime_node1,measured
1468,19200,11147.1,-1,11533.2,gcp_kvm_cxl_bpftime_node1,measured
1469,19200,10593.6,-1,10929.5,gcp_kvm_cxl_bpftime_node1,measured
1470,19200,10767.9,-1,11211.8,gcp_kvm_cxl_bpftime_node1,measured
1471,19200,11214.0,-1,11565.4,gcp_kvm_cxl_bpftime_node1,measured
1472,19200,11226.6,-1,11453.7,gcp_kvm_cxl_bpftime_node1,measured
1473,19200,11457.5,-1,11747.2,gcp_kvm_cxl_bpftime_node1,measured
1474,19200,11334.9,-1,11770.8,gcp_kvm_cxl_bpftime_node1,measured
1475,19200,11256.9,-1,11651.1,gcp_kvm_cxl_bpftime_node1,measured
1476,19200,11023.3,-1,11405.3,gcp_kvm_cxl_bpftime_node1,measured
1477,19200,10722.6,-1,10985.8,gcp_kvm_cxl_bpftime_node1,measured
1478,19200,11025.5,-1,11349.1,gcp_kvm_cxl_bpftime_node1,measured
1479,19200,11239.8,-1,11728.1,gcp_kvm_cxl_bpftime_node1,measured
1480,19200,11192.8,-1,11531.6,gcp_kvm_cxl_bpftime_node1,measured
1481,19200,11415.6,-1,11872.2,gcp_kvm_cxl_bpftime_node1,measured
1482,19200,10617.0,-1,11061.0,gcp_kvm_cxl_bpftime_node1,measured
1483,19200,10499.1,-1,10934.0,gcp_kvm_cxl_bpftime_node1,measured
1484,19200,11123.7,-1,11572.8,gcp_kvm_cxl_bpftime_node1,measured
1485,19200,11081.8,-1,11533.3,gcp_kvm_cxl_bpftime_node1,measured
1486,19200,11169.4,-1,11629.9,gcp_kvm_cxl_bpftime_node1,measured
1487,19200,11278.0,-1,11694.1,gcp_kvm_cxl_bpftime_node1,measured
1488,19200,10838.4,-1,11256.3,gcp_kvm_cxl_bpftime_node1,measured
1489,19200,10567.5,-1,10908.8,gcp_kvm_cxl_bpftime_node1,measured
1490,19200,10927.0,-1,11340.2,gcp_kvm_cxl_bpftime_node1,measured
1491,19200,11182.9,-1,11619.1,gcp_kvm_cxl_bpftime_node1,measured
1492,19200,10561.1,-1,10855.8,gcp_kvm_cxl_bpftime_node1,measured
1493,19200,10609.3,-1,10877.8,gcp_kvm_cxl_bpftime_node1,measured
1494,19200,11124.8,-1,11456.3,gcp_kvm_cxl_bpftime_node1,measured
1495,19200,11314.3,-1,11593.0,gcp_kvm_cxl_bpftime_node1,measured
1496,19200,11224.3,-1,11677.4,gcp_kvm_cxl_bpftime_node1,measured
1497,19200,11180.1,-1,11549.9,gcp_kvm_cxl_bpftime_node1,measured
1498,19200,10809.3,-1,11113.9,gcp_kvm_cxl_bpftime_node1,measured
1499,19200,10975.5,-1,11515.0,gcp_kvm_cxl_bpftime_node1,measured
1500,19200,11239.4,-1,11379.8,gcp_kvm_cxl_bpftime_node1,measured
1501,19200,11277.2,-1,11560.9,gcp_kvm_cxl_bpftime_node1,measured
1502,19200,11124.4,-1,11496.2,gcp_kvm_cxl_bpftime_node1,measured
1503,19200,10625.6,-1,11102.9,gcp_kvm_cxl_bpftime_node1,measured
1504,19200,10486.5,-1,10947.9,gcp_kvm_cxl_bpftime_node1,measured
1505,19200,10491.2,-1,10948.0,gcp_kvm_cxl_bpftime_node1,measured
1506,19200,10747.5,-1,11190.7,gcp_kvm_cxl_bpftime_node1,measured
1507,19200,10946.3,-1,11273.5,gcp_kvm_cxl_bpftime_node1,measured
1508,19200,11211.8,-1,11491.9,gcp_kvm_cxl_bpftime_node1,measured
1509,19200,11072.4,-1,11580.8,gcp_kvm_cxl_bpftime_node1,measured
1510,19200,10548.5,-1,10901.1,gcp_kvm_cxl_bpftime_node1,measured
1511,19200,10796.7,-1,11157.5,gcp_kvm_cxl_bpftime_node1,measured
1512,19200,10540.5,-1,10818.0,gcp_kvm_cxl_bpftime_node1,measured
1513,19200,10903.5,-1,11191.3,gcp_kvm_cxl_bpftime_node1,measured
1514,19200,10963.1,-1,11460.4,gcp_kvm_cxl_bpftime_node1,measured
1515,19200,11217.2,-1,11493.8,gcp_kvm_cxl_bpftime_node1,measured
1516,19200,11183.5,-1,11715.2,gcp_kvm_cxl_bpftime_node1,measured
1517,19200,10960.2,-1,11405.3,gcp_kvm_cxl_bpftime_node1,measured
1518,19200,11286.4,-1,11822.8,gcp_kvm_cxl_bpftime_node1,measured
1519,19200,11432.4,-1,11820.8,gcp_kvm_cxl_bpftime_node1,measured
1520,19200,11131.5,-1,11516.9,gcp_kvm_cxl_bpftime_node1,measured
1521,19200,11071.7,-1,11592.9,gcp_kvm_cxl_bpftime_node1,measured
1522,19200,11277.9,-1,11647.4,gcp_kvm_cxl_bpftime_node1,measured
1523,19200,11217.9,-1,11659.0,gcp_kvm_cxl_bpftime_node1,measured
1524,19200,10466.0,-1,10863.8,gcp_kvm_cxl_bpftime_node1,measured
1525,19200,11243.1,-1,11581.1,gcp_kvm_cxl_bpftime_node1,measured
1526,19200,10737.9,-1,11167.1,gcp_kvm_cxl_bpftime_node1,measured
1527,19200,11353.6,-1,11771.1,gcp_kvm_cxl_bpftime_node1,measured
1528,19200,10894.4,-1,11177.4,gcp_kvm_cxl_bpftime_node1,measured
1529,19200,11033.5,-1,11373.9,gcp_kvm_cxl_bpftime_node1,measured
1530,19200,11017.7,-1,11424.6,gcp_kvm_cxl_bpftime_node1,measured
1531,19200,10739.1,-1,11144.0,gcp_kvm_cxl_bpftime_node1,measured
1532,19200,11205.1,-1,11519.3,gcp_kvm_cxl_bpftime_node1,measured
1533,19200,11346.6,-1,11741.0,gcp_kvm_cxl_bpftime_node1,measured
1534,19200,11159.8,-1,11653.1,gcp_kvm_cxl_bpftime_node1,measured
1535,19200,10769.5,-1,11075.8,gcp_kvm_cxl_bpftime_node1,measured
1536,19200,10947.6,-1,11454.1,gcp_kvm_cxl_bpftime_node1,measured
1537,19200,10988.7,-1,11329.5,gcp_kvm_cxl_bpftime_node1,measured
1538,19200,11073.7,-1,11423.1,gcp_kvm_cxl_bpftime_node1,measured
1539,19200,10592.6,-1,11064.8,gcp_kvm_cxl_bpftime_node1,measured
1540,19200,10814.7,-1,11321.4,gcp_kvm_cxl_bpftime_node1,measured
1541,19200,11195.9,-1,11640.0,gcp_kvm_cxl_bpftime_node1,measured
1542,19200,11082.1,-1,11460.4,gcp_kvm_cxl_bpftime_node1,measured
1543,19200,11158.0,-1,11583.9,gcp_kvm_cxl_bpftime_node1,measured
1544,19200,11294.2,-1,11711.2,gcp_kvm_cxl_bpftime_node1,measured
1545,19200,11310.4,-1,11717.6,gcp_kvm_cxl_bpftime_node1,measured
1546,19200,11034.2,-1,11414.4,gcp_kvm_cxl_bpftime_node1,measured
1547,19200,11088.9,-1,11480.3,gcp_kvm_cxl_bpftime_node1,measured
1548,19200,10691.5,-1,11068.6,gcp_kvm_cxl_bpftime_node1,measured
1549,19200,10669.5,-1,11028.6,gcp_kvm_cxl_bpftime_node1,measured
1550,19200,10929.8,-1,11251.4,gcp_kvm_cxl_bpftime_node1,measured
1551,19200,10553.1,-1,10902.7,gcp_kvm_cxl_bpftime_node1,measured
1552,19200,11285.9,-1,11572.5,gcp_kvm_cxl_bpftime_node1,measured
1553,19200,10894.5,-1,11325.7,gcp_kvm_cxl_bpftime_node1,measured
1554,19200,11412.8,-1,11721.8,gcp_kvm_cxl_bpftime_node1,measured
1555,19200,11356.1,-1,11788.1,gcp_kvm_cxl_bpftime_node1,measured
1556,19200,11148.4,-1,11571.0,gcp_kvm_cxl_bpftime_node1,measured
1557,19200,11282.0,-1,11667.6,gcp_kvm_cxl_bpftime_node1,measured
1558,19200,11139.5,-1,11569.1,gcp_kvm_cxl_bpftime_node1,measured
1559,19200,11100.8,-1,11534.8,gcp_kvm_cxl_bpftime_node1,measured
1560,19200,10576.0,-1,10964.8,gcp_kvm_cxl_bpftime_node1,measured
1561,19200,10833.7,-1,11216.1,gcp_kvm_cxl_bpftime_node1,measured
1562,19200,10672.5,-1,11041.4,gcp_kvm_cxl_bpftime_node1,measured
1563,19200,10582.7,-1,11048.6,gcp_kvm_cxl_bpftime_node1,measured
1564,19200,11220.4,-1,11690.9,gcp_kvm_cxl_bpftime_node1,measured
1565,19200,11339.1,-1,11634.3,gcp_kvm_cxl_bpftime_node1,measured
1566,19200,11346.0,-1,11783.9,gcp_kvm_cxl_bpftime_node1,measured
1567,19200,11609.4,-1,12009.3,gcp_kvm_cxl_bpftime_node1,measured
1568,19200,10923.3,-1,11330.0,gcp_kvm_cxl_bpftime_node1,measured
1569,19200,10942.7,-1,11226.0,gcp_kvm_cxl_bpftime_node1,measured
1570,19200,11147.5,-1,11552.6,gcp_kvm_cxl_bpftime_node1,measured
1571,19200,11225.3,-1,11525.4,gcp_kvm_cxl_bpftime_node1,measured
1572,19200,11102.8,-1,11505.7,gcp_kvm_cxl_bpftime_node1,measured
1573,19200,11166.1,-1,11622.6,gcp_kvm_cxl_bpftime_node1,measured
1574,19200,11234.8,-1,11708.7,gcp_kvm_cxl_bpftime_node1,measured
1575,19200,11302.2,-1,11785.1,gcp_kvm_cxl_bpftime_node1,measured
1576,19200,11352.2,-1,11785.1,gcp_kvm_cxl_bpftime_node1,measured
1577,19200,10816.4,-1,11267.9,gcp_kvm_cxl_bpftime_node1,measured
1578,19200,10698.2,-1,11202.6,gcp_kvm_cxl_bpftime_node1,measured
1579,19200,11058.0,-1,11477.5,gcp_kvm_cxl_bpftime_node1,measured
1580,19200,10727.0,-1,11185.6,gcp_kvm_cxl_bpftime_node1,measured
1581,19200,11230.8,-1,11601.6,gcp_kvm_cxl_bpftime_node1,measured
1582,19200,11320.6,-1,11664.4,gcp_kvm_cxl_bpftime_node1,measured
1583,19200,10684.1,-1,11158.1,gcp_kvm_cxl_bpftime_node1,measured
1584,19200,11123.4,-1,11457.9,gcp_kvm_cxl_bpftime_node1,measured
1585,19200,11557.0,-1,11982.3,gcp_kvm_cxl_bpftime_node1,measured
1586,19200,10916.7,-1,11263.1,gcp_kvm_cxl_bpftime_node1,measured
1587,19200,10763.0,-1,11231.8,gcp_kvm_cxl_bpftime_node1,measured
1588,19200,11147.3,-1,11515.6,gcp_kvm_cxl_bpftime_node1,measured
1589,19200,11461.0,-1,11759.0,gcp_kvm_cxl_bpftime_node1,measured
1590,19200,11030.7,-1,11419.8,gcp_kvm_cxl_bpftime_node1,measured
1591,19200,11144.5,-1,11533.5,gcp_kvm_cxl_bpftime_node1,measured
1592,19200,10999.7,-1,11314.0,gcp_kvm_cxl_bpftime_node1,measured
1593,19200,11373.5,-1,11712.4,gcp_kvm_cxl_bpftime_node1,measured
1594,19200,10850.4,-1,11273.6,gcp_kvm_cxl_bpftime_node1,measured
1595,19200,11456.2,-1,11738.0,gcp_kvm_cxl_bpftime_node1,measured
1596,19200,10924.4,-1,11226.5,gcp_kvm_cxl_bpftime_node1,measured
1597,19200,11369.9,-1,11643.3,gcp_kvm_cxl_bpftime_node1,measured
1598,19200,11255.8,-1,11701.4,gcp_kvm_cxl_bpftime_node1,measured
1599,19200,11227.1,-1,11621.4,gcp_kvm_cxl_bpftime_node1,measured
1600,19200,11505.0,-1,11597.2,gcp_kvm_cxl_bpftime_node1,measured
1601,19200,10892.1,-1,11266.0,gcp_kvm_cxl_bpftime_node1,measured
1602,19200,11363.0,-1,11645.1,gcp_kvm_cxl_bpftime_node1,measured
1603,19200,11288.0,-1,11755.6,gcp_kvm_cxl_bpftime_node1,measured
1604,19200,11368.5,-1,11804.3,gcp_kvm_cxl_bpftime_node1,measured
1605,19200,11285.2,-1,11829.8,gcp_kvm_cxl_bpftime_node1,measured
1606,19200,10709.6,-1,11149.7,gcp_kvm_cxl_bpftime_node1,measured
1607,19200,10981.6,-1,11448.5,gcp_kvm_cxl_bpftime_node1,measured
1608,19200,11307.9,-1,11749.8,gcp_kvm_cxl_bpftime_node1,measured
1609,19200,11020.5,-1,11474.2,gcp_kvm_cxl_bpftime_node1,measured
1610,19200,10929.7,-1,11404.3,gcp_kvm_cxl_bpftime_node1,measured
1611,19200,11031.4,-1,11359.6,gcp_kvm_cxl_bpftime_node1,measured
1612,19200,11259.1,-1,11684.5,gcp_kvm_cxl_bpftime_node1,measured
1613,19200,11242.9,-1,11575.9,gcp_kvm_cxl_bpftime_node1,measured
1614,19200,10733.6,-1,11090.7,gcp_kvm_cxl_bpftime_node1,measured
1615,19200,10949.1,-1,11179.6,gcp_kvm_cxl_bpftime_node1,measured
1616,19200,10990.1,-1,11260.1,gcp_kvm_cxl_bpftime_node1,measured
1617,19200,10948.5,-1,11316.4,gcp_kvm_cxl_bpftime_node1,measured
1618,19200,10845.9,-1,11406.2,gcp_kvm_cxl_bpftime_node1,measured
1619,19200,11246.1,-1,11575.3,gcp_kvm_cxl_bpftime_node1,measured
1620,19200,10911.6,-1,11345.8,gcp_kvm_cxl_bpftime_node1,measured
1621,19200,11300.0,-1,11697.3,gcp_kvm_cxl_bpftime_node1,measured
1622,19200,10616.4,-1,11072.0,gcp_kvm_cxl_bpftime_node1,measured
1623,19200,11275.3,-1,11550.8,gcp_kvm_cxl_bpftime_node1,measured
1624,19200,11185.9,-1,11549.6,gcp_kvm_cxl_bpftime_node1,measured
1625,19200,11239.1,-1,11704.4,gcp_kvm_cxl_bpftime_node1,measured
1626,19200,11202.1,-1,11619.6,gcp_kvm_cxl_bpftime_node1,measured
1627,19200,10926.2,-1,11346.3,gcp_kvm_cxl_bpftime_node1,measured
1628,19200,10484.4,-1,10870.9,gcp_kvm_cxl_bpftime_node1,measured
1629,19200,11096.7,-1,11487.3,gcp_kvm_cxl_bpftime_node1,measured
1630,19200,11333.0,-1,11718.8,gcp_kvm_cxl_bpftime_node1,measured
1631,19200,10584.7,-1,11027.8,gcp_kvm_cxl_bpftime_node1,measured
1632,19200,10802.0,-1,11232.3,gcp_kvm_cxl_bpftime_node1,measured
1633,19200,11095.8,-1,11364.2,gcp_kvm_cxl_bpftime_node1,measured
1634,19200,10997.2,-1,11357.8,gcp_kvm_cxl_bpftime_node1,measured
1635,19200,10516.0,-1,10903.4,gcp_kvm_cxl_bpftime_node1,measured
1636,19200,11146.1,-1,11575.1,gcp_kvm_cxl_bpftime_node1,measured
1637,19200,10953.5,-1,11395.0,gcp_kvm_cxl_bpftime_node1,measured
1638,19200,11134.4,-1,11615.9,gcp_kvm_cxl_bpftime_node1,measured
1639,19200,11065.9,-1,11438.2,gcp_kvm_cxl_bpftime_node1,measured
1640,19200,10951.8,-1,11230.7,gcp_kvm_cxl_bpftime_node1,measured
1641,19200,10399.8,-1,10738.1,gcp_kvm_cxl_bpftime_node1,measured
1642,19200,10417.6,-1,10701.7,gcp_kvm_cxl_bpftime_node1,measured
1643,19200,11261.3,-1,11583.4,gcp_kvm_cxl_bpftime_node1,measured
1644,19200,10986.0,-1,11327.7,gcp_kvm_cxl_bpftime_node1,measured
1645,19200,11288.8,-1,11662.6,gcp_kvm_cxl_bpftime_node1,measured
1646,19200,11172.3,-1,11600.8,gcp_kvm_cxl_bpftime_node1,measured
1647,19200,10818.1,-1,11144.5,gcp_kvm_cxl_bpftime_node1,measured
1648,19200,10497.4,-1,10972.3,gcp_kvm_cxl_bpftime_node1,measured
1649,19200,11171.6,-1,11641.4,gcp_kvm_cxl_bpftime_node1,measured
1650,19200,11171.6,-1,11559.6,gcp_kvm_cxl_bpftime_node1,measured
1651,19200,11108.4,-1,11495.6,gcp_kvm_cxl_bpftime_node1,measured
1652,19200,11058.9,-1,11591.5,gcp_kvm_cxl_bpftime_node1,measured
1653,19200,11227.0,-1,11669.7,gcp_kvm_cxl_bpftime_node1,measured
1654,19200,10931.6,-1,11388.5,gcp_kvm_cxl_bpftime_node1,measured
1655,19200,11342.4,-1,11789.4,gcp_kvm_cxl_bpftime_node1,measured
1656,19200,10830.0,-1,11111.4,gcp_kvm_cxl_bpftime_node1,measured
1657,19200,11530.9,-1,11811.5,gcp_kvm_cxl_bpftime_node1,measured
1658,19200,11278.0,-1,11691.5,gcp_kvm_cxl_bpftime_node1,measured
1659,19200,11171.9,-1,11636.8,gcp_kvm_cxl_bpftime_node1,measured
1660,19200,11254.9,-1,11613.1,gcp_kvm_cxl_bpftime_node1,measured
1661,19200,11139.6,-1,11545.3,gcp_kvm_cxl_bpftime_node1,measured
1662,19200,11180.1,-1,11447.3,gcp_kvm_cxl_bpftime_node1,measured
1663,19200,11204.5,-1,11466.2,gcp_kvm_cxl_bpftime_node1,measured
1664,19200,10812.3,-1,11144.5,gcp_kvm_cxl_bpftime_node1,measured
1665,19200,10597.1,-1,11018.7,gcp_kvm_cxl_bpftime_node1,measured
1666,19200,10963.4,-1,11225.3,gcp_kvm_cxl_bpftime_node1,measured
1667,19200,11136.5,-1,11483.2,gcp_kvm_cxl_bpftime_node1,measured
1668,19200,11070.8,-1,11375.2,gcp_kvm_cxl_bpftime_node1,measured
1669,19200,10983.5,-1,11357.8,gcp_kvm_cxl_bpftime_node1,measured
1670,19200,11007.7,-1,11200.6,gcp_kvm_cxl_bpftime_node1,measured
1671,19200,11304.4,-1,11682.4,gcp_kvm_cxl_bpftime_node1,measured
1672,19200,11256.7,-1,11692.6,gcp_kvm_cxl_bpftime_node1,measured
1673,19200,10971.2,-1,11433.6,gcp_kvm_cxl_bpftime_node1,measured
1674,19200,10794.7,-1,11178.9,gcp_kvm_cxl_bpftime_node1,measured
1675,19200,11315.0,-1,11690.3,gcp_kvm_cxl_bpftime_node1,measured
1676,19200,10845.0,-1,11299.6,gcp_kvm_cxl_bpftime_node1,measured
1677,19200,10818.7,-1,11132.3,gcp_kvm_cxl_bpftime_node1,measured
1678,19200,11097.3,-1,11495.3,gcp_kvm_cxl_bpftime_node1,measured
1679,19200,11163.4,-1,11438.9,gcp_kvm_cxl_bpftime_node1,measured
1680,19200,11094.7,-1,11647.1,gcp_kvm_cxl_bpftime_node1,measured
1681,19200,11273.8,-1,11696.2,gcp_kvm_cxl_bpftime_node1,measured
1682,19200,11114.1,-1,11444.3,gcp_kvm_cxl_bpftime_node1,measured
1683,19200,11205.2,-1,11580.1,gcp_kvm_cxl_bpftime_node1,measured
1684,19200,11031.0,-1,11432.8,gcp_kvm_cxl_bpftime_node1,measured
1685,19200,11355.3,-1,11705.1,gcp_kvm_cxl_bpftime_node1,measured
1686,19200,10703.4,-1,11001.2,gcp_kvm_cxl_bpftime_node1,measured
1687,19200,10869.0,-1,11311.0,gcp_kvm_cxl_bpftime_node1,measured
1688,19200,11293.9,-1,11585.1,gcp_kvm_cxl_bpftime_node1,measured
1689,19200,11309.1,-1,11566.7,gcp_kvm_cxl_bpftime_node1,measured
1690,19200,10600.9,-1,10959.6,gcp_kvm_cxl_bpftime_node1,measured
1691,19200,10922.5,-1,11119.5,gcp_kvm_cxl_bpftime_node1,measured
1692,19200,11089.4,-1,11493.4,gcp_kvm_cxl_bpftime_node1,measured
1693,19200,11154.3,-1,11530.9,gcp_kvm_cxl_bpftime_node1,measured
1694,19200,11181.3,-1,11715.9,gcp_kvm_cxl_bpftime_node1,measured
1695,19200,11421.8,-1,11900.5,gcp_kvm_cxl_bpftime_node1,measured
1696,19200,11235.6,-1,11749.9,gcp_kvm_cxl_bpftime_node1,measured
1697,19200,11159.5,-1,11603.6,gcp_kvm_cxl_bpftime_node1,measured
1698,19200,11469.3,-1,11830.0,gcp_kvm_cxl_bpftime_node1,measured
1699,19200,11028.0,-1,11454.8,gcp_kvm_cxl_bpftime_node1,measured
1700,19200,10987.5,-1,11129.4,gcp_kvm_cxl_bpftime_node1,measured
1701,19200,11145.2,-1,11594.0,gcp_kvm_cxl_bpftime_node1,measured
1702,19200,10887.4,-1,11179.6,gcp_kvm_cxl_bpftime_node1,measured
1703,19200,11198.6,-1,11573.9,gcp_kvm_cxl_bpftime_node1,measured
1704,19200,11032.6,-1,11424.5,gcp_kvm_cxl_bpftime_node1,measured
1705,19200,11273.3,-1,11588.6,gcp_kvm_cxl_bpftime_node1,measured
1706,19200,11368.0,-1,11827.6,gcp_kvm_cxl_bpftime_node1,measured
1707,19200,10649.8,-1,11092.1,gcp_kvm_cxl_bpftime_node1,measured
1708,19200,11231.8,-1,11466.6,gcp_kvm_cxl_bpftime_node1,measured
1709,19200,11175.2,-1,11598.2,gcp_kvm_cxl_bpftime_node1,measured
1710,19200,11356.6,-1,11806.2,gcp_kvm_cxl_bpftime_node1,measured
1711,19200,11364.5,-1,11719.2,gcp_kvm_cxl_bpftime_node1,measured
1712,19200,11432.0,-1,11850.4,gcp_kvm_cxl_bpftime_node1,measured
1713,19200,11007.4,-1,11307.3,gcp_kvm_cxl_bpftime_node1,measured
1714,19200,11133.5,-1,11605.3,gcp_kvm_cxl_bpftime_node1,measured
1715,19200,10770.5,-1,11071.1,gcp_kvm_cxl_bpftime_node1,measured
1716,19200,10797.3,-1,11139.4,gcp_kvm_cxl_bpftime_node1,measured
1717,19200,11195.2,-1,11547.5,gcp_kvm_cxl_bpftime_node1,measured
1718,19200,10828.2,-1,11201.5,gcp_kvm_cxl_bpftime_node1,measured
1719,19200,11235.8,-1,11533.3,gcp_kvm_cxl_bpftime_node1,measured
1720,19200,11104.7,-1,11607.4,gcp_kvm_cxl_bpftime_node1,measured
1721,19200,11019.4,-1,11582.9,gcp_kvm_cxl_bpftime_node1,measured
1722,19200,10721.6,-1,11093.5,gcp_kvm_cxl_bpftime_node1,measured
1723,19200,11339.2,-1,11757.0,gcp_kvm_cxl_bpftime_node1,measured
1724,19200,11012.5,-1,11368.1,gcp_kvm_cxl_bpftime_node1,measured
1725,19200,11386.3,-1,11830.2,gcp_kvm_cxl_bpftime_node1,measured
1726,19200,10941.1,-1,11393.9,gcp_kvm_cxl_bpftime_node1,measured
1727,19200,10934.6,-1,11402.4,gcp_kvm_cxl_bpftime_node1,measured
1728,19200,11201.2,-1,11608.5,gcp_kvm_cxl_bpftime_node1,measured
1729,19200,10724.7,-1,11221.0,gcp_kvm_cxl_bpftime_node1,measured
1730,19200,11320.7,-1,11724.5,gcp_kvm_cxl_bpftime_node1,measured
1731,19200,10832.9,-1,11376.4,gcp_kvm_cxl_bpftime_node1,measured
1732,19200,11341.6,-1,11762.6,gcp_kvm_cxl_bpftime_node1,measured
1733,19200,10499.9,-1,10961.2,gcp_kvm_cxl_bpftime_node1,measured
1734,19200,11380.8,-1,11660.8,gcp_kvm_cxl_bpftime_node1,measured
1735,19200,11281.3,-1,11719.5,gcp_kvm_cxl_bpftime_node1,measured
1736,19200,10951.2,-1,11403.9,gcp_kvm_cxl_bpftime_node1,measured
1737,19200,11292.7,-1,11574.6,gcp_kvm_cxl_bpftime_node1,measured
1738,19200,11119.3,-1,11583.4,gcp_kvm_cxl_bpftime_node1,measured
1739,19200,10662.3,-1,11108.6,gcp_kvm_cxl_bpftime_node1,measured
1740,19200,11127.2,-1,11593.0,gcp_kvm_cxl_bpftime_node1,measured
1741,19200,10598.8,-1,10969.5,gcp_kvm_cxl_bpftime_node1,measured
1742,19200,10569.3,-1,10938.0,gcp_kvm_cxl_bpftime_node1,measured
1743,19200,10819.9,-1,11116.9,gcp_kvm_cxl_bpftime_node1,measured
1744,19200,10792.4,-1,11087.1,gcp_kvm_cxl_bpftime_node1,measured
1745,19200,10413.4,-1,10795.4,gcp_kvm_cxl_bpftime_node1,measured
1746,19200,10727.7,-1,11152.6,gcp_kvm_cxl_bpftime_node1,measured
1747,19200,10965.9,-1,11242.9,gcp_kvm_cxl_bpftime_node1,measured
1748,19200,11340.9,-1,11870.2,gcp_kvm_cxl_bpftime_node1,measured
1749,19200,10492.9,-1,10934.2,gcp_kvm_cxl_bpftime_node1,measured
1750,19200,10678.2,-1,11158.5,gcp_kvm_cxl_bpftime_node1,measured
1751,19200,11269.5,-1,11716.8,gcp_kvm_cxl_bpftime_node1,measured
1752,19200,11257.7,-1,11669.1,gcp_kvm_cxl_bpftime_node1,measured
1753,19200,10565.0,-1,10967.8,gcp_kvm_cxl_bpftime_node1,measured
1754,19200,11039.7,-1,11405.7,gcp_kvm_cxl_bpftime_node1,measured
1755,19200,10798.8,-1,11149.8,gcp_kvm_cxl_bpftime_node1,measured
1756,19200,11167.0,-1,11645.2,gcp_kvm_cxl_bpftime_node1,measured
1757,19200,10874.0,-1,11180.9,gcp_kvm_cxl_bpftime_node1,measured
1758,19200,11240.8,-1,11568.1,gcp_kvm_cxl_bpftime_node1,measured
1759,19200,11062.4,-1,11531.7,gcp_kvm_cxl_bpftime_node1,measured
1760,19200,10579.5,-1,11038.3,gcp_kvm_cxl_bpftime_node1,measured
1761,19200,11100.0,-1,11544.7,gcp_kvm_cxl_bpftime_node1,measured
1762,19200,10685.6,-1,10996.0,gcp_kvm_cxl_bpftime_node1,measured
1763,19200,11403.8,-1,11730.3,gcp_kvm_cxl_bpftime_node1,measured
1764,19200,10907.5,-1,11367.4,gcp_kvm_cxl_bpftime_node1,measured
1765,19200,10897.4,-1,11421.8,gcp_kvm_cxl_bpftime_node1,measured
1766,19200,11078.3,-1,11408.1,gcp_kvm_cxl_bpftime_node1,measured
1767,19200,10716.8,-1,11011.5,gcp_kvm_cxl_bpftime_node1,measured
1768,19200,11336.2,-1,11718.7,gcp_kvm_cxl_bpftime_node1,measured
1769,19200,11097.1,-1,11474.4,gcp_kvm_cxl_bpftime_node1,measured
1770,19200,10571.5,-1,10930.2,gcp_kvm_cxl_bpftime_node1,measured
1771,19200,11274.8,-1,11548.1,gcp_kvm_cxl_bpftime_node1,measured
1772,19200,10994.2,-1,11421.7,gcp_kvm_cxl_bpftime_node1,measured
1773,19200,11149.3,-1,11597.1,gcp_kvm_cxl_bpftime_node1,measured
1774,19200,11053.3,-1,11434.9,gcp_kvm_cxl_bpftime_node1,measured
1775,19200,10711.7,-1,11133.7,gcp_kvm_cxl_bpftime_node1,measured
1776,19200,10706.3,-1,10909.7,gcp_kvm_cxl_bpftime_node1,measured
1777,19200,10574.6,-1,11002.3,gcp_kvm_cxl_bpftime_node1,measured
1778,19200,10494.3,-1,10922.4,gcp_kvm_cxl_bpftime_node1,measured
1779,19200,10622.1,-1,11103.0,gcp_kvm_cxl_bpftime_node1,measured
1780,19200,10582.3,-1,11030.1,gcp_kvm_cxl_bpftime_node1,measured
1781,19200,10794.1,-1,11109.0,gcp_kvm_cxl_bpftime_node1,measured
1782,19200,11308.3,-1,11692.4,gcp_kvm_cxl_bpftime_node1,measured
1783,19200,10874.0,-1,11333.2,gcp_kvm_cxl_bpftime_node1,measured
1784,19200,11090.1,-1,11363.1,gcp_kvm_cxl_bpftime_node1,measured
1785,19200,11273.4,-1,11719.5,gcp_kvm_cxl_bpftime_node1,measured
1786,19200,11284.4,-1,11713.0,gcp_kvm_cxl_bpftime_node1,measured
1787,19200,11207.3,-1,11736.0,gcp_kvm_cxl_bpftime_node1,measured
1788,19200,10808.5,-1,11334.0,gcp_kvm_cxl_bpftime_node1,measured
1789,19200,11221.5,-1,11499.9,gcp_kvm_cxl_bpftime_node1,measured
1790,19200,10691.0,-1,10991.0,gcp_kvm_cxl_bpftime_node1,measured
1791,19200,11009.8,-1,11625.9,gcp_kvm_cxl_bpftime_node1,measured
1792,19200,11419.5,-1,11687.4,gcp_kvm_cxl_bpftime_node1,measured
1793,19200,11066.2,-1,11517.7,gcp_kvm_cxl_bpftime_node1,measured
1794,19200,10801.9,-1,11253.7,gcp_kvm_cxl_bpftime_node1,measured
1795,19200,11182.3,-1,11569.8,gcp_kvm_cxl_bpftime_node1,measured
1796,19200,10521.1,-1,10888.5,gcp_kvm_cxl_bpftime_node1,measured
1797,19200,10891.7,-1,11168.5,gcp_kvm_cxl_bpftime_node1,measured
1798,19200,11120.4,-1,11530.9,gcp_kvm_cxl_bpftime_node1,measured
1799,19200,11277.4,-1,11817.5,gcp_kvm_cxl_bpftime_node1,measured
1800,19200,11556.5,-1,11670.8,gcp_kvm_cxl_bpftime_node1,measured
1801,19200,10855.6,-1,11228.0,gcp_kvm_cxl_bpftime_node1,measured
1802,19200,10483.5,-1,10817.9,gcp_kvm_cxl_bpftime_node1,measured
1803,19200,11236.2,-1,11761.1,gcp_kvm_cxl_bpftime_node1,measured
1804,19200,11161.4,-1,11572.0,gcp_kvm_cxl_bpftime_node1,measured
1805,19200,10477.7,-1,10912.2,gcp_kvm_cxl_bpftime_node1,measured
1806,19200,10877.3,-1,11384.1,gcp_kvm_cxl_bpftime_node1,measured
1807,19200,10882.3,-1,11227.6,gcp_kvm_cxl_bpftime_node1,measured
1808,19200,11280.7,-1,11698.1,gcp_kvm_cxl_bpftime_node1,measured
1809,19200,10830.1,-1,11277.3,gcp_kvm_cxl_bpftime_node1,measured
1810,19200,11187.7,-1,11630.8,gcp_kvm_cxl_bpftime_node1,measured
1811,19200,11121.9,-1,11486.2,gcp_kvm_cxl_bpftime_node1,measured
1812,19200,11211.5,-1,11706.9,gcp_kvm_cxl_bpftime_node1,measured
1813,19200,11251.9,-1,11706.0,gcp_kvm_cxl_bpftime_node1,measured
1814,19200,10830.1,-1,11241.5,gcp_kvm_cxl_bpftime_node1,measured
1815,19200,11055.0,-1,11363.9,gcp_kvm_cxl_bpftime_node1,measured
1816,19200,10417.1,-1,10752.0,gcp_kvm_cxl_bpftime_node1,measured
1817,19200,10790.0,-1,11206.9,gcp_kvm_cxl_bpftime_node1,measured
1818,19200,10852.5,-1,11227.5,gcp_kvm_cxl_bpftime_node1,measured
1819,19200,11190.1,-1,11705.8,gcp_kvm_cxl_bpftime_node1,measured
1820,19200,11281.2,-1,11552.7,gcp_kvm_cxl_bpftime_node1,measured
1821,19200,10920.4,-1,11358.2,gcp_kvm_cxl_bpftime_node1,measured
1822,19200,10825.9,-1,11185.9,gcp_kvm_cxl_bpftime_node1,measured
1823,19200,10504.8,-1,10969.5,gcp_kvm_cxl_bpftime_node1,measured
1824,19200,10597.1,-1,11055.8,gcp_kvm_cxl_bpftime_node1,measured
1825,19200,10710.7,-1,11157.5,gcp_kvm_cxl_bpftime_node1,measured
1826,19200,10996.1,-1,11401.9,gcp_kvm_cxl_bpftime_node1,measured
1827,19200,11198.7,-1,11641.6,gcp_kvm_cxl_bpftime_node1,measured
1828,19200,11227.6,-1,11640.6,gcp_kvm_cxl_bpftime_node1,measured
1829,19200,10624.2,-1,11068.2,gcp_kvm_cxl_bpftime_node1,measured
1830,19200,11174.6,-1,11621.5,gcp_kvm_cxl_bpftime_node1,measured
1831,19200,11054.5,-1,11344.2,gcp_kvm_cxl_bpftime_node1,measured
1832,19200,10975.5,-1,11431.4,gcp_kvm_cxl_bpftime_node1,measured
1833,19200,10844.8,-1,11216.7,gcp_kvm_cxl_bpftime_node1,measured
1834,19200,11020.7,-1,11319.6,gcp_kvm_cxl_bpftime_node1,measured
1835,19200,10806.8,-1,11259.1,gcp_kvm_cxl_bpftime_node1,measured
1836,19200,11216.6,-1,11629.2,gcp_kvm_cxl_bpftime_node1,measured
1837,19200,10596.9,-1,11025.7,gcp_kvm_cxl_bpftime_node1,measured
1838,19200,10956.9,-1,11223.7,gcp_kvm_cxl_bpftime_node1,measured
1839,19200,10878.4,-1,11158.0,gcp_kvm_cxl_bpftime_node1,measured
1840,19200,11191.3,-1,11459.9,gcp_kvm_cxl_bpftime_node1,measured
1841,19200,10792.9,-1,11305.5,gcp_kvm_cxl_bpftime_node1,measured
1842,19200,11049.4,-1,11401.7,gcp_kvm_cxl_bpftime_node1,measured
1843,19200,11070.0,-1,11368.3,gcp_kvm_cxl_bpftime_node1,measured
1844,19200,11213.4,-1,11516.6,gcp_kvm_cxl_bpftime_node1,measured
1845,19200,11131.3,-1,11681.1,gcp_kvm_cxl_bpftime_node1,measured
1846,19200,11198.9,-1,11562.4,gcp_kvm_cxl_bpftime_node1,measured
1847,19200,11058.2,-1,11546.8,gcp_kvm_cxl_bpftime_node1,measured
1848,19200,11184.4,-1,11612.4,gcp_kvm_cxl_bpftime_node1,measured
1849,19200,10552.9,-1,10902.0,gcp_kvm_cxl_bpftime_node1,measured
1850,19200,11080.8,-1,11413.2,gcp_kvm_cxl_bpftime_node1,measured
1851,19200,10987.5,-1,11357.9,gcp_kvm_cxl_bpftime_node1,measured
1852,19200,11084.4,-1,11551.9,gcp_kvm_cxl_bpftime_node1,measured
1853,19200,11111.9,-1,11462.4,gcp_kvm_cxl_bpftime_node1,measured
1854,19200,10956.6,-1,11167.1,gcp_kvm_cxl_bpftime_node1,measured
1855,19200,11183.2,-1,11575.9,gcp_kvm_cxl_bpftime_node1,measured
1856,19200,11110.1,-1,11450.0,gcp_kvm_cxl_bpftime_node1,measured
1857,19200,11034.8,-1,11367.6,gcp_kvm_cxl_bpftime_node1,measured
1858,19200,10718.1,-1,11030.1,gcp_kvm_cxl_bpftime_node1,measured
1859,19200,10673.1,-1,10967.0,gcp_kvm_cxl_bpftime_node1,measured
1860,19200,10553.9,-1,10898.1,gcp_kvm_cxl_bpftime_node1,measured
1861,19200,11411.8,-1,11698.0,gcp_kvm_cxl_bpftime_node1,measured
1862,19200,11102.0,-1,11473.0,gcp_kvm_cxl_bpftime_node1,measured
1863,19200,11131.4,-1,11459.7,gcp_kvm_cxl_bpftime_node1,measured
1864,19200,11196.0,-1,11550.2,gcp_kvm_cxl_bpftime_node1,measured
1865,19200,10471.8,-1,10904.1,gcp_kvm_cxl_bpftime_node1,measured
1866,19200,10937.0,-1,11294.5,gcp_kvm_cxl_bpftime_node1,measured
1867,19200,11141.8,-1,11352.2,gcp_kvm_cxl_bpftime_node1,measured
1868,19200,10934.7,-1,11379.5,gcp_kvm_cxl_bpftime_node1,measured
1869,19200,11253.6,-1,11708.8,gcp_kvm_cxl_bpftime_node1,measured
1870,19200,11091.5,-1,11513.2,gcp_kvm_cxl_bpftime_node1,measured
1871,19200,11000.7,-1,11184.0,gcp_kvm_cxl_bpftime_node1,measured
1872,19200,11020.0,-1,11429.0,gcp_kvm_cxl_bpftime_node1,measured
1873,19200,11100.3,-1,11514.2,gcp_kvm_cxl_bpftime_node1,measured
1874,19200,11293.0,-1,11680.6,gcp_kvm_cxl_bpftime_node1,measured
1875,19200,10600.4,-1,11076.2,gcp_kvm_cxl_bpftime_node1,measured
1876,19200,10631.8,-1,11088.6,gcp_kvm_cxl_bpftime_node1,measured
1877,19200,11237.3,-1,11749.7,gcp_kvm_cxl_bpftime_node1,measured
1878,19200,11207.5,-1,11593.1,gcp_kvm_cxl_bpftime_node1,measured
1879,19200,10813.0,-1,11194.1,gcp_kvm_cxl_bpftime_node1,measured
1880,19200,11329.8,-1,11764.4,gcp_kvm_cxl_bpftime_node1,measured
1881,19200,11066.3,-1,11349.8,gcp_kvm_cxl_bpftime_node1,measured
1882,19200,11015.8,-1,11558.5,gcp_kvm_cxl_bpftime_node1,measured
1883,19200,10959.0,-1,11245.2,gcp_kvm_cxl_bpftime_node1,measured
1884,19200,10396.6,-1,10819.5,gcp_kvm_cxl_bpftime_node1,measured
1885,19200,11113.0,-1,11408.4,gcp_kvm_cxl_bpftime_node1,measured
1886,19200,11176.0,-1,11499.0,gcp_kvm_cxl_bpftime_node1,measured
1887,19200,10867.5,-1,11256.9,gcp_kvm_cxl_bpftime_node1,measured
1888,19200,10876.7,-1,11207.9,gcp_kvm_cxl_bpftime_node1,measured
1889,19200,10788.8,-1,11119.3,gcp_kvm_cxl_bpftime_node1,measured
1890,19200,10612.7,-1,10822.2,gcp_kvm_cxl_bpftime_node1,measured
1891,19200,11209.6,-1,11589.8,gcp_kvm_cxl_bpftime_node1,measured
1892,19200,10904.1,-1,11360.6,gcp_kvm_cxl_bpftime_node1,measured
1893,19200,10796.3,-1,11232.2,gcp_kvm_cxl_bpftime_node1,measured
1894,19200,10546.8,-1,11029.7,gcp_kvm_cxl_bpftime_node1,measured
1895,19200,11221.4,-1,11583.5,gcp_kvm_cxl_bpftime_node1,measured
1896,19200,10947.4,-1,11501.3,gcp_kvm_cxl_bpftime_node1,measured
1897,19200,11220.5,-1,11659.3,gcp_kvm_cxl_bpftime_node1,measured
1898,19200,10815.6,-1,11149.5,gcp_kvm_cxl_bpftime_node1,measured
1899,19200,10464.4,-1,10934.4,gcp_kvm_cxl_bpftime_node1,measured
1900,19200,10824.1,-1,11011.3,gcp_kvm_cxl_bpftime_node1,measured
1901,19200,11232.0,-1,11674.0,gcp_kvm_cxl_bpftime_node1,measured
1902,19200,10532.4,-1,11049.6,gcp_kvm_cxl_bpftime_node1,measured
1903,19200,11023.6,-1,11426.1,gcp_kvm_cxl_bpftime_node1,measured
1904,19200,11275.1,-1,11612.4,gcp_kvm_cxl_bpftime_node1,measured
1905,19200,10828.0,-1,11277.1,gcp_kvm_cxl_bpftime_node1,measured
1906,19200,11077.8,-1,11514.9,gcp_kvm_cxl_bpftime_node1,measured
1907,19200,11229.7,-1,11738.1,gcp_kvm_cxl_bpftime_node1,measured
1908,19200,11440.8,-1,11857.2,gcp_kvm_cxl_bpftime_node1,measured
1909,19200,11463.1,-1,11845.9,gcp_kvm_cxl_bpftime_node1,measured
1910,19200,11429.3,-1,11877.0,gcp_kvm_cxl_bpftime_node1,measured
1911,19200,11354.1,-1,11768.9,gcp_kvm_cxl_bpftime_node1,measured
1912,19200,10976.3,-1,11471.7,gcp_kvm_cxl_bpftime_node1,measured
1913,19200,11289.0,-1,11598.8,gcp_kvm_cxl_bpftime_node1,measured
1914,19200,11161.9,-1,11690.4,gcp_kvm_cxl_bpftime_node1,measured
1915,19200,11306.9,-1,11587.6,gcp_kvm_cxl_bpftime_node1,measured
1916,19200,10887.8,-1,11328.7,gcp_kvm_cxl_bpftime_node1,measured
1917,19200,11251.7,-1,11548.6,gcp_kvm_cxl_bpftime_node1,measured
1918,19200,10913.9,-1,11195.7,gcp_kvm_cxl_bpftime_node1,measured
1919,19200,11025.9,-1,11384.6,gcp_kvm_cxl_bpftime_node1,measured
1920,19200,10528.1,-1,11001.3,gcp_kvm_cxl_bpftime_node1,measured
1921,19200,10535.0,-1,11020.3,gcp_kvm_cxl_bpftime_node1,measured
1922,19200,10968.4,-1,11208.5,gcp_kvm_cxl_bpftime_node1,measured
1923,19200,11370.3,-1,11790.2,gcp_kvm_cxl_bpftime_node1,measured
1924,19200,11084.6,-1,11465.1,gcp_kvm_cxl_bpftime_node1,measured
1925,19200,10862.6,-1,11189.3,gcp_kvm_cxl_bpftime_node1,measured
1926,19200,11309.2,-1,11613.2,gcp_kvm_cxl_bpftime_node1,measured
1927,19200,11304.3,-1,11574.0,gcp_kvm_cxl_bpftime_node1,measured
1928,19200,10838.3,-1,11122.7,gcp_kvm_cxl_bpftime_node1,measured
1929,19200,11272.5,-1,11732.7,gcp_kvm_cxl_bpftime_node1,measured
1930,19200,10947.0,-1,11389.6,gcp_kvm_cxl_bpftime_node1,measured
1931,19200,10861.1,-1,11218.7,gcp_kvm_cxl_bpftime_node1,measured
1932,19200,11321.7,-1,11676.1,gcp_kvm_cxl_bpftime_node1,measured
1933,19200,11238.4,-1,11634.0,gcp_kvm_cxl_bpftime_node1,measured
1934,19200,10598.9,-1,11001.5,gcp_kvm_cxl_bpftime_node1,measured
1935,19200,10705.1,-1,11149.8,gcp_kvm_cxl_bpftime_node1,measured
1936,19200,11067.4,-1,11537.8,gcp_kvm_cxl_bpftime_node1,measured
1937,19200,11348.5,-1,11788.4,gcp_kvm_cxl_bpftime_node1,measured
1938,19200,11023.6,-1,11472.9,gcp_kvm_cxl_bpftime_node1,measured
1939,19200,10613.5,-1,11080.1,gcp_kvm_cxl_bpftime_node1,measured
1940,19200,11134.3,-1,11601.5,gcp_kvm_cxl_bpftime_node1,measured
1941,19200,11390.9,-1,11763.2,gcp_kvm_cxl_bpftime_node1,measured
1942,19200,10801.6,-1,11259.0,gcp_kvm_cxl_bpftime_node1,measured
1943,19200,11419.7,-1,11800.8,gcp_kvm_cxl_bpftime_node1,measured
1944,19200,10993.9,-1,11286.5,gcp_kvm_cxl_bpftime_node1,measured
1945,19200,11061.2,-1,11507.0,gcp_kvm_cxl_bpftime_node1,measured
1946,19200,10886.8,-1,11339.5,gcp_kvm_cxl_bpftime_node1,measured
1947,19200,11036.5,-1,11315.7,gcp_kvm_cxl_bpftime_node1,measured
1948,19200,11257.4,-1,11777.3,gcp_kvm_cxl_bpftime_node1,measured
1949,19200,11140.2,-1,11642.6,gcp_kvm_cxl_bpftime_node1,measured
1950,19200,10903.4,-1,11332.7,gcp_kvm_cxl_bpftime_node1,measured
1951,19200,11463.0,-1,11749.2,gcp_kvm_cxl_bpftime_node1,measured
1952,19200,10844.2,-1,11282.7,gcp_kvm_cxl_bpftime_node1,measured
1953,19200,10949.2,-1,11312.2,gcp_kvm_cxl_bpftime_node1,measured
1954,19200,11366.2,-1,11663.8,gcp_kvm_cxl_bpftime_node1,measured
1955,19200,10751.8,-1,11199.2,gcp_kvm_cxl_bpftime_node1,measured
1956,19200,11367.1,-1,11907.7,gcp_kvm_cxl_bpftime_node1,measured
1957,19200,10814.6,-1,11141.4,gcp_kvm_cxl_bpftime_node1,measured
1958,19200,11262.4,-1,11658.1,gcp_kvm_cxl_bpftime_node1,measured
1959,19200,11162.6,-1,11643.5,gcp_kvm_cxl_bpftime_node1,measured
1960,19200,10659.8,-1,11010.5,gcp_kvm_cxl_bpftime_node1,measured
1961,19200,11052.0,-1,11450.8,gcp_kvm_cxl_bpftime_node1,measured
1962,19200,10535.4,-1,10942.1,gcp_kvm_cxl_bpftime_node1,measured
1963,19200,10547.1,-1,11001.0,gcp_kvm_cxl_bpftime_node1,measured
1964,19200,10489.5,-1,10942.2,gcp_kvm_cxl_bpftime_node1,measured
1965,19200,10688.2,-1,11119.9,gcp_kvm_cxl_bpftime_node1,measured
1966,19200,11216.3,-1,11679.3,gcp_kvm_cxl_bpftime_node1,measured
1967,19200,11067.6,-1,11618.0,gcp_kvm_cxl_bpftime_node1,measured
1968,19200,11132.5,-1,11556.6,gcp_kvm_cxl_bpftime_node1,measured
1969,19200,11190.2,-1,11639.4,gcp_kvm_cxl_bpftime_node1,measured
1970,19200,11336.4,-1,11707.9,gcp_kvm_cxl_bpftime_node1,measured
1971,19200,11176.6,-1,11439.4,gcp_kvm_cxl_bpftime_node1,measured
1972,19200,11258.6,-1,11815.7,gcp_kvm_cxl_bpftime_node1,measured
1973,19200,10891.8,-1,11277.2,gcp_kvm_cxl_bpftime_node1,measured
1974,19200,11111.1,-1,11585.1,gcp_kvm_cxl_bpftime_node1,measured
1975,19200,10890.8,-1,11174.2,gcp_kvm_cxl_bpftime_node1,measured
1976,19200,11248.5,-1,11594.3,gcp_kvm_cxl_bpftime_node1,measured
1977,19200,11143.9,-1,11528.4,gcp_kvm_cxl_bpftime_node1,measured
1978,19200,10655.9,-1,11103.4,gcp_kvm_cxl_bpftime_node1,measured
1979,19200,11107.4,-1,11526.3,gcp_kvm_cxl_bpftime_node1,measured
1980,19200,11019.9,-1,11357.9,gcp_kvm_cxl_bpftime_node1,measured
1981,19200,10873.1,-1,11301.7,gcp_kvm_cxl_bpftime_node1,measured
1982,19200,11077.3,-1,11343.9,gcp_kvm_cxl_bpftime_node1,measured
1983,19200,10570.2,-1,10965.2,gcp_kvm_cxl_bpftime_node1,measured
1984,19200,10883.1,-1,11255.5,gcp_kvm_cxl_bpftime_node1,measured
1985,19200,10684.6,-1,11182.9,gcp_kvm_cxl_bpftime_node1,measured
1986,19200,11166.1,-1,11694.6,gcp_kvm_cxl_bpftime_node1,measured
1987,19200,11199.4,-1,11466.4,gcp_kvm_cxl_bpftime_node1,measured
1988,19200,11138.7,-1,11407.8,gcp_kvm_cxl_bpftime_node1,measured
1989,19200,11291.1,-1,11641.6,gcp_kvm_cxl_bpftime_node1,measured
1990,19200,10536.5,-1,10875.8,gcp_kvm_cxl_bpftime_node1,measured
1991,19200,10925.2,-1,11261.5,gcp_kvm_cxl_bpftime_node1,measured
1992,19200,10797.8,-1,11166.3,gcp_kvm_cxl_bpftime_node1,measured
1993,19200,11110.9,-1,11399.3,gcp_kvm_cxl_bpftime_node1,measured
1994,19200,11349.5,-1,11718.8,gcp_kvm_cxl_bpftime_node1,measured
1995,19200,10824.7,-1,11247.9,gcp_kvm_cxl_bpftime_node1,measured
1996,19200,11105.1,-1,11543.9,gcp_kvm_cxl_bpftime_node1,measured
1997,19200,11307.8,-1,11755.7,gcp_kvm_cxl_bpftime_node1,measured
1998,19200,11215.3,-1,11630.1,gcp_kvm_cxl_bpftime_node1,measured
1999,19200,11149.8,-1,11664.2,gcp_kvm_cxl_bpftime_node1,measured
2000,19200,11032.8,-1,11124.6,gcp_kvm_cxl_bpftime_node1,measured
2001,19200,10826.0,-1,11106.5,gcp_kvm_cxl_bpftime_node1,measured
2002,19200,11090.8,-1,11530.5,gcp_kvm_cxl_bpftime_node1,measured
2003,19200,11180.9,-1,11585.4,gcp_kvm_cxl_bpftime_node1,measured
2004,19200,11162.3,-1,11578.0,gcp_kvm_cxl_bpftime_node1,measured
2005,19200,11082.0,-1,11621.7,gcp_kvm_cxl_bpftime_node1,measured
2006,19200,10960.7,-1,11397.6,gcp_kvm_cxl_bpftime_node1,measured
2007,19200,10658.7,-1,10944.6,gcp_kvm_cxl_bpftime_node1,measured
2008,19200,11186.7,-1,11728.0,gcp_kvm_cxl_bpftime_node1,measured
2009,19200,11376.4,-1,11813.4,gcp_kvm_cxl_bpftime_node1,measured
2010,19200,11139.1,-1,11521.4,gcp_kvm_cxl_bpftime_node1,measured
2011,19200,10843.6,-1,11299.6,gcp_kvm_cxl_bpftime_node1,measured
2012,19200,11243.8,-1,11564.8,gcp_kvm_cxl_bpftime_node1,measured
2013,19200,11303.7,-1,11581.0,gcp_kvm_cxl_bpftime_node1,measured
2014,19200,11248.2,-1,11682.8,gcp_kvm_cxl_bpftime_node1,measured
2015,19200,11237.4,-1,11713.0,gcp_kvm_cxl_bpftime_node1,measured
2016,19200,11024.9,-1,11516.6,gcp_kvm_cxl_bpftime_node1,measured
2017,19200,11013.7,-1,11295.3,gcp_kvm_cxl_bpftime_node1,measured
2018,19200,10952.6,-1,11311.5,gcp_kvm_cxl_bpftime_node1,measured
2019,19200,11152.0,-1,11595.7,gcp_kvm_cxl_bpftime_node1,measured
2020,19200,10860.5,-1,11219.4,gcp_kvm_cxl_bpftime_node1,measured
2021,19200,11356.1,-1,11633.6,gcp_kvm_cxl_bpftime_node1,measured
2022,19200,11144.5,-1,11580.0,gcp_kvm_cxl_bpftime_node1,measured
2023,19200,11211.2,-1,11577.2,gcp_kvm_cxl_bpftime_node1,measured
2024,19200,11351.6,-1,11728.0,gcp_kvm_cxl_bpftime_node1,measured
2025,19200,11068.2,-1,11497.1,gcp_kvm_cxl_bpftime_node1,measured
2026,19200,10694.8,-1,11135.8,gcp_kvm_cxl_bpftime_node1,measured
2027,19200,11004.1,-1,11375.7,gcp_kvm_cxl_bpftime_node1,measured
2028,19200,10587.2,-1,10939.9,gcp_kvm_cxl_bpftime_node1,measured
2029,19200,11144.1,-1,11416.1,gcp_kvm_cxl_bpftime_node1,measured
2030,19200,11236.5,-1,11511.3,gcp_kvm_cxl_bpftime_node1,measured
2031,19200,11167.8,-1,11452.2,gcp_kvm_cxl_bpftime_node1,measured
2032,19200,10965.7,-1,11471.0,gcp_kvm_cxl_bpftime_node1,measured
2033,19200,10912.7,-1,11342.5,gcp_kvm_cxl_bpftime_node1,measured
2034,19200,10572.6,-1,10934.9,gcp_kvm_cxl_bpftime_node1,measured
2035,19200,10793.7,-1,11151.0,gcp_kvm_cxl_bpftime_node1,measured
2036,19200,11252.2,-1,11526.7,gcp_kvm_cxl_bpftime_node1,measured
2037,19200,11372.1,-1,11723.4,gcp_kvm_cxl_bpftime_node1,measured
2038,19200,11257.8,-1,11713.2,gcp_kvm_cxl_bpftime_node1,measured
2039,19200,10855.5,-1,11307.0,gcp_kvm_cxl_bpftime_node1,measured
2040,19200,11242.8,-1,11725.1,gcp_kvm_cxl_bpftime_node1,measured
2041,19200,10702.1,-1,11102.7,gcp_kvm_cxl_bpftime_node1,measured
2042,19200,11059.8,-1,11534.6,gcp_kvm_cxl_bpftime_node1,measured
2043,19200,11209.3,-1,11507.3,gcp_kvm_cxl_bpftime_node1,measured
2044,19200,11099.5,-1,11511.4,gcp_kvm_cxl_bpftime_node1,measured
2045,19200,10590.8,-1,10984.4,gcp_kvm_cxl_bpftime_node1,measured
2046,19200,10716.8,-1,11067.5,gcp_kvm_cxl_bpftime_node1,measured
2047,19200,10698.6,-1,11000.9,gcp_kvm_cxl_bpftime_node1,measured
2048,19200,10780.7,-1,11093.8,gcp_kvm_cxl_bpftime_node1,measured
2049,19200,10809.3,-1,11289.1,gcp_kvm_cxl_bpftime_node1,measured
2050,19200,11283.3,-1,11723.9,gcp_kvm_cxl_bpftime_node1,measured
2051,19200,11238.8,-1,11522.3,gcp_kvm_cxl_bpftime_node1,measured
2052,19200,11458.1,-1,11885.0,gcp_kvm_cxl_bpftime_node1,measured
2053,19200,11136.8,-1,11526.9,gcp_kvm_cxl_bpftime_node1,measured
2054,19200,11563.9,-1,12093.5,gcp_kvm_cxl_bpftime_node1,measured
2055,19200,10886.9,-1,11335.4,gcp_kvm_cxl_bpftime_node1,measured
2056,19200,11180.7,-1,11519.4,gcp_kvm_cxl_bpftime_node1,measured
2057,19200,11150.5,-1,11659.4,gcp_kvm_cxl_bpftime_node1,measured
2058,19200,10806.9,-1,11013.5,gcp_kvm_cxl_bpftime_node1,measured
2059,19200,10501.0,-1,10863.5,gcp_kvm_cxl_bpftime_node1,measured
2060,19200,10552.8,-1,10898.3,gcp_kvm_cxl_bpftime_node1,measured
2061,19200,11104.9,-1,11444.1,gcp_kvm_cxl_bpftime_node1,measured
2062,19200,11168.0,-1,11623.4,gcp_kvm_cxl_bpftime_node1,measured
2063,19200,11126.3,-1,11558.3,gcp_kvm_cxl_bpftime_node1,measured
2064,19200,10830.8,-1,11304.4,gcp_kvm_cxl_bpftime_node1,measured
2065,19200,11202.0,-1,11557.9,gcp_kvm_cxl_bpftime_node1,measured
2066,19200,11236.0,-1,11514.9,gcp_kvm_cxl_bpftime_node1,measured
2067,19200,11343.6,-1,11799.4,gcp_kvm_cxl_bpftime_node1,measured
2068,19200,11032.8,-1,11420.6,gcp_kvm_cxl_bpftime_node1,measured
2069,19200,11180.7,-1,11620.3,gcp_kvm_cxl_bpftime_node1,measured
2070,19200,11058.4,-1,11334.2,gcp_kvm_cxl_bpftime_node1,measured
2071,19200,11391.3,-1,11829.3,gcp_kvm_cxl_bpftime_node1,measured
2072,19200,10982.5,-1,11442.3,gcp_kvm_cxl_bpftime_node1,measured
2073,19200,10596.6,-1,11078.6,gcp_kvm_cxl_bpftime_node1,measured
2074,19200,10507.4,-1,10974.6,gcp_kvm_cxl_bpftime_node1,measured
2075,19200,11241.7,-1,11629.4,gcp_kvm_cxl_bpftime_node1,measured
2076,19200,11240.6,-1,11656.6,gcp_kvm_cxl_bpftime_node1,measured
2077,19200,11161.8,-1,11611.1,gcp_kvm_cxl_bpftime_node1,measured
2078,19200,11016.0,-1,11303.3,gcp_kvm_cxl_bpftime_node1,measured
2079,19200,11171.1,-1,11515.1,gcp_kvm_cxl_bpftime_node1,measured
2080,19200,10984.8,-1,11418.8,gcp_kvm_cxl_bpftime_node1,measured
2081,19200,11201.0,-1,11397.7,gcp_kvm_cxl_bpftime_node1,measured
2082,19200,11057.9,-1,11435.5,gcp_kvm_cxl_bpftime_node1,measured
2083,19200,11303.5,-1,11760.6,gcp_kvm_cxl_bpftime_node1,measured
2084,19200,10636.8,-1,11079.4,gcp_kvm_cxl_bpftime_node1,measured
2085,19200,11047.8,-1,11431.2,gcp_kvm_cxl_bpftime_node1,measured
2086,19200,10841.4,-1,11034.8,gcp_kvm_cxl_bpftime_node1,measured
2087,19200,10819.3,-1,11189.9,gcp_kvm_cxl_bpftime_node1,measured
2088,19200,11314.5,-1,11757.7,gcp_kvm_cxl_bpftime_node1,measured
2089,19200,11262.8,-1,11677.4,gcp_kvm_cxl_bpftime_node1,measured
2090,19200,11240.3,-1,11764.6,gcp_kvm_cxl_bpftime_node1,measured
2091,19200,10481.7,-1,10876.2,gcp_kvm_cxl_bpftime_node1,measured
2092,19200,11235.6,-1,11575.0,gcp_kvm_cxl_bpftime_node1,measured
2093,19200,11164.6,-1,11618.9,gcp_kvm_cxl_bpftime_node1,measured
2094,19200,11045.4,-1,11272.9,gcp_kvm_cxl_bpftime_node1,measured
2095,19200,11215.6,-1,11600.9,gcp_kvm_cxl_bpftime_node1,measured
2096,19200,10820.2,-1,11093.0,gcp_kvm_cxl_bpftime_node1,measured
2097,19200,10838.9,-1,11364.2,gcp_kvm_cxl_bpftime_node1,measured
2098,19200,10928.1,-1,11387.9,gcp_kvm_cxl_bpftime_node1,measured
2099,19200,11072.5,-1,11618.8,gcp_kvm_cxl_bpftime_node1,measured
2100,19200,10860.6,-1,11184.9,gcp_kvm_cxl_bpftime_node1,measured
2101,19200,10906.2,-1,11449.5,gcp_kvm_cxl_bpftime_node1,measured
2102,19200,11209.0,-1,11604.6,gcp_kvm_cxl_bpftime_node1,measured
2103,19200,11063.6,-1,11505.5,gcp_kvm_cxl_bpftime_node1,measured
2104,19200,10868.8,-1,11290.9,gcp_kvm_cxl_bpftime_node1,measured
2105,19200,11297.9,-1,11748.8,gcp_kvm_cxl_bpftime_node1,measured
2106,19200,11228.5,-1,11643.1,gcp_kvm_cxl_bpftime_node1,measured
2107,19200,10791.8,-1,11257.3,gcp_kvm_cxl_bpftime_node1,measured
2108,19200,11186.9,-1,11527.6,gcp_kvm_cxl_bpftime_node1,measured
2109,19200,10591.2,-1,11057.5,gcp_kvm_cxl_bpftime_node1,measured
2110,19200,10564.5,-1,11019.1,gcp_kvm_cxl_bpftime_node1,measured
2111,19200,10516.0,-1,10971.8,gcp_kvm_cxl_bpftime_node1,measured
2112,19200,10505.0,-1,10954.0,gcp_kvm_cxl_bpftime_node1,measured
2113,19200,10552.8,-1,11004.6,gcp_kvm_cxl_bpftime_node1,measured
2114,19200,10957.2,-1,11228.8,gcp_kvm_cxl_bpftime_node1,measured
2115,19200,11007.7,-1,11416.6,gcp_kvm_cxl_bpftime_node1,measured
2116,19200,10818.0,-1,11180.8,gcp_kvm_cxl_bpftime_node1,measured
2117,19200,11224.2,-1,11603.0,gcp_kvm_cxl_bpftime_node1,measured
2118,19200,11015.3,-1,11292.9,gcp_kvm_cxl_bpftime_node1,measured
2119,19200,10972.8,-1,11445.3,gcp_kvm_cxl_bpftime_node1,measured
2120,19200,10652.8,-1,11060.1,gcp_kvm_cxl_bpftime_node1,measured
2121,19200,10931.9,-1,11209.6,gcp_kvm_cxl_bpftime_node1,measured
2122,19200,10999.9,-1,11457.5,gcp_kvm_cxl_bpftime_node1,measured
2123,19200,10758.3,-1,11225.7,gcp_kvm_cxl_bpftime_node1,measured
2124,19200,11044.7,-1,11448.8,gcp_kvm_cxl_bpftime_node1,measured
2125,19200,11289.3,-1,11676.1,gcp_kvm_cxl_bpftime_node1,measured
2126,19200,10943.4,-1,11387.1,gcp_kvm_cxl_bpftime_node1,measured
2127,19200,10795.2,-1,11345.3,gcp_kvm_cxl_bpftime_node1,measured
2128,19200,11228.7,-1,11750.4,gcp_kvm_cxl_bpftime_node1,measured
2129,19200,10975.1,-1,11320.1,gcp_kvm_cxl_bpftime_node1,measured
2130,19200,10814.3,-1,11241.1,gcp_kvm_cxl_bpftime_node1,measured
2131,19200,10997.8,-1,11299.2,gcp_kvm_cxl_bpftime_node1,measured
2132,19200,10827.3,-1,11259.4,gcp_kvm_cxl_bpftime_node1,measured
2133,19200,10976.4,-1,11512.0,gcp_kvm_cxl_bpftime_node1,measured
2134,19200,11170.4,-1,11621.2,gcp_kvm_cxl_bpftime_node1,measured
2135,19200,10907.0,-1,11249.9,gcp_kvm_cxl_bpftime_node1,measured
2136,19200,10677.9,-1,11099.5,gcp_kvm_cxl_bpftime_node1,measured
2137,19200,10920.5,-1,11139.9,gcp_kvm_cxl_bpftime_node1,measured
2138,19200,10681.8,-1,11162.5,gcp_kvm_cxl_bpftime_node1,measured
2139,19200,11167.8,-1,11421.5,gcp_kvm_cxl_bpftime_node1,measured
2140,19200,10860.5,-1,11293.9,gcp_kvm_cxl_bpftime_node1,measured
2141,19200,11178.9,-1,11555.7,gcp_kvm_cxl_bpftime_node1,measured
2142,19200,10812.5,-1,11171.8,gcp_kvm_cxl_bpftime_node1,measured
2143,19200,10997.5,-1,11277.6,gcp_kvm_cxl_bpftime_node1,measured
2144,19200,10777.6,-1,11345.4,gcp_kvm_cxl_bpftime_node1,measured
2145,19200,11247.8,-1,11692.1,gcp_kvm_cxl_bpftime_node1,measured
2146,19200,11155.8,-1,11611.5,gcp_kvm_cxl_bpftime_node1,measured
2147,19200,10834.4,-1,11270.3,gcp_kvm_cxl_bpftime_node1,measured
2148,19200,11258.4,-1,11618.4,gcp_kvm_cxl_bpftime_node1,measured
2149,19200,11191.6,-1,11592.1,gcp_kvm_cxl_bpftime_node1,measured
2150,19200,11223.9,-1,11663.2,gcp_kvm_cxl_bpftime_node1,measured
2151,19200,10862.8,-1,11313.8,gcp_kvm_cxl_bpftime_node1,measured
2152,19200,10594.5,-1,10992.4,gcp_kvm_cxl_bpftime_node1,measured
2153,19200,10530.3,-1,10920.2,gcp_kvm_cxl_bpftime_node1,measured
2154,19200,10867.1,-1,11337.9,gcp_kvm_cxl_bpftime_node1,measured
2155,19200,11142.4,-1,11558.8,gcp_kvm_cxl_bpftime_node1,measured
2156,19200,10465.7,-1,10851.5,gcp_kvm_cxl_bpftime_node1,measured
2157,19200,10651.7,-1,10955.9,gcp_kvm_cxl_bpftime_node1,measured
2158,19200,11153.5,-1,11456.8,gcp_kvm_cxl_bpftime_node1,measured
2159,19200,11132.1,-1,11478.1,gcp_kvm_cxl_bpftime_node1,measured
2160,19200,10926.3,-1,11482.8,gcp_kvm_cxl_bpftime_node1,measured
2161,19200,10836.7,-1,11212.3,gcp_kvm_cxl_bpftime_node1,measured
2162,19200,10855.9,-1,11274.3,gcp_kvm_cxl_bpftime_node1,measured
2163,19200,11055.4,-1,11602.3,gcp_kvm_cxl_bpftime_node1,measured
2164,19200,10788.8,-1,11226.4,gcp_kvm_cxl_bpftime_node1,measured
2165,19200,11232.6,-1,11604.5,gcp_kvm_cxl_bpftime_node1,measured
2166,19200,10785.4,-1,11200.9,gcp_kvm_cxl_bpftime_node1,measured
2167,19200,11107.5,-1,11468.3,gcp_kvm_cxl_bpftime_node1,measured
2168,19200,10752.7,-1,11029.7,gcp_kvm_cxl_bpftime_node1,measured
2169,19200,11082.1,-1,11458.2,gcp_kvm_cxl_bpftime_node1,measured
2170,19200,10526.6,-1,10900.0,gcp_kvm_cxl_bpftime_node1,measured
2171,19200,10883.6,-1,11258.2,gcp_kvm_cxl_bpftime_node1,measured
2172,19200,10619.7,-1,10992.2,gcp_kvm_cxl_bpftime_node1,measured
2173,19200,10604.0,-1,10975.2,gcp_kvm_cxl_bpftime_node1,measured
2174,19200,11144.4,-1,11575.4,gcp_kvm_cxl_bpftime_node1,measured
2175,19200,11321.8,-1,11720.1,gcp_kvm_cxl_bpftime_node1,measured
2176,19200,10480.8,-1,10941.2,gcp_kvm_cxl_bpftime_node1,measured
2177,19200,10978.7,-1,11399.8,gcp_kvm_cxl_bpftime_node1,measured
2178,19200,10867.0,-1,11152.9,gcp_kvm_cxl_bpftime_node1,measured
2179,19200,11168.5,-1,11563.0,gcp_kvm_cxl_bpftime_node1,measured
2180,19200,11078.1,-1,11486.2,gcp_kvm_cxl_bpftime_node1,measured
2181,19200,10514.4,-1,10829.5,gcp_kvm_cxl_bpftime_node1,measured
2182,19200,11137.5,-1,11593.8,gcp_kvm_cxl_bpftime_node1,measured
2183,19200,10556.3,-1,10940.5,gcp_kvm_cxl_bpftime_node1,measured
2184,19200,10688.2,-1,11131.5,gcp_kvm_cxl_bpftime_node1,measured
2185,19200,11253.5,-1,11760.2,gcp_kvm_cxl_bpftime_node1,measured
2186,19200,10600.8,-1,11074.7,gcp_kvm_cxl_bpftime_node1,measured
2187,19200,10542.3,-1,10998.6,gcp_kvm_cxl_bpftime_node1,measured
2188,19200,10587.9,-1,11042.0,gcp_kvm_cxl_bpftime_node1,measured
2189,19200,11088.4,-1,11467.5,gcp_kvm_cxl_bpftime_node1,measured
2190,19200,10560.7,-1,10911.6,gcp_kvm_cxl_bpftime_node1,measured
2191,19200,10579.7,-1,10922.2,gcp_kvm_cxl_bpftime_node1,measured
2192,19200,11094.6,-1,11367.7,gcp_kvm_cxl_bpftime_node1,measured
2193,19200,11020.4,-1,11573.3,gcp_kvm_cxl_bpftime_node1,measured
2194,19200,11024.7,-1,11443.6,gcp_kvm_cxl_bpftime_node1,measured
2195,19200,11024.6,-1,11448.3,gcp_kvm_cxl_bpftime_node1,measured
2196,19200,10854.5,-1,11215.8,gcp_kvm_cxl_bpftime_node1,measured
2197,19200,10575.6,-1,10923.0,gcp_kvm_cxl_bpftime_node1,measured
2198,19200,11075.1,-1,11381.1,gcp_kvm_cxl_bpftime_node1,measured
2199,19200,11048.4,-1,11526.1,gcp_kvm_cxl_bpftime_node1,measured
2200,19200,11035.1,-1,11115.3,gcp_kvm_cxl_bpftime_node1,measured
2201,19200,10848.2,-1,11138.2,gcp_kvm_cxl_bpftime_node1,measured
2202,19200,11226.3,-1,11521.3,gcp_kvm_cxl_bpftime_node1,measured
2203,19200,10741.3,-1,11154.5,gcp_kvm_cxl_bpftime_node1,measured
2204,19200,11274.1,-1,11647.5,gcp_kvm_cxl_bpftime_node1,measured
2205,19200,10583.3,-1,11004.6,gcp_kvm_cxl_bpftime_node1,measured
2206,19200,11126.5,-1,11552.9,gcp_kvm_cxl_bpftime_node1,measured
2207,19200,10491.3,-1,10866.2,gcp_kvm_cxl_bpftime_node1,measured
2208,19200,11113.2,-1,11469.1,gcp_kvm_cxl_bpftime_node1,measured
2209,19200,10712.9,-1,10925.4,gcp_kvm_cxl_bpftime_node1,measured
2210,19200,10691.9,-1,11130.5,gcp_kvm_cxl_bpftime_node1,measured
2211,19200,11195.2,-1,11703.6,gcp_kvm_cxl_bpftime_node1,measured
2212,19200,10738.3,-1,11023.2,gcp_kvm_cxl_bpftime_node1,measured
2213,19200,11272.9,-1,11543.7,gcp_kvm_cxl_bpftime_node1,measured
2214,19200,10935.2,-1,11363.2,gcp_kvm_cxl_bpftime_node1,measured
2215,19200,11046.3,-1,11394.9,gcp_kvm_cxl_bpftime_node1,measured
2216,19200,11231.8,-1,11648.8,gcp_kvm_cxl_bpftime_node1,measured
2217,19200,11375.5,-1,11651.9,gcp_kvm_cxl_bpftime_node1,measured
2218,19200,10779.1,-1,11153.1,gcp_kvm_cxl_bpftime_node1,measured
2219,19200,11195.0,-1,11753.8,gcp_kvm_cxl_bpftime_node1,measured
2220,19200,10834.6,-1,11289.9,gcp_kvm_cxl_bpftime_node1,measured
2221,19200,11028.9,-1,11513.2,gcp_kvm_cxl_bpftime_node1,measured
2222,19200,11053.5,-1,11482.7,gcp_kvm_cxl_bpftime_node1,measured
2223,19200,11215.8,-1,11774.7,gcp_kvm_cxl_bpftime_node1,measured
2224,19200,10664.9,-1,10972.1,gcp_kvm_cxl_bpftime_node1,measured
2225,19200,10562.7,-1,10863.4,gcp_kvm_cxl_bpftime_node1,measured
2226,19200,10978.8,-1,11340.9,gcp_kvm_cxl_bpftime_node1,measured
2227,19200,11168.3,-1,11560.3,gcp_kvm_cxl_bpftime_node1,measured
2228,19200,11344.5,-1,11764.5,gcp_kvm_cxl_bpftime_node1,measured
2229,19200,11076.0,-1,11486.3,gcp_kvm_cxl_bpftime_node1,measured
2230,19200,11248.3,-1,11561.6,gcp_kvm_cxl_bpftime_node1,measured
2231,19200,11234.3,-1,11638.7,gcp_kvm_cxl_bpftime_node1,measured
2232,19200,10701.7,-1,11158.2,gcp_kvm_cxl_bpftime_node1,measured
2233,19200,11323.1,-1,11766.5,gcp_kvm_cxl_bpftime_node1,measured
2234,19200,10520.9,-1,10986.3,gcp_kvm_cxl_bpftime_node1,measured
2235,19200,11127.5,-1,11488.3,gcp_kvm_cxl_bpftime_node1,measured
2236,19200,11173.4,-1,11630.1,gcp_kvm_cxl_bpftime_node1,measured
2237,19200,11347.5,-1,11895.6,gcp_kvm_cxl_bpftime_node1,measured
2238,19200,10790.5,-1,11251.3,gcp_kvm_cxl_bpftime_node1,measured
2239,19200,11300.4,-1,11718.8,gcp_kvm_cxl_bpftime_node1,measured
2240,19200,11037.5,-1,11427.4,gcp_kvm_cxl_bpftime_node1,measured
2241,19200,11316.0,-1,11739.0,gcp_kvm_cxl_bpftime_node1,measured
2242,19200,11132.1,-1,11649.8,gcp_kvm_cxl_bpftime_node1,measured
2243,19200,11238.7,-1,11657.4,gcp_kvm_cxl_bpftime_node1,measured
2244,19200,11064.0,-1,11499.5,gcp_kvm_cxl_bpftime_node1,measured
2245,19200,10875.8,-1,11306.6,gcp_kvm_cxl_bpftime_node1,measured
2246,19200,11072.4,-1,11353.3,gcp_kvm_cxl_bpftime_node1,measured
2247,19200,10732.1,-1,11094.1,gcp_kvm_cxl_bpftime_node1,measured
2248,19200,11118.5,-1,11752.0,gcp_kvm_cxl_bpftime_node1,measured
2249,19200,11020.8,-1,11465.0,gcp_kvm_cxl_bpftime_node1,measured
2250,19200,10541.7,-1,10928.9,gcp_kvm_cxl_bpftime_node1,measured
2251,19200,10786.0,-1,11067.1,gcp_kvm_cxl_bpftime_node1,measured
2252,19200,10505.5,-1,10978.5,gcp_kvm_cxl_bpftime_node1,measured
2253,19200,10512.1,-1,10934.4,gcp_kvm_cxl_bpftime_node1,measured
2254,19200,10478.6,-1,10956.5,gcp_kvm_cxl_bpftime_node1,measured
2255,19200,10743.7,-1,11028.4,gcp_kvm_cxl_bpftime_node1,measured
2256,19200,11177.2,-1,11658.9,gcp_kvm_cxl_bpftime_node1,measured
2257,19200,11334.7,-1,11698.5,gcp_kvm_cxl_bpftime_node1,measured
2258,19200,11198.7,-1,11548.8,gcp_kvm_cxl_bpftime_node1,measured
2259,19200,10649.1,-1,11127.6,gcp_kvm_cxl_bpftime_node1,measured
2260,19200,10541.3,-1,10938.0,gcp_kvm_cxl_bpftime_node1,measured
2261,19200,11242.7,-1,11454.4,gcp_kvm_cxl_bpftime_node1,measured
2262,19200,11114.8,-1,11550.7,gcp_kvm_cxl_bpftime_node1,measured
2263,19200,11066.6,-1,11440.5,gcp_kvm_cxl_bpftime_node1,measured
2264,19200,11166.3,-1,11593.2,gcp_kvm_cxl_bpftime_node1,measured
2265,19200,10940.0,-1,11346.9,gcp_kvm_cxl_bpftime_node1,measured
2266,19200,10856.4,-1,11300.8,gcp_kvm_cxl_bpftime_node1,measured
2267,19200,10995.3,-1,11398.0,gcp_kvm_cxl_bpftime_node1,measured
2268,19200,11193.2,-1,11391.1,gcp_kvm_cxl_bpftime_node1,measured
2269,19200,10729.8,-1,11039.7,gcp_kvm_cxl_bpftime_node1,measured
2270,19200,11250.5,-1,11674.7,gcp_kvm_cxl_bpftime_node1,measured
2271,19200,11227.4,-1,11611.1,gcp_kvm_cxl_bpftime_node1,measured
2272,19200,10478.3,-1,10862.7,gcp_kvm_cxl_bpftime_node1,measured
2273,19200,10817.7,-1,11284.0,gcp_kvm_cxl_bpftime_node1,measured
2274,19200,11135.4,-1,11537.7,gcp_kvm_cxl_bpftime_node1,measured
2275,19200,11058.9,-1,11328.4,gcp_kvm_cxl_bpftime_node1,measured
2276,19200,11277.6,-1,11645.6,gcp_kvm_cxl_bpftime_node1,measured
2277,19200,10810.9,-1,11294.4,gcp_kvm_cxl_bpftime_node1,measured
2278,19200,10696.4,-1,11008.4,gcp_kvm_cxl_bpftime_node1,measured
2279,19200,11030.6,-1,11402.6,gcp_kvm_cxl_bpftime_node1,measured
2280,19200,10803.3,-1,11166.7,gcp_kvm_cxl_bpftime_node1,measured
2281,19200,11324.5,-1,11689.3,gcp_kvm_cxl_bpftime_node1,measured
2282,19200,10793.7,-1,11234.9,gcp_kvm_cxl_bpftime_node1,measured
2283,19200,10655.6,-1,10948.5,gcp_kvm_cxl_bpftime_node1,measured
2284,19200,10847.3,-1,11141.2,gcp_kvm_cxl_bpftime_node1,measured
2285,19200,11014.8,-1,11413.0,gcp_kvm_cxl_bpftime_node1,measured
2286,19200,11280.3,-1,11670.2,gcp_kvm_cxl_bpftime_node1,measured
2287,19200,11020.8,-1,11297.9,gcp_kvm_cxl_bpftime_node1,measured
2288,19200,11036.2,-1,11446.5,gcp_kvm_cxl_bpftime_node1,measured
2289,19200,11191.3,-1,11463.4,gcp_kvm_cxl_bpftime_node1,measured
2290,19200,11354.7,-1,11618.6,gcp_kvm_cxl_bpftime_node1,measured
2291,19200,11190.3,-1,11664.9,gcp_kvm_cxl_bpftime_node1,measured
2292,19200,10697.0,-1,11035.2,gcp_kvm_cxl_bpftime_node1,measured
2293,19200,11216.1,-1,11655.2,gcp_kvm_cxl_bpftime_node1,measured
2294,19200,10772.4,-1,11183.7,gcp_kvm_cxl_bpftime_node1,measured
2295,19200,10952.6,-1,11319.8,gcp_kvm_cxl_bpftime_node1,measured
2296,19200,11016.7,-1,11312.3,gcp_kvm_cxl_bpftime_node1,measured
2297,19200,10844.2,-1,11242.5,gcp_kvm_cxl_bpftime_node1,measured
2298,19200,11268.0,-1,11719.5,gcp_kvm_cxl_bpftime_node1,measured
2299,19200,11247.5,-1,11668.5,gcp_kvm_cxl_bpftime_node1,measured
2300,19200,11476.1,-1,11585.7,gcp_kvm_cxl_bpftime_node1,measured
2301,19200,11160.9,-1,11612.5,gcp_kvm_cxl_bpftime_node1,measured
2302,19200,11287.7,-1,11751.8,gcp_kvm_cxl_bpftime_node1,measured
2303,19200,11069.3,-1,11534.3,gcp_kvm_cxl_bpftime_node1,measured
2304,19200,10861.0,-1,11297.7,gcp_kvm_cxl_bpftime_node1,measured
2305,19200,11056.2,-1,11635.6,gcp_kvm_cxl_bpftime_node1,measured
2306,19200,11012.6,-1,11290.8,gcp_kvm_cxl_bpftime_node1,measured
2307,19200,11480.1,-1,11881.5,gcp_kvm_cxl_bpftime_node1,measured
2308,19200,11106.7,-1,11403.9,gcp_kvm_cxl_bpftime_node1,measured
2309,19200,11441.8,-1,11886.6,gcp_kvm_cxl_bpftime_node1,measured
2310,19200,10407.7,-1,10748.9,gcp_kvm_cxl_bpftime_node1,measured
2311,19200,10620.3,-1,10994.2,gcp_kvm_cxl_bpftime_node1,measured
2312,19200,10759.8,-1,11142.6,gcp_kvm_cxl_bpftime_node1,measured
2313,19200,11213.7,-1,11453.4,gcp_kvm_cxl_bpftime_node1,measured
2314,19200,10961.4,-1,11396.9,gcp_kvm_cxl_bpftime_node1,measured
2315,19200,10632.7,-1,11016.2,gcp_kvm_cxl_bpftime_node1,measured
2316,19200,11014.7,-1,11553.5,gcp_kvm_cxl_bpftime_node1,measured
2317,19200,10777.9,-1,11045.9,gcp_kvm_cxl_bpftime_node1,measured
2318,19200,11132.7,-1,11407.2,gcp_kvm_cxl_bpftime_node1,measured
2319,19200,11050.9,-1,11538.0,gcp_kvm_cxl_bpftime_node1,measured
2320,19200,11422.2,-1,11855.0,gcp_kvm_cxl_bpftime_node1,measured
2321,19200,11093.4,-1,11534.2,gcp_kvm_cxl_bpftime_node1,measured
2322,19200,10918.1,-1,11210.8,gcp_kvm_cxl_bpftime_node1,measured
2323,19200,11126.1,-1,11589.7,gcp_kvm_cxl_bpftime_node1,measured
2324,19200,10921.6,-1,11345.5,gcp_kvm_cxl_bpftime_node1,measured
2325,19200,11313.3,-1,11604.0,gcp_kvm_cxl_bpftime_node1,measured
2326,19200,11199.7,-1,11670.2,gcp_kvm_cxl_bpftime_node1,measured
2327,19200,11212.6,-1,11505.5,gcp_kvm_cxl_bpftime_node1,measured
2328,19200,11266.2,-1,11672.4,gcp_kvm_cxl_bpftime_node1,measured
2329,19200,11263.5,-1,11608.0,gcp_kvm_cxl_bpftime_node1,measured
2330,19200,11125.3,-1,11515.6,gcp_kvm_cxl_bpftime_node1,measured
2331,19200,11372.7,-1,11687.2,gcp_kvm_cxl_bpftime_node1,measured
2332,19200,11125.4,-1,11570.1,gcp_kvm_cxl_bpftime_node1,measured
2333,19200,10680.3,-1,11168.3,gcp_kvm_cxl_bpftime_node1,measured
2334,19200,11157.5,-1,11548.6,gcp_kvm_cxl_bpftime_node1,measured
2335,19200,11140.1,-1,11486.3,gcp_kvm_cxl_bpftime_node1,measured
2336,19200,11268.4,-1,11585.2,gcp_kvm_cxl_bpftime_node1,measured
2337,19200,11541.4,-1,11808.0,gcp_kvm_cxl_bpftime_node1,measured
2338,19200,10896.3,-1,11177.4,gcp_kvm_cxl_bpftime_node1,measured
2339,19200,11278.8,-1,11606.4,gcp_kvm_cxl_bpftime_node1,measured
2340,19200,11225.3,-1,11583.7,gcp_kvm_cxl_bpftime_node1,measured
2341,19200,11103.9,-1,11564.8,gcp_kvm_cxl_bpftime_node1,measured
2342,19200,11042.8,-1,11391.6,gcp_kvm_cxl_bpftime_node1,measured
2343,19200,10536.9,-1,10920.7,gcp_kvm_cxl_bpftime_node1,measured
2344,19200,10713.1,-1,10989.2,gcp_kvm_cxl_bpftime_node1,measured
2345,19200,10994.1,-1,11449.2,gcp_kvm_cxl_bpftime_node1,measured
2346,19200,11196.9,-1,11612.6,gcp_kvm_cxl_bpftime_node1,measured
2347,19200,10822.5,-1,11332.4,gcp_kvm_cxl_bpftime_node1,measured
2348,19200,11548.8,-1,11838.3,gcp_kvm_cxl_bpftime_node1,measured
2349,19200,11004.5,-1,11371.3,gcp_kvm_cxl_bpftime_node1,measured
2350,19200,10721.8,-1,11066.6,gcp_kvm_cxl_bpftime_node1,measured
2351,19200,10981.7,-1,11413.8,gcp_kvm_cxl_bpftime_node1,measured
2352,19200,10953.7,-1,11290.4,gcp_kvm_cxl_bpftime_node1,measured
2353,19200,11202.9,-1,11481.2,gcp_kvm_cxl_bpftime_node1,measured
2354,19200,10776.4,-1,11182.7,gcp_kvm_cxl_bpftime_node1,measured
2355,19200,11035.0,-1,11339.8,gcp_kvm_cxl_bpftime_node1,measured
2356,19200,11351.9,-1,11737.6,gcp_kvm_cxl_bpftime_node1,measured
2357,19200,11090.4,-1,11432.0,gcp_kvm_cxl_bpftime_node1,measured
2358,19200,11229.4,-1,11512.2,gcp_kvm_cxl_bpftime_node1,measured
2359,19200,11171.6,-1,11462.2,gcp_kvm_cxl_bpftime_node1,measured
2360,19200,11294.4,-1,11667.4,gcp_kvm_cxl_bpftime_node1,measured
2361,19200,10846.8,-1,11126.1,gcp_kvm_cxl_bpftime_node1,measured
2362,19200,11418.6,-1,11774.7,gcp_kvm_cxl_bpftime_node1,measured
2363,19200,11255.3,-1,11671.7,gcp_kvm_cxl_bpftime_node1,measured
2364,19200,11099.0,-1,11424.8,gcp_kvm_cxl_bpftime_node1,measured
2365,19200,10561.9,-1,10875.2,gcp_kvm_cxl_bpftime_node1,measured
2366,19200,10853.2,-1,11208.1,gcp_kvm_cxl_bpftime_node1,measured
2367,19200,11010.5,-1,11299.7,gcp_kvm_cxl_bpftime_node1,measured
2368,19200,11122.4,-1,11508.0,gcp_kvm_cxl_bpftime_node1,measured
2369,19200,10855.8,-1,11279.6,gcp_kvm_cxl_bpftime_node1,measured
2370,19200,11302.7,-1,11580.8,gcp_kvm_cxl_bpftime_node1,measured
2371,19200,10861.0,-1,11270.4,gcp_kvm_cxl_bpftime_node1,measured
2372,19200,10887.2,-1,11303.0,gcp_kvm_cxl_bpftime_node1,measured
2373,19200,11229.2,-1,11679.9,gcp_kvm_cxl_bpftime_node1,measured
2374,19200,10906.6,-1,11290.9,gcp_kvm_cxl_bpftime_node1,measured
2375,19200,11089.1,-1,11529.6,gcp_kvm_cxl_bpftime_node1,measured
2376,19200,10860.1,-1,11277.0,gcp_kvm_cxl_bpftime_node1,measured
2377,19200,11071.9,-1,11442.3,gcp_kvm_cxl_bpftime_node1,measured
2378,19200,11165.0,-1,11586.6,gcp_kvm_cxl_bpftime_node1,measured
2379,19200,10652.7,-1,10983.0,gcp_kvm_cxl_bpftime_node1,measured
2380,19200,11189.1,-1,11585.4,gcp_kvm_cxl_bpftime_node1,measured
2381,19200,11097.1,-1,11292.5,gcp_kvm_cxl_bpftime_node1,measured
2382,19200,10851.4,-1,11329.9,gcp_kvm_cxl_bpftime_node1,measured
2383,19200,10713.8,-1,11188.7,gcp_kvm_cxl_bpftime_node1,measured
2384,19200,10974.6,-1,11402.2,gcp_kvm_cxl_bpftime_node1,measured
2385,19200,11103.9,-1,11584.6,gcp_kvm_cxl_bpftime_node1,measured
2386,19200,10832.5,-1,11126.1,gcp_kvm_cxl_bpftime_node1,measured
2387,19200,11183.7,-1,11643.3,gcp_kvm_cxl_bpftime_node1,measured
2388,19200,11295.9,-1,11710.8,gcp_kvm_cxl_bpftime_node1,measured
2389,19200,10880.5,-1,11273.8,gcp_kvm_cxl_bpftime_node1,measured
2390,19200,11072.6,-1,11279.6,gcp_kvm_cxl_bpftime_node1,measured
2391,19200,11068.4,-1,11489.4,gcp_kvm_cxl_bpftime_node1,measured
2392,19200,11161.8,-1,11539.8,gcp_kvm_cxl_bpftime_node1,measured
2393,19200,10797.8,-1,11163.6,gcp_kvm_cxl_bpftime_node1,measured
2394,19200,10811.0,-1,11283.4,gcp_kvm_cxl_bpftime_node1,measured
2395,19200,11326.1,-1,11706.1,gcp_kvm_cxl_bpftime_node1,measured
2396,19200,10864.9,-1,11415.2,gcp_kvm_cxl_bpftime_node1,measured
2397,19200,11140.2,-1,11567.3,gcp_kvm_cxl_bpftime_node1,measured
2398,19200,11001.1,-1,11552.4,gcp_kvm_cxl_bpftime_node1,measured
2399,19200,10909.2,-1,11278.6,gcp_kvm_cxl_bpftime_node1,measured
2400,19200,11532.8,-1,11620.0,gcp_kvm_cxl_bpftime_node1,measured
2401,19200,10600.5,-1,10885.7,gcp_kvm_cxl_bpftime_node1,measured
2402,19200,10603.9,-1,10949.6,gcp_kvm_cxl_bpftime_node1,measured
2403,19200,11153.8,-1,11567.2,gcp_kvm_cxl_bpftime_node1,measured
2404,19200,11045.2,-1,11451.3,gcp_kvm_cxl_bpftime_node1,measured
2405,19200,10455.2,-1,10801.6,gcp_kvm_cxl_bpftime_node1,measured
2406,19200,10612.9,-1,11046.4,gcp_kvm_cxl_bpftime_node1,measured
2407,19200,11275.5,-1,11676.3,gcp_kvm_cxl_bpftime_node1,measured
2408,19200,10692.4,-1,11076.2,gcp_kvm_cxl_bpftime_node1,measured
2409,19200,11044.5,-1,11509.4,gcp_kvm_cxl_bpftime_node1,measured
2410,19200,10867.5,-1,11302.9,gcp_kvm_cxl_bpftime_node1,measured
2411,19200,11321.9,-1,11709.5,gcp_kvm_cxl_bpftime_node1,measured
2412,19200,10803.9,-1,11115.4,gcp_kvm_cxl_bpftime_node1,measured
2413,19200,11330.2,-1,11754.2,gcp_kvm_cxl_bpftime_node1,measured
2414,19200,10897.3,-1,11331.7,gcp_kvm_cxl_bpftime_node1,measured
2415,19200,10807.5,-1,11243.5,gcp_kvm_cxl_bpftime_node1,measured
2416,19200,10558.8,-1,10927.0,gcp_kvm_cxl_bpftime_node1,measured
2417,19200,10449.5,-1,10897.1,gcp_kvm_cxl_bpftime_node1,measured
2418,19200,10545.7,-1,10992.0,gcp_kvm_cxl_bpftime_node1,measured
2419,19200,11093.6,-1,11557.1,gcp_kvm_cxl_bpftime_node1,measured
2420,19200,10771.5,-1,11193.3,gcp_kvm_cxl_bpftime_node1,measured
2421,19200,10695.8,-1,10989.9,gcp_kvm_cxl_bpftime_node1,measured
2422,19200,10736.9,-1,11044.9,gcp_kvm_cxl_bpftime_node1,measured
2423,19200,11180.4,-1,11661.8,gcp_kvm_cxl_bpftime_node1,measured
2424,19200,10874.5,-1,11307.7,gcp_kvm_cxl_bpftime_node1,measured
2425,19200,10782.1,-1,11326.8,gcp_kvm_cxl_bpftime_node1,measured
2426,19200,11167.7,-1,11697.0,gcp_kvm_cxl_bpftime_node1,measured
2427,19200,11203.3,-1,11761.3,gcp_kvm_cxl_bpftime_node1,measured
2428,19200,11005.9,-1,11309.0,gcp_kvm_cxl_bpftime_node1,measured
2429,19200,10612.9,-1,11088.1,gcp_kvm_cxl_bpftime_node1,measured
2430,19200,11314.5,-1,11868.1,gcp_kvm_cxl_bpftime_node1,measured
2431,19200,10513.9,-1,10984.7,gcp_kvm_cxl_bpftime_node1,measured
2432,19200,10631.5,-1,11116.3,gcp_kvm_cxl_bpftime_node1,measured
2433,19200,11383.0,-1,11765.6,gcp_kvm_cxl_bpftime_node1,measured
2434,19200,11112.5,-1,11667.1,gcp_kvm_cxl_bpftime_node1,measured
2435,19200,10654.2,-1,11106.0,gcp_kvm_cxl_bpftime_node1,measured
2436,19200,11238.7,-1,11600.7,gcp_kvm_cxl_bpftime_node1,measured
2437,19200,10805.8,-1,11080.7,gcp_kvm_cxl_bpftime_node1,measured
2438,19200,11336.8,-1,11671.5,gcp_kvm_cxl_bpftime_node1,measured
2439,19200,11096.6,-1,11554.4,gcp_kvm_cxl_bpftime_node1,measured
2440,19200,11147.4,-1,11503.2,gcp_kvm_cxl_bpftime_node1,measured
2441,19200,11171.8,-1,11698.4,gcp_kvm_cxl_bpftime_node1,measured
2442,19200,10763.8,-1,11054.9,gcp_kvm_cxl_bpftime_node1,measured
2443,19200,10715.6,-1,11170.7,gcp_kvm_cxl_bpftime_node1,measured
2444,19200,10613.0,-1,11063.5,gcp_kvm_cxl_bpftime_node1,measured
2445,19200,10994.8,-1,11530.1,gcp_kvm_cxl_bpftime_node1,measured
2446,19200,11105.4,-1,11556.0,gcp_kvm_cxl_bpftime_node1,measured
2447,19200,11123.4,-1,11539.9,gcp_kvm_cxl_bpftime_node1,measured
2448,19200,11047.7,-1,11592.6,gcp_kvm_cxl_bpftime_node1,measured
2449,19200,10836.2,-1,11304.2,gcp_kvm_cxl_bpftime_node1,measured
2450,19200,11164.3,-1,11650.1,gcp_kvm_cxl_bpftime_node1,measured
2451,19200,11240.3,-1,11664.7,gcp_kvm_cxl_bpftime_node1,measured
2452,19200,10841.6,-1,11307.7,gcp_kvm_cxl_bpftime_node1,measured
2453,19200,10830.7,-1,11275.0,gcp_kvm_cxl_bpftime_node1,measured
2454,19200,11126.1,-1,11680.4,gcp_kvm_cxl_bpftime_node1,measured
2455,19200,11300.5,-1,11729.2,gcp_kvm_cxl_bpftime_node1,measured
2456,19200,11102.6,-1,11325.6,gcp_kvm_cxl_bpftime_node1,measured
2457,19200,11003.2,-1,11379.8,gcp_kvm_cxl_bpftime_node1,measured
2458,19200,11189.5,-1,11656.6,gcp_kvm_cxl_bpftime_node1,measured
2459,19200,11307.1,-1,11729.2,gcp_kvm_cxl_bpftime_node1,measured
2460,19200,11291.6,-1,11717.0,gcp_kvm_cxl_bpftime_node1,measured
2461,19200,11112.8,-1,11639.4,gcp_kvm_cxl_bpftime_node1,measured
2462,19200,10739.8,-1,11284.2,gcp_kvm_cxl_bpftime_node1,measured
2463,19200,11053.1,-1,11572.5,gcp_kvm_cxl_bpftime_node1,measured
2464,19200,10646.8,-1,11011.7,gcp_kvm_cxl_bpftime_node1,measured
2465,19200,11142.9,-1,11573.7,gcp_kvm_cxl_bpftime_node1,measured
2466,19200,11197.0,-1,11563.6,gcp_kvm_cxl_bpftime_node1,measured
2467,19200,11249.8,-1,11646.1,gcp_kvm_cxl_bpftime_node1,measured
2468,19200,10776.8,-1,11163.7,gcp_kvm_cxl_bpftime_node1,measured
2469,19200,11363.5,-1,11733.5,gcp_kvm_cxl_bpftime_node1,measured
2470,19200,10459.8,-1,10816.0,gcp_kvm_cxl_bpftime_node1,measured
2471,19200,11054.0,-1,11331.1,gcp_kvm_cxl_bpftime_node1,measured
2472,19200,11109.3,-1,11458.7,gcp_kvm_cxl_bpftime_node1,measured
2473,19200,11282.3,-1,11791.8,gcp_kvm_cxl_bpftime_node1,measured
2474,19200,10936.3,-1,11287.4,gcp_kvm_cxl_bpftime_node1,measured
2475,19200,10469.5,-1,10809.0,gcp_kvm_cxl_bpftime_node1,measured
2476,19200,10777.4,-1,11152.2,gcp_kvm_cxl_bpftime_node1,measured
2477,19200,11155.9,-1,11354.8,gcp_kvm_cxl_bpftime_node1,measured
2478,19200,11179.4,-1,11606.4,gcp_kvm_cxl_bpftime_node1,measured
2479,19200,11052.4,-1,11332.3,gcp_kvm_cxl_bpftime_node1,measured
2480,19200,11169.0,-1,11515.0,gcp_kvm_cxl_bpftime_node1,measured
2481,19200,11006.0,-1,11495.5,gcp_kvm_cxl_bpftime_node1,measured
2482,19200,11405.3,-1,11844.6,gcp_kvm_cxl_bpftime_node1,measured
2483,19200,11075.1,-1,11456.5,gcp_kvm_cxl_bpftime_node1,measured
2484,19200,10527.0,-1,10918.3,gcp_kvm_cxl_bpftime_node1,measured
2485,19200,11341.8,-1,11820.7,gcp_kvm_cxl_bpftime_node1,measured
2486,19200,10761.4,-1,11139.1,gcp_kvm_cxl_bpftime_node1,measured
2487,19200,10999.7,-1,11379.3,gcp_kvm_cxl_bpftime_node1,measured
2488,19200,11440.9,-1,11848.3,gcp_kvm_cxl_bpftime_node1,measured
2489,19200,10656.0,-1,11037.6,gcp_kvm_cxl_bpftime_node1,measured
2490,19200,11326.9,-1,11700.9,gcp_kvm_cxl_bpftime_node1,measured
2491,19200,10870.6,-1,11150.6,gcp_kvm_cxl_bpftime_node1,measured
2492,19200,10467.3,-1,10838.0,gcp_kvm_cxl_bpftime_node1,measured
2493,19200,10836.8,-1,11348.5,gcp_kvm_cxl_bpftime_node1,measured
2494,19200,11196.8,-1,11630.2,gcp_kvm_cxl_bpftime_node1,measured
2495,19200,10613.4,-1,11084.0,gcp_kvm_cxl_bpftime_node1,measured
2496,19200,10962.5,-1,11409.7,gcp_kvm_cxl_bpftime_node1,measured
2497,19200,11195.2,-1,11629.8,gcp_kvm_cxl_bpftime_node1,measured
2498,19200,10826.7,-1,11346.1,gcp_kvm_cxl_bpftime_node1,measured
2499,19200,11156.5,-1,11448.7,gcp_kvm_cxl_bpftime_node1,measured
2500,19200,11317.3,-1,11491.1,gcp_kvm_cxl_bpftime_node1,measured
2501,19200,11137.5,-1,11452.3,gcp_kvm_cxl_bpftime_node1,measured
2502,19200,10587.3,-1,11079.2,gcp_kvm_cxl_bpftime_node1,measured
2503,19200,11026.0,-1,11491.4,gcp_kvm_cxl_bpftime_node1,measured
2504,19200,11055.9,-1,11489.5,gcp_kvm_cxl_bpftime_node1,measured
2505,19200,11240.8,-1,11623.9,gcp_kvm_cxl_bpftime_node1,measured
2506,19200,10567.5,-1,10951.6,gcp_kvm_cxl_bpftime_node1,measured
2507,19200,10714.4,-1,11093.6,gcp_kvm_cxl_bpftime_node1,measured
2508,19200,11119.9,-1,11584.3,gcp_kvm_cxl_bpftime_node1,measured
2509,19200,10907.0,-1,11190.6,gcp_kvm_cxl_bpftime_node1,measured
2510,19200,11152.3,-1,11448.2,gcp_kvm_cxl_bpftime_node1,measured
2511,19200,10958.4,-1,11431.5,gcp_kvm_cxl_bpftime_node1,measured
2512,19200,10617.3,-1,11071.3,gcp_kvm_cxl_bpftime_node1,measured
2513,19200,10563.4,-1,10921.9,gcp_kvm_cxl_bpftime_node1,measured
2514,19200,10869.2,-1,11293.4,gcp_kvm_cxl_bpftime_node1,measured
2515,19200,10839.2,-1,11302.2,gcp_kvm_cxl_bpftime_node1,measured
2516,19200,10774.6,-1,11162.8,gcp_kvm_cxl_bpftime_node1,measured
2517,19200,10881.9,-1,11102.8,gcp_kvm_cxl_bpftime_node1,measured
2518,19200,11301.9,-1,11722.8,gcp_kvm_cxl_bpftime_node1,measured
2519,19200,10787.0,-1,11252.4,gcp_kvm_cxl_bpftime_node1,measured
2520,19200,10902.8,-1,11273.0,gcp_kvm_cxl_bpftime_node1,measured
2521,19200,11084.0,-1,11396.8,gcp_kvm_cxl_bpftime_node1,measured
2522,19200,11110.5,-1,11534.4,gcp_kvm_cxl_bpftime_node1,measured
2523,19200,11119.4,-1,11553.5,gcp_kvm_cxl_bpftime_node1,measured
2524,19200,10511.0,-1,10784.4,gcp_kvm_cxl_bpftime_node1,measured
2525,19200,10647.7,-1,11025.2,gcp_kvm_cxl_bpftime_node1,measured
2526,19200,10763.9,-1,11200.0,gcp_kvm_cxl_bpftime_node1,measured
2527,19200,10904.7,-1,11243.2,gcp_kvm_cxl_bpftime_node1,measured
2528,19200,10512.8,-1,10867.1,gcp_kvm_cxl_bpftime_node1,measured
2529,19200,11131.1,-1,11566.7,gcp_kvm_cxl_bpftime_node1,measured
2530,19200,11145.7,-1,11400.8,gcp_kvm_cxl_bpftime_node1,measured
2531,19200,10817.0,-1,11271.3,gcp_kvm_cxl_bpftime_node1,measured
2532,19200,10596.6,-1,10950.6,gcp_kvm_cxl_bpftime_node1,measured
2533,19200,11301.7,-1,11741.9,gcp_kvm_cxl_bpftime_node1,measured
2534,19200,11126.1,-1,11460.3,gcp_kvm_cxl_bpftime_node1,measured
2535,19200,10829.6,-1,11237.8,gcp_kvm_cxl_bpftime_node1,measured
2536,19200,10459.7,-1,10876.6,gcp_kvm_cxl_bpftime_node1,measured
2537,19200,11277.0,-1,11837.6,gcp_kvm_cxl_bpftime_node1,measured
2538,19200,10888.3,-1,11280.2,gcp_kvm_cxl_bpftime_node1,measured
2539,19200,11439.2,-1,11722.6,gcp_kvm_cxl_bpftime_node1,measured
2540,19200,11030.4,-1,11469.2,gcp_kvm_cxl_bpftime_node1,measured
2541,19200,10412.9,-1,10778.3,gcp_kvm_cxl_bpftime_node1,measured
2542,19200,11097.8,-1,11364.6,gcp_kvm_cxl_bpftime_node1,measured
2543,19200,11151.0,-1,11578.1,gcp_kvm_cxl_bpftime_node1,measured
2544,19200,11083.3,-1,11491.4,gcp_kvm_cxl_bpftime_node1,measured
2545,19200,11360.8,-1,11721.4,gcp_kvm_cxl_bpftime_node1,measured
2546,19200,11313.7,-1,11615.0,gcp_kvm_cxl_bpftime_node1,measured
2547,19200,11352.4,-1,11669.5,gcp_kvm_cxl_bpftime_node1,measured
2548,19200,10909.2,-1,11455.0,gcp_kvm_cxl_bpftime_node1,measured
2549,19200,11117.5,-1,11534.0,gcp_kvm_cxl_bpftime_node1,measured
2550,19200,11209.4,-1,11643.4,gcp_kvm_cxl_bpftime_node1,measured
2551,19200,10875.8,-1,11231.0,gcp_kvm_cxl_bpftime_node1,measured
2552,19200,11428.3,-1,11723.1,gcp_kvm_cxl_bpftime_node1,measured
2553,19200,11174.8,-1,11574.9,gcp_kvm_cxl_bpftime_node1,measured
2554,19200,10494.7,-1,10950.0,gcp_kvm_cxl_bpftime_node1,measured
2555,19200,10469.3,-1,10924.0,gcp_kvm_cxl_bpftime_node1,measured
2556,19200,10446.1,-1,10909.3,gcp_kvm_cxl_bpftime_node1,measured
2557,19200,10689.4,-1,11125.4,gcp_kvm_cxl_bpftime_node1,measured
2558,19200,10759.8,-1,11167.6,gcp_kvm_cxl_bpftime_node1,measured
2559,19200,11155.3,-1,11578.4,gcp_kvm_cxl_bpftime_node1,measured
2560,19200,10779.1,-1,11329.8,gcp_kvm_cxl_bpftime_node1,measured
2561,19200,11142.3,-1,11659.2,gcp_kvm_cxl_bpftime_node1,measured
2562,19200,10967.4,-1,11394.8,gcp_kvm_cxl_bpftime_node1,measured
2563,19200,10945.5,-1,11316.4,gcp_kvm_cxl_bpftime_node1,measured
2564,19200,10864.7,-1,11321.8,gcp_kvm_cxl_bpftime_node1,measured
2565,19200,10886.8,-1,11361.1,gcp_kvm_cxl_bpftime_node1,measured
2566,19200,11117.4,-1,11385.2,gcp_kvm_cxl_bpftime_node1,measured
2567,19200,11356.4,-1,11655.5,gcp_kvm_cxl_bpftime_node1,measured
2568,19200,11157.0,-1,11493.1,gcp_kvm_cxl_bpftime_node1,measured
2569,19200,11259.0,-1,11669.6,gcp_kvm_cxl_bpftime_node1,measured
2570,19200,11001.8,-1,11389.7,gcp_kvm_cxl_bpftime_node1,measured
2571,19200,10629.4,-1,11096.2,gcp_kvm_cxl_bpftime_node1,measured
2572,19200,11202.2,-1,11617.7,gcp_kvm_cxl_bpftime_node1,measured
2573,19200,10697.5,-1,11005.1,gcp_kvm_cxl_bpftime_node1,measured
2574,19200,10907.4,-1,11204.5,gcp_kvm_cxl_bpftime_node1,measured
2575,19200,11167.6,-1,11636.2,gcp_kvm_cxl_bpftime_node1,measured
2576,19200,11093.5,-1,11440.3,gcp_kvm_cxl_bpftime_node1,measured
2577,19200,10512.1,-1,10995.2,gcp_kvm_cxl_bpftime_node1,measured
2578,19200,11278.7,-1,11711.2,gcp_kvm_cxl_bpftime_node1,measured
2579,19200,11115.4,-1,11500.1,gcp_kvm_cxl_bpftime_node1,measured
2580,19200,11301.4,-1,11723.7,gcp_kvm_cxl_bpftime_node1,measured
2581,19200,11103.4,-1,11579.4,gcp_kvm_cxl_bpftime_node1,measured
2582,19200,11366.0,-1,11809.3,gcp_kvm_cxl_bpftime_node1,measured
2583,19200,11004.7,-1,11395.1,gcp_kvm_cxl_bpftime_node1,measured
2584,19200,11094.1,-1,11584.6,gcp_kvm_cxl_bpftime_node1,measured
2585,19200,11243.6,-1,11435.2,gcp_kvm_cxl_bpftime_node1,measured
2586,19200,10878.8,-1,11248.2,gcp_kvm_cxl_bpftime_node1,measured
2587,19200,11222.6,-1,11623.3,gcp_kvm_cxl_bpftime_node1,measured
2588,19200,11208.7,-1,11569.7,gcp_kvm_cxl_bpftime_node1,measured
2589,19200,11151.0,-1,11466.7,gcp_kvm_cxl_bpftime_node1,measured
2590,19200,11014.0,-1,11299.8,gcp_kvm_cxl_bpftime_node1,measured
2591,19200,10767.5,-1,11135.4,gcp_kvm_cxl_bpftime_node1,measured
2592,19200,11163.2,-1,11505.6,gcp_kvm_cxl_bpftime_node1,measured
2593,19200,10733.3,-1,11168.6,gcp_kvm_cxl_bpftime_node1,measured
2594,19200,10788.3,-1,11197.1,gcp_kvm_cxl_bpftime_node1,measured
2595,19200,11361.2,-1,11635.1,gcp_kvm_cxl_bpftime_node1,measured
2596,19200,10481.1,-1,10964.8,gcp_kvm_cxl_bpftime_node1,measured
2597,19200,10441.0,-1,10906.1,gcp_kvm_cxl_bpftime_node1,measured
2598,19200,10959.8,-1,11342.1,gcp_kvm_cxl_bpftime_node1,measured
2599,19200,11188.0,-1,11466.9,gcp_kvm_cxl_bpftime_node1,measured
2600,19200,11158.2,-1,11334.0,gcp_kvm_cxl_bpftime_node1,measured
2601,19200,11086.4,-1,11438.7,gcp_kvm_cxl_bpftime_node1,measured
2602,19200,11348.4,-1,11771.5,gcp_kvm_cxl_bpftime_node1,measured
2603,19200,10765.9,-1,11227.9,gcp_kvm_cxl_bpftime_node1,measured
2604,19200,10786.2,-1,11145.7,gcp_kvm_cxl_bpftime_node1,measured
2605,19200,11211.1,-1,11627.8,gcp_kvm_cxl_bpftime_node1,measured
2606,19200,10847.5,-1,11150.8,gcp_kvm_cxl_bpftime_node1,measured
2607,19200,11356.9,-1,11730.4,gcp_kvm_cxl_bpftime_node1,measured
2608,19200,11280.3,-1,11725.0,gcp_kvm_cxl_bpftime_node1,measured
2609,19200,11446.4,-1,11891.0,gcp_kvm_cxl_bpftime_node1,measured
2610,19200,11121.3,-1,11308.1,gcp_kvm_cxl_bpftime_node1,measured
2611,19200,11231.6,-1,11666.8,gcp_kvm_cxl_bpftime_node1,measured
2612,19200,11299.3,-1,11786.2,gcp_kvm_cxl_bpftime_node1,measured
2613,19200,11166.9,-1,11664.0,gcp_kvm_cxl_bpftime_node1,measured
2614,19200,11080.5,-1,11487.0,gcp_kvm_cxl_bpftime_node1,measured
2615,19200,11154.2,-1,11501.0,gcp_kvm_cxl_bpftime_node1,measured
2616,19200,10927.6,-1,11280.5,gcp_kvm_cxl_bpftime_node1,measured
2617,19200,11305.9,-1,11711.9,gcp_kvm_cxl_bpftime_node1,measured
2618,19200,11406.7,-1,11835.6,gcp_kvm_cxl_bpftime_node1,measured
2619,19200,11065.7,-1,11262.2,gcp_kvm_cxl_bpftime_node1,measured
2620,19200,10936.4,-1,11324.7,gcp_kvm_cxl_bpftime_node1,measured
2621,19200,11346.4,-1,11732.8,gcp_kvm_cxl_bpftime_node1,measured
2622,19200,10725.9,-1,11274.8,gcp_kvm_cxl_bpftime_node1,measured
2623,19200,11143.9,-1,11652.9,gcp_kvm_cxl_bpftime_node1,measured
2624,19200,11007.2,-1,11335.8,gcp_kvm_cxl_bpftime_node1,measured
2625,19200,11251.9,-1,11772.1,gcp_kvm_cxl_bpftime_node1,measured
2626,19200,10608.7,-1,11060.9,gcp_kvm_cxl_bpftime_node1,measured
2627,19200,10479.8,-1,10804.9,gcp_kvm_cxl_bpftime_node1,measured
2628,19200,10765.3,-1,11306.1,gcp_kvm_cxl_bpftime_node1,measured
2629,19200,11181.8,-1,11695.5,gcp_kvm_cxl_bpftime_node1,measured
2630,19200,11023.9,-1,11479.6,gcp_kvm_cxl_bpftime_node1,measured
2631,19200,11272.1,-1,11666.9,gcp_kvm_cxl_bpftime_node1,measured
2632,19200,10416.4,-1,10895.8,gcp_kvm_cxl_bpftime_node1,measured
2633,19200,10739.2,-1,11165.4,gcp_kvm_cxl_bpftime_node1,measured
2634,19200,10954.1,-1,11493.3,gcp_kvm_cxl_bpftime_node1,measured
2635,19200,11078.7,-1,11431.4,gcp_kvm_cxl_bpftime_node1,measured
2636,19200,10427.2,-1,10806.1,gcp_kvm_cxl_bpftime_node1,measured
2637,19200,11012.5,-1,11484.2,gcp_kvm_cxl_bpftime_node1,measured
2638,19200,10997.7,-1,11413.4,gcp_kvm_cxl_bpftime_node1,measured
2639,19200,10566.1,-1,10847.8,gcp_kvm_cxl_bpftime_node1,measured
2640,19200,11214.4,-1,11579.8,gcp_kvm_cxl_bpftime_node1,measured
2641,19200,11208.7,-1,11483.3,gcp_kvm_cxl_bpftime_node1,measured
2642,19200,11340.1,-1,11628.9,gcp_kvm_cxl_bpftime_node1,measured
2643,19200,11059.9,-1,11390.6,gcp_kvm_cxl_bpftime_node1,measured
2644,19200,10939.5,-1,11473.2,gcp_kvm_cxl_bpftime_node1,measured
2645,19200,10550.6,-1,10911.7,gcp_kvm_cxl_bpftime_node1,measured
2646,19200,11172.6,-1,11507.1,gcp_kvm_cxl_bpftime_node1,measured
2647,19200,10774.8,-1,11081.9,gcp_kvm_cxl_bpftime_node1,measured
2648,19200,11078.4,-1,11472.4,gcp_kvm_cxl_bpftime_node1,measured
2649,19200,10991.3,-1,11353.7,gcp_kvm_cxl_bpftime_node1,measured
2650,19200,10625.3,-1,10927.5,gcp_kvm_cxl_bpftime_node1,measured
2651,19200,11234.8,-1,11658.3,gcp_kvm_cxl_bpftime_node1,measured
2652,19200,10979.5,-1,11260.3,gcp_kvm_cxl_bpftime_node1,measured
2653,19200,10820.4,-1,11166.2,gcp_kvm_cxl_bpftime_node1,measured
2654,19200,11497.1,-1,11775.3,gcp_kvm_cxl_bpftime_node1,measured
2655,19200,11236.9,-1,11703.6,gcp_kvm_cxl_bpftime_node1,measured
2656,19200,10930.9,-1,11277.7,gcp_kvm_cxl_bpftime_node1,measured
2657,19200,10791.0,-1,11152.3,gcp_kvm_cxl_bpftime_node1,measured
2658,19200,11464.3,-1,11800.0,gcp_kvm_cxl_bpftime_node1,measured
2659,19200,10576.2,-1,10954.0,gcp_kvm_cxl_bpftime_node1,measured
2660,19200,10945.5,-1,11238.0,gcp_kvm_cxl_bpftime_node1,measured
2661,19200,10876.9,-1,11346.5,gcp_kvm_cxl_bpftime_node1,measured
2662,19200,11127.5,-1,11617.8,gcp_kvm_cxl_bpftime_node1,measured
2663,19200,10999.3,-1,11544.7,gcp_kvm_cxl_bpftime_node1,measured
2664,19200,10597.6,-1,10982.9,gcp_kvm_cxl_bpftime_node1,measured
2665,19200,11158.7,-1,11577.1,gcp_kvm_cxl_bpftime_node1,measured
2666,19200,11018.5,-1,11214.6,gcp_kvm_cxl_bpftime_node1,measured
2667,19200,11285.4,-1,11682.4,gcp_kvm_cxl_bpftime_node1,measured
2668,19200,10991.8,-1,11390.1,gcp_kvm_cxl_bpftime_node1,measured
2669,19200,11018.8,-1,11295.3,gcp_kvm_cxl_bpftime_node1,measured
2670,19200,10537.7,-1,10906.5,gcp_kvm_cxl_bpftime_node1,measured
2671,19200,11045.3,-1,11429.3,gcp_kvm_cxl_bpftime_node1,measured
2672,19200,10589.4,-1,11021.1,gcp_kvm_cxl_bpftime_node1,measured
2673,19200,10780.4,-1,11223.9,gcp_kvm_cxl_bpftime_node1,measured
2674,19200,11222.0,-1,11603.9,gcp_kvm_cxl_bpftime_node1,measured
2675,19200,11057.2,-1,11569.5,gcp_kvm_cxl_bpftime_node1,measured
2676,19200,10951.7,-1,11342.1,gcp_kvm_cxl_bpftime_node1,measured
2677,19200,11110.1,-1,11477.1,gcp_kvm_cxl_bpftime_node1,measured
2678,19200,11398.8,-1,11836.0,gcp_kvm_cxl_bpftime_node1,measured
2679,19200,11160.5,-1,11554.6,gcp_kvm_cxl_bpftime_node1,measured
2680,19200,10813.9,-1,11165.5,gcp_kvm_cxl_bpftime_node1,measured
2681,19200,11348.8,-1,11784.4,gcp_kvm_cxl_bpftime_node1,measured
2682,19200,11242.5,-1,11691.1,gcp_kvm_cxl_bpftime_node1,measured
2683,19200,11431.0,-1,11696.9,gcp_kvm_cxl_bpftime_node1,measured
2684,19200,11305.7,-1,11771.1,gcp_kvm_cxl_bpftime_node1,measured
2685,19200,11157.8,-1,11539.4,gcp_kvm_cxl_bpftime_node1,measured
2686,19200,10828.7,-1,11275.4,gcp_kvm_cxl_bpftime_node1,measured
2687,19200,11353.8,-1,11732.0,gcp_kvm_cxl_bpftime_node1,measured
2688,19200,10810.3,-1,11237.2,gcp_kvm_cxl_bpftime_node1,measured
2689,19200,11014.6,-1,11371.3,gcp_kvm_cxl_bpftime_node1,measured
2690,19200,11318.8,-1,11695.9,gcp_kvm_cxl_bpftime_node1,measured
2691,19200,10748.9,-1,11305.4,gcp_kvm_cxl_bpftime_node1,measured
2692,19200,10503.6,-1,10940.1,gcp_kvm_cxl_bpftime_node1,measured
2693,19200,10640.4,-1,11031.2,gcp_kvm_cxl_bpftime_node1,measured
2694,19200,11202.2,-1,11646.9,gcp_kvm_cxl_bpftime_node1,measured
2695,19200,11259.4,-1,11598.3,gcp_kvm_cxl_bpftime_node1,measured
2696,19200,11306.8,-1,11747.8,gcp_kvm_cxl_bpftime_node1,measured
2697,19200,11035.4,-1,11365.6,gcp_kvm_cxl_bpftime_node1,measured
2698,19200,11265.0,-1,11724.3,gcp_kvm_cxl_bpftime_node1,measured
2699,19200,10830.9,-1,11219.3,gcp_kvm_cxl_bpftime_node1,measured
2700,19200,11302.5,-1,11498.7,gcp_kvm_cxl_bpftime_node1,measured
2701,19200,10954.5,-1,11287.3,gcp_kvm_cxl_bpftime_node1,measured
2702,19200,10791.6,-1,11194.0,gcp_kvm_cxl_bpftime_node1,measured
2703,19200,10760.7,-1,10970.8,gcp_kvm_cxl_bpftime_node1,measured
2704,19200,10838.4,-1,11130.2,gcp_kvm_cxl_bpftime_node1,measured
2705,19200,11143.3,-1,11709.3,gcp_kvm_cxl_bpftime_node1,measured
2706,19200,10755.5,-1,11113.7,gcp_kvm_cxl_bpftime_node1,measured
2707,19200,11586.8,-1,11996.9,gcp_kvm_cxl_bpftime_node1,measured
2708,19200,11203.2,-1,11504.9,gcp_kvm_cxl_bpftime_node1,measured
2709,19200,11178.7,-1,11570.3,gcp_kvm_cxl_bpftime_node1,measured
2710,19200,11227.8,-1,11685.2,gcp_kvm_cxl_bpftime_node1,measured
2711,19200,11189.3,-1,11492.6,gcp_kvm_cxl_bpftime_node1,measured
2712,19200,11240.1,-1,11681.7,gcp_kvm_cxl_bpftime_node1,measured
2713,19200,11315.2,-1,11727.0,gcp_kvm_cxl_bpftime_node1,measured
2714,19200,10906.6,-1,11328.3,gcp_kvm_cxl_bpftime_node1,measured
2715,19200,10782.5,-1,11058.7,gcp_kvm_cxl_bpftime_node1,measured
2716,19200,11307.7,-1,11502.7,gcp_kvm_cxl_bpftime_node1,measured
2717,19200,11292.0,-1,11730.8,gcp_kvm_cxl_bpftime_node1,measured
2718,19200,11093.5,-1,11518.2,gcp_kvm_cxl_bpftime_node1,measured
2719,19200,11228.5,-1,11645.4,gcp_kvm_cxl_bpftime_node1,measured
2720,19200,11086.1,-1,11489.4,gcp_kvm_cxl_bpftime_node1,measured
2721,19200,10682.7,-1,11220.3,gcp_kvm_cxl_bpftime_node1,measured
2722,19200,11236.3,-1,11681.9,gcp_kvm_cxl_bpftime_node1,measured
2723,19200,10876.7,-1,11232.1,gcp_kvm_cxl_bpftime_node1,measured
2724,19200,10971.3,-1,11432.9,gcp_kvm_cxl_bpftime_node1,measured
2725,19200,10894.7,-1,11328.7,gcp_kvm_cxl_bpftime_node1,measured
2726,19200,11288.8,-1,11587.4,gcp_kvm_cxl_bpftime_node1,measured
2727,19200,11037.9,-1,11388.2,gcp_kvm_cxl_bpftime_node1,measured
2728,19200,11169.9,-1,11621.7,gcp_kvm_cxl_bpftime_node1,measured
2729,19200,10887.2,-1,11314.4,gcp_kvm_cxl_bpftime_node1,measured
2730,19200,11053.5,-1,11373.9,gcp_kvm_cxl_bpftime_node1,measured
2731,19200,10936.9,-1,11263.8,gcp_kvm_cxl_bpftime_node1,measured
2732,19200,10509.7,-1,10858.7,gcp_kvm_cxl_bpftime_node1,measured
2733,19200,11155.5,-1,11437.4,gcp_kvm_cxl_bpftime_node1,measured
2734,19200,11245.6,-1,11522.3,gcp_kvm_cxl_bpftime_node1,measured
2735,19200,10826.8,-1,11179.0,gcp_kvm_cxl_bpftime_node1,measured
2736,19200,10689.6,-1,11115.4,gcp_kvm_cxl_bpftime_node1,measured
2737,19200,11335.2,-1,11701.3,gcp_kvm_cxl_bpftime_node1,measured
2738,19200,11080.4,-1,11431.2,gcp_kvm_cxl_bpftime_node1,measured
2739,19200,11127.6,-1,11582.0,gcp_kvm_cxl_bpftime_node1,measured
2740,19200,11134.7,-1,11549.9,gcp_kvm_cxl_bpftime_node1,measured
2741,19200,10557.7,-1,11009.2,gcp_kvm_cxl_bpftime_node1,measured
2742,19200,11151.4,-1,11619.4,gcp_kvm_cxl_bpftime_node1,measured
2743,19200,11066.8,-1,11423.6,gcp_kvm_cxl_bpftime_node1,measured
2744,19200,11413.7,-1,11871.5,gcp_kvm_cxl_bpftime_node1,measured
2745,19200,10622.0,-1,11105.4,gcp_kvm_cxl_bpftime_node1,measured
2746,19200,10950.1,-1,11436.1,gcp_kvm_cxl_bpftime_node1,measured
2747,19200,10753.7,-1,11140.4,gcp_kvm_cxl_bpftime_node1,measured
2748,19200,11075.3,-1,11448.8,gcp_kvm_cxl_bpftime_node1,measured
2749,19200,10955.5,-1,11348.1,gcp_kvm_cxl_bpftime_node1,measured
2750,19200,11053.5,-1,11350.5,gcp_kvm_cxl_bpftime_node1,measured
2751,19200,10939.7,-1,11347.6,gcp_kvm_cxl_bpftime_node1,measured
2752,19200,11189.1,-1,11583.9,gcp_kvm_cxl_bpftime_node1,measured
2753,19200,11130.4,-1,11672.4,gcp_kvm_cxl_bpftime_node1,measured
2754,19200,10917.0,-1,11287.1,gcp_kvm_cxl_bpftime_node1,measured
2755,19200,10680.6,-1,10964.3,gcp_kvm_cxl_bpftime_node1,measured
2756,19200,10715.0,-1,11245.6,gcp_kvm_cxl_bpftime_node1,measured
2757,19200,10731.5,-1,11164.1,gcp_kvm_cxl_bpftime_node1,measured
2758,19200,11237.2,-1,11514.8,gcp_kvm_cxl_bpftime_node1,measured
2759,19200,11263.8,-1,11750.1,gcp_kvm_cxl_bpftime_node1,measured
2760,19200,11497.2,-1,11875.1,gcp_kvm_cxl_bpftime_node1,measured
2761,19200,11319.0,-1,11692.1,gcp_kvm_cxl_bpftime_node1,measured
2762,19200,11162.6,-1,11686.5,gcp_kvm_cxl_bpftime_node1,measured
2763,19200,11529.0,-1,11946.5,gcp_kvm_cxl_bpftime_node1,measured
2764,19200,10512.5,-1,10988.0,gcp_kvm_cxl_bpftime_node1,measured
2765,19200,11261.3,-1,11605.2,gcp_kvm_cxl_bpftime_node1,measured
2766,19200,10505.0,-1,10783.6,gcp_kvm_cxl_bpftime_node1,measured
2767,19200,11218.2,-1,11605.8,gcp_kvm_cxl_bpftime_node1,measured
2768,19200,11086.7,-1,11606.7,gcp_kvm_cxl_bpftime_node1,measured
2769,19200,10900.8,-1,11333.1,gcp_kvm_cxl_bpftime_node1,measured
2770,19200,10678.5,-1,11209.0,gcp_kvm_cxl_bpftime_node1,measured
2771,19200,11258.0,-1,11638.3,gcp_kvm_cxl_bpftime_node1,measured
2772,19200,10816.6,-1,11270.6,gcp_kvm_cxl_bpftime_node1,measured
2773,19200,11208.0,-1,11689.8,gcp_kvm_cxl_bpftime_node1,measured
2774,19200,10906.7,-1,11337.7,gcp_kvm_cxl_bpftime_node1,measured
2775,19200,10966.3,-1,11520.4,gcp_kvm_cxl_bpftime_node1,measured
2776,19200,11033.2,-1,11244.9,gcp_kvm_cxl_bpftime_node1,measured
2777,19200,11244.1,-1,11445.5,gcp_kvm_cxl_bpftime_node1,measured
2778,19200,11436.3,-1,11820.0,gcp_kvm_cxl_bpftime_node1,measured
2779,19200,10657.3,-1,11008.6,gcp_kvm_cxl_bpftime_node1,measured
2780,19200,11171.5,-1,11410.7,gcp_kvm_cxl_bpftime_node1,measured
2781,19200,11060.0,-1,11404.4,gcp_kvm_cxl_bpftime_node1,measured
2782,19200,10588.9,-1,11059.6,gcp_kvm_cxl_bpftime_node1,measured
2783,19200,10938.0,-1,11153.6,gcp_kvm_cxl_bpftime_node1,measured
2784,19200,11234.4,-1,11626.7,gcp_kvm_cxl_bpftime_node1,measured
2785,19200,10690.9,-1,11070.5,gcp_kvm_cxl_bpftime_node1,measured
2786,19200,10659.7,-1,11123.9,gcp_kvm_cxl_bpftime_node1,measured
2787,19200,10793.6,-1,11334.2,gcp_kvm_cxl_bpftime_node1,measured
2788,19200,11092.6,-1,11377.9,gcp_kvm_cxl_bpftime_node1,measured
2789,19200,10830.6,-1,11190.6,gcp_kvm_cxl_bpftime_node1,measured
2790,19200,11230.2,-1,11777.4,gcp_kvm_cxl_bpftime_node1,measured
2791,19200,11247.6,-1,11658.1,gcp_kvm_cxl_bpftime_node1,measured
2792,19200,10868.7,-1,11244.7,gcp_kvm_cxl_bpftime_node1,measured
2793,19200,10759.3,-1,11226.8,gcp_kvm_cxl_bpftime_node1,measured
2794,19200,11034.3,-1,11415.3,gcp_kvm_cxl_bpftime_node1,measured
2795,19200,10871.3,-1,11322.8,gcp_kvm_cxl_bpftime_node1,measured
2796,19200,10728.5,-1,11297.6,gcp_kvm_cxl_bpftime_node1,measured
2797,19200,10929.5,-1,11256.8,gcp_kvm_cxl_bpftime_node1,measured
2798,19200,11201.1,-1,11494.0,gcp_kvm_cxl_bpftime_node1,measured
2799,19200,11252.0,-1,11759.3,gcp_kvm_cxl_bpftime_node1,measured
2800,19200,10979.9,-1,11139.7,gcp_kvm_cxl_bpftime_node1,measured
2801,19200,10757.9,-1,11109.0,gcp_kvm_cxl_bpftime_node1,measured
2802,19200,10715.2,-1,11153.9,gcp_kvm_cxl_bpftime_node1,measured
2803,19200,11198.7,-1,11531.8,gcp_kvm_cxl_bpftime_node1,measured
2804,19200,10999.5,-1,11530.6,gcp_kvm_cxl_bpftime_node1,measured
2805,19200,11120.7,-1,11464.9,gcp_kvm_cxl_bpftime_node1,measured
2806,19200,11025.3,-1,11450.0,gcp_kvm_cxl_bpftime_node1,measured
2807,19200,11119.5,-1,11585.0,gcp_kvm_cxl_bpftime_node1,measured
2808,19200,10605.0,-1,11038.2,gcp_kvm_cxl_bpftime_node1,measured
2809,19200,10561.7,-1,11042.5,gcp_kvm_cxl_bpftime_node1,measured
2810,19200,11120.9,-1,11509.2,gcp_kvm_cxl_bpftime_node1,measured
2811,19200,10976.3,-1,11267.3,gcp_kvm_cxl_bpftime_node1,measured
2812,19200,10754.5,-1,11231.5,gcp_kvm_cxl_bpftime_node1,measured
2813,19200,11182.2,-1,11393.2,gcp_kvm_cxl_bpftime_node1,measured
2814,19200,10902.5,-1,11330.0,gcp_kvm_cxl_bpftime_node1,measured
2815,19200,10915.3,-1,11428.1,gcp_kvm_cxl_bpftime_node1,measured
2816,19200,10421.2,-1,10766.6,gcp_kvm_cxl_bpftime_node1,measured
2817,19200,10501.4,-1,10978.6,gcp_kvm_cxl_bpftime_node1,measured
2818,19200,11202.1,-1,11683.9,gcp_kvm_cxl_bpftime_node1,measured
2819,19200,11076.5,-1,11518.3,gcp_kvm_cxl_bpftime_node1,measured
2820,19200,11181.0,-1,11518.0,gcp_kvm_cxl_bpftime_node1,measured
2821,19200,11336.6,-1,11595.5,gcp_kvm_cxl_bpftime_node1,measured
2822,19200,11082.8,-1,11359.5,gcp_kvm_cxl_bpftime_node1,measured
2823,19200,11176.2,-1,11442.7,gcp_kvm_cxl_bpftime_node1,measured
2824,19200,11067.6,-1,11466.1,gcp_kvm_cxl_bpftime_node1,measured
2825,19200,11261.7,-1,11554.5,gcp_kvm_cxl_bpftime_node1,measured
2826,19200,11380.1,-1,11661.5,gcp_kvm_cxl_bpftime_node1,measured
2827,19200,10752.8,-1,11170.3,gcp_kvm_cxl_bpftime_node1,measured
2828,19200,10699.4,-1,11072.7,gcp_kvm_cxl_bpftime_node1,measured
2829,19200,11296.3,-1,11721.5,gcp_kvm_cxl_bpftime_node1,measured
2830,19200,10726.0,-1,11156.6,gcp_kvm_cxl_bpftime_node1,measured
2831,19200,11065.8,-1,11489.0,gcp_kvm_cxl_bpftime_node1,measured
2832,19200,10850.7,-1,11207.8,gcp_kvm_cxl_bpftime_node1,measured
2833,19200,10593.2,-1,10989.7,gcp_kvm_cxl_bpftime_node1,measured
2834,19200,11119.9,-1,11619.7,gcp_kvm_cxl_bpftime_node1,measured
2835,19200,10616.7,-1,10909.6,gcp_kvm_cxl_bpftime_node1,measured
2836,19200,11019.5,-1,11212.3,gcp_kvm_cxl_bpftime_node1,measured
2837,19200,11191.4,-1,11604.2,gcp_kvm_cxl_bpftime_node1,measured
2838,19200,11258.7,-1,11644.7,gcp_kvm_cxl_bpftime_node1,measured
2839,19200,10806.3,-1,11265.8,gcp_kvm_cxl_bpftime_node1,measured
2840,19200,10913.6,-1,11226.6,gcp_kvm_cxl_bpftime_node1,measured
2841,19200,11239.4,-1,11685.0,gcp_kvm_cxl_bpftime_node1,measured
2842,19200,11015.8,-1,11362.3,gcp_kvm_cxl_bpftime_node1,measured
2843,19200,10438.0,-1,10801.4,gcp_kvm_cxl_bpftime_node1,measured
2844,19200,10842.3,-1,11291.1,gcp_kvm_cxl_bpftime_node1,measured
2845,19200,11300.1,-1,11738.0,gcp_kvm_cxl_bpftime_node1,measured
2846,19200,11151.6,-1,11427.6,gcp_kvm_cxl_bpftime_node1,measured
2847,19200,11125.0,-1,11600.5,gcp_kvm_cxl_bpftime_node1,measured
2848,19200,10823.4,-1,11019.1,gcp_kvm_cxl_bpftime_node1,measured
2849,19200,11202.7,-1,11558.5,gcp_kvm_cxl_bpftime_node1,measured
2850,19200,11074.9,-1,11497.6,gcp_kvm_cxl_bpftime_node1,measured
2851,19200,10940.7,-1,11178.2,gcp_kvm_cxl_bpftime_node1,measured
2852,19200,11561.5,-1,12016.3,gcp_kvm_cxl_bpftime_node1,measured
2853,19200,10861.4,-1,11329.4,gcp_kvm_cxl_bpftime_node1,measured
2854,19200,11239.2,-1,11577.3,gcp_kvm_cxl_bpftime_node1,measured
2855,19200,11252.3,-1,11666.2,gcp_kvm_cxl_bpftime_node1,measured
2856,19200,10839.8,-1,11220.9,gcp_kvm_cxl_bpftime_node1,measured
2857,19200,11088.8,-1,11555.0,gcp_kvm_cxl_bpftime_node1,measured
2858,19200,11069.8,-1,11474.7,gcp_kvm_cxl_bpftime_node1,measured
2859,19200,11223.5,-1,11499.0,gcp_kvm_cxl_bpftime_node1,measured
2860,19200,11182.4,-1,11522.2,gcp_kvm_cxl_bpftime_node1,measured
2861,19200,10656.5,-1,11096.1,gcp_kvm_cxl_bpftime_node1,measured
2862,19200,10950.6,-1,11398.0,gcp_kvm_cxl_bpftime_node1,measured
2863,19200,11116.3,-1,11523.6,gcp_kvm_cxl_bpftime_node1,measured
2864,19200,10567.4,-1,11003.6,gcp_kvm_cxl_bpftime_node1,measured
2865,19200,11089.4,-1,11448.1,gcp_kvm_cxl_bpftime_node1,measured
2866,19200,10823.0,-1,11249.0,gcp_kvm_cxl_bpftime_node1,measured
2867,19200,11241.1,-1,11679.6,gcp_kvm_cxl_bpftime_node1,measured
2868,19200,11125.2,-1,11404.9,gcp_kvm_cxl_bpftime_node1,measured
2869,19200,10863.1,-1,11392.6,gcp_kvm_cxl_bpftime_node1,measured
2870,19200,11132.2,-1,11465.5,gcp_kvm_cxl_bpftime_node1,measured
2871,19200,11354.2,-1,11730.4,gcp_kvm_cxl_bpftime_node1,measured
2872,19200,11053.9,-1,11433.0,gcp_kvm_cxl_bpftime_node1,measured
2873,19200,11299.6,-1,11583.9,gcp_kvm_cxl_bpftime_node1,measured
2874,19200,10865.6,-1,11301.4,gcp_kvm_cxl_bpftime_node1,measured
2875,19200,10636.0,-1,10968.2,gcp_kvm_cxl_bpftime_node1,measured
2876,19200,10699.3,-1,11038.7,gcp_kvm_cxl_bpftime_node1,measured
2877,19200,11239.3,-1,11583.8,gcp_kvm_cxl_bpftime_node1,measured
2878,19200,11239.7,-1,11657.9,gcp_kvm_cxl_bpftime_node1,measured
2879,19200,11117.6,-1,11582.5,gcp_kvm_cxl_bpftime_node1,measured
2880,19200,10671.6,-1,10961.3,gcp_kvm_cxl_bpftime_node1,measured
2881,19200,11421.5,-1,11822.0,gcp_kvm_cxl_bpftime_node1,measured
2882,19200,10718.1,-1,11155.3,gcp_kvm_cxl_bpftime_node1,measured
2883,19200,11212.2,-1,11626.9,gcp_kvm_cxl_bpftime_node1,measured
2884,19200,11327.0,-1,11685.1,gcp_kvm_cxl_bpftime_node1,measured
2885,19200,10900.0,-1,11171.1,gcp_kvm_cxl_bpftime_node1,measured
2886,19200,11245.1,-1,11599.6,gcp_kvm_cxl_bpftime_node1,measured
2887,19200,11002.6,-1,11413.9,gcp_kvm_cxl_bpftime_node1,measured
2888,19200,11159.4,-1,11614.9,gcp_kvm_cxl_bpftime_node1,measured
2889,19200,11118.7,-1,11458.6,gcp_kvm_cxl_bpftime_node1,measured
2890,19200,11104.8,-1,11390.4,gcp_kvm_cxl_bpftime_node1,measured
2891,19200,10784.6,-1,11335.9,gcp_kvm_cxl_bpftime_node1,measured
2892,19200,11178.5,-1,11662.5,gcp_kvm_cxl_bpftime_node1,measured
2893,19200,11060.3,-1,11626.3,gcp_kvm_cxl_bpftime_node1,measured
2894,19200,10860.2,-1,11304.1,gcp_kvm_cxl_bpftime_node1,measured
2895,19200,11171.7,-1,11642.8,gcp_kvm_cxl_bpftime_node1,measured
2896,19200,11362.0,-1,11689.7,gcp_kvm_cxl_bpftime_node1,measured
2897,19200,10717.2,-1,11073.1,gcp_kvm_cxl_bpftime_node1,measured
2898,19200,11187.2,-1,11589.0,gcp_kvm_cxl_bpftime_node1,measured
2899,19200,10991.7,-1,11531.2,gcp_kvm_cxl_bpftime_node1,measured
2900,19200,11026.6,-1,11260.3,gcp_kvm_cxl_bpftime_node1,measured
2901,19200,11230.3,-1,11668.0,gcp_kvm_cxl_bpftime_node1,measured
2902,19200,11020.2,-1,11418.6,gcp_kvm_cxl_bpftime_node1,measured
2903,19200,11157.2,-1,11644.8,gcp_kvm_cxl_bpftime_node1,measured
2904,19200,10696.6,-1,11149.1,gcp_kvm_cxl_bpftime_node1,measured
2905,19200,11409.2,-1,11789.5,gcp_kvm_cxl_bpftime_node1,measured
2906,19200,10897.1,-1,11341.5,gcp_kvm_cxl_bpftime_node1,measured
2907,19200,10963.2,-1,11484.5,gcp_kvm_cxl_bpftime_node1,measured
2908,19200,11228.4,-1,11620.9,gcp_kvm_cxl_bpftime_node1,measured
2909,19200,10737.4,-1,11160.1,gcp_kvm_cxl_bpftime_node1,measured
2910,19200,11099.3,-1,11416.3,gcp_kvm_cxl_bpftime_node1,measured
2911,19200,10781.9,-1,11126.5,gcp_kvm_cxl_bpftime_node1,measured
2912,19200,10965.0,-1,11363.7,gcp_kvm_cxl_bpftime_node1,measured
2913,19200,10474.4,-1,10926.2,gcp_kvm_cxl_bpftime_node1,measured
2914,19200,11201.3,-1,11585.3,gcp_kvm_cxl_bpftime_node1,measured
2915,19200,10796.3,-1,11215.3,gcp_kvm_cxl_bpftime_node1,measured
2916,19200,11198.9,-1,11654.0,gcp_kvm_cxl_bpftime_node1,measured
2917,19200,10922.1,-1,11294.2,gcp_kvm_cxl_bpftime_node1,measured
2918,19200,11055.7,-1,11520.0,gcp_kvm_cxl_bpftime_node1,measured
2919,19200,10823.3,-1,11210.7,gcp_kvm_cxl_bpftime_node1,measured
2920,19200,11166.1,-1,11518.3,gcp_kvm_cxl_bpftime_node1,measured
2921,19200,11139.7,-1,11299.4,gcp_kvm_cxl_bpftime_node1,measured
2922,19200,11096.3,-1,11518.2,gcp_kvm_cxl_bpftime_node1,measured
2923,19200,11026.2,-1,11308.8,gcp_kvm_cxl_bpftime_node1,measured
2924,19200,11126.6,-1,11496.1,gcp_kvm_cxl_bpftime_node1,measured
2925,19200,10763.9,-1,11308.5,gcp_kvm_cxl_bpftime_node1,measured
2926,19200,11205.4,-1,11728.6,gcp_kvm_cxl_bpftime_node1,measured
2927,19200,10777.4,-1,11254.7,gcp_kvm_cxl_bpftime_node1,measured
2928,19200,11313.7,-1,11802.8,gcp_kvm_cxl_bpftime_node1,measured
2929,19200,10524.3,-1,10963.6,gcp_kvm_cxl_bpftime_node1,measured
2930,19200,10744.4,-1,11220.0,gcp_kvm_cxl_bpftime_node1,measured
2931,19200,10717.1,-1,11149.0,gcp_kvm_cxl_bpftime_node1,measured
2932,19200,11261.8,-1,11678.0,gcp_kvm_cxl_bpftime_node1,measured
2933,19200,11489.7,-1,11912.9,gcp_kvm_cxl_bpftime_node1,measured
2934,19200,11146.3,-1,11592.9,gcp_kvm_cxl_bpftime_node1,measured
2935,19200,11150.2,-1,11593.8,gcp_kvm_cxl_bpftime_node1,measured
2936,19200,11198.7,-1,11713.0,gcp_kvm_cxl_bpftime_node1,measured
2937,19200,10854.7,-1,11329.6,gcp_kvm_cxl_bpftime_node1,measured
2938,19200,11275.8,-1,11697.4,gcp_kvm_cxl_bpftime_node1,measured
2939,19200,11227.5,-1,11428.3,gcp_kvm_cxl_bpftime_node1,measured
2940,19200,11239.5,-1,11526.8,gcp_kvm_cxl_bpftime_node1,measured
2941,19200,10579.2,-1,11060.8,gcp_kvm_cxl_bpftime_node1,measured
2942,19200,10621.4,-1,11084.7,gcp_kvm_cxl_bpftime_node1,measured
2943,19200,11248.2,-1,11691.4,gcp_kvm_cxl_bpftime_node1,measured
2944,19200,10876.4,-1,11338.2,gcp_kvm_cxl_bpftime_node1,measured
2945,19200,11171.2,-1,11377.6,gcp_kvm_cxl_bpftime_node1,measured
2946,19200,10702.5,-1,11104.9,gcp_kvm_cxl_bpftime_node1,measured
2947,19200,11199.4,-1,11630.8,gcp_kvm_cxl_bpftime_node1,measured
2948,19200,11109.7,-1,11539.3,gcp_kvm_cxl_bpftime_node1,measured
2949,19200,11159.9,-1,11442.7,gcp_kvm_cxl_bpftime_node1,measured
2950,19200,11138.1,-1,11483.9,gcp_kvm_cxl_bpftime_node1,measured
2951,19200,11101.9,-1,11622.7,gcp_kvm_cxl_bpftime_node1,measured
2952,19200,11408.4,-1,11828.6,gcp_kvm_cxl_bpftime_node1,measured
2953,19200,11012.3,-1,11379.8,gcp_kvm_cxl_bpftime_node1,measured
2954,19200,11016.7,-1,11386.4,gcp_kvm_cxl_bpftime_node1,measured
2955,19200,10755.8,-1,11215.3,gcp_kvm_cxl_bpftime_node1,measured
2956,19200,11157.5,-1,11497.2,gcp_kvm_cxl_bpftime_node1,measured
2957,19200,10740.4,-1,11276.9,gcp_kvm_cxl_bpftime_node1,measured
2958,19200,11264.6,-1,11714.5,gcp_kvm_cxl_bpftime_node1,measured
2959,19200,11016.7,-1,11569.0,gcp_kvm_cxl_bpftime_node1,measured
2960,19200,11224.5,-1,11438.1,gcp_kvm_cxl_bpftime_node1,measured
2961,19200,11151.4,-1,11646.8,gcp_kvm_cxl_bpftime_node1,measured
2962,19200,11416.9,-1,11898.8,gcp_kvm_cxl_bpftime_node1,measured
2963,19200,10942.6,-1,11419.1,gcp_kvm_cxl_bpftime_node1,measured
2964,19200,11112.5,-1,11601.9,gcp_kvm_cxl_bpftime_node1,measured
2965,19200,11205.9,-1,11578.4,gcp_kvm_cxl_bpftime_node1,measured
2966,19200,11192.6,-1,11674.3,gcp_kvm_cxl_bpftime_node1,measured
2967,19200,10821.6,-1,11313.3,gcp_kvm_cxl_bpftime_node1,measured
2968,19200,11374.6,-1,11773.1,gcp_kvm_cxl_bpftime_node1,measured
2969,19200,11230.2,-1,11695.0,gcp_kvm_cxl_bpftime_node1,measured
2970,19200,11290.3,-1,11600.6,gcp_kvm_cxl_bpftime_node1,measured
2971,19200,11192.9,-1,11600.3,gcp_kvm_cxl_bpftime_node1,measured
2972,19200,10629.6,-1,11068.3,gcp_kvm_cxl_bpftime_node1,measured
2973,19200,11031.2,-1,11388.5,gcp_kvm_cxl_bpftime_node1,measured
2974,19200,11197.0,-1,11578.5,gcp_kvm_cxl_bpftime_node1,measured
2975,19200,10587.4,-1,10945.6,gcp_kvm_cxl_bpftime_node1,measured
2976,19200,10868.3,-1,11064.5,gcp_kvm_cxl_bpftime_node1,measured
2977,19200,10754.9,-1,11220.9,gcp_kvm_cxl_bpftime_node1,measured
2978,19200,11139.3,-1,11597.2,gcp_kvm_cxl_bpftime_node1,measured
2979,19200,11075.9,-1,11500.3,gcp_kvm_cxl_bpftime_node1,measured
2980,19200,11018.6,-1,11384.4,gcp_kvm_cxl_bpftime_node1,measured
2981,19200,10972.9,-1,11520.3,gcp_kvm_cxl_bpftime_node1,measured
2982,19200,11129.4,-1,11565.5,gcp_kvm_cxl_bpftime_node1,measured
2983,19200,10665.9,-1,11104.0,gcp_kvm_cxl_bpftime_node1,measured
2984,19200,11156.0,-1,11527.7,gcp_kvm_cxl_bpftime_node1,measured
2985,19200,11165.2,-1,11534.6,gcp_kvm_cxl_bpftime_node1,measured
2986,19200,10904.8,-1,11328.5,gcp_kvm_cxl_bpftime_node1,measured
2987,19200,10781.1,-1,11209.2,gcp_kvm_cxl_bpftime_node1,measured
2988,19200,11412.4,-1,11825.6,gcp_kvm_cxl_bpftime_node1,measured
2989,19200,11105.7,-1,11541.2,gcp_kvm_cxl_bpftime_node1,measured
2990,19200,11183.9,-1,11650.0,gcp_kvm_cxl_bpftime_node1,measured
2991,19200,11217.8,-1,11576.2,gcp_kvm_cxl_bpftime_node1,measured
2992,19200,11275.1,-1,11539.9,gcp_kvm_cxl_bpftime_node1,measured
2993,19200,10593.7,-1,10995.4,gcp_kvm_cxl_bpftime_node1,measured
2994,19200,10813.5,-1,11149.4,gcp_kvm_cxl_bpftime_node1,measured
2995,19200,11277.1,-1,11760.8,gcp_kvm_cxl_bpftime_node1,measured
2996,19200,10704.2,-1,10939.7,gcp_kvm_cxl_bpftime_node1,measured
2997,19200,10893.6,-1,11176.3,gcp_kvm_cxl_bpftime_node1,measured
2998,19200,10455.5,-1,10840.5,gcp_kvm_cxl_bpftime_node1,measured
2999,19200,10822.5,-1,11249.4,gcp_kvm_cxl_bpftime_node1,measured
3000,19200,11222.5,-1,11459.3,gcp_kvm_cxl_bpftime_node1,measured
3001,19200,11071.5,-1,11615.5,gcp_kvm_cxl_bpftime_node1,measured
3002,19200,11205.5,-1,11646.1,gcp_kvm_cxl_bpftime_node1,measured
3003,19200,10919.6,-1,11291.9,gcp_kvm_cxl_bpftime_node1,measured
3004,19200,10762.7,-1,11102.3,gcp_kvm_cxl_bpftime_node1,measured
3005,19200,10872.5,-1,11260.0,gcp_kvm_cxl_bpftime_node1,measured
3006,19200,11360.9,-1,11663.8,gcp_kvm_cxl_bpftime_node1,measured
3007,19200,11257.9,-1,11665.8,gcp_kvm_cxl_bpftime_node1,measured
3008,19200,11252.1,-1,11637.6,gcp_kvm_cxl_bpftime_node1,measured
3009,19200,10870.2,-1,11340.3,gcp_kvm_cxl_bpftime_node1,measured
3010,19200,11240.3,-1,11761.5,gcp_kvm_cxl_bpftime_node1,measured
3011,19200,10575.7,-1,10940.6,gcp_kvm_cxl_bpftime_node1,measured
3012,19200,11237.3,-1,11732.3,gcp_kvm_cxl_bpftime_node1,measured
3013,19200,11229.5,-1,11665.2,gcp_kvm_cxl_bpftime_node1,measured
3014,19200,11162.3,-1,11552.3,gcp_kvm_cxl_bpftime_node1,measured
3015,19200,11051.7,-1,11472.6,gcp_kvm_cxl_bpftime_node1,measured
3016,19200,11227.8,-1,11612.8,gcp_kvm_cxl_bpftime_node1,measured
3017,19200,10649.5,-1,11041.7,gcp_kvm_cxl_bpftime_node1,measured
3018,19200,10844.6,-1,11296.7,gcp_kvm_cxl_bpftime_node1,measured
3019,19200,11262.6,-1,11352.7,gcp_kvm_cxl_bpftime_node1,measured
3020,19200,11186.5,-1,11636.6,gcp_kvm_cxl_bpftime_node1,measured
3021,19200,11052.0,-1,11486.1,gcp_kvm_cxl_bpftime_node1,measured
3022,19200,11031.6,-1,11468.8,gcp_kvm_cxl_bpftime_node1,measured
3023,19200,11171.9,-1,11450.4,gcp_kvm_cxl_bpftime_node1,measured
3024,19200,11195.3,-1,11478.6,gcp_kvm_cxl_bpftime_node1,measured
3025,19200,11267.7,-1,11696.4,gcp_kvm_cxl_bpftime_node1,measured
3026,19200,10695.0,-1,11177.1,gcp_kvm_cxl_bpftime_node1,measured
3027,19200,10527.0,-1,10931.2,gcp_kvm_cxl_bpftime_node1,measured
3028,19200,10898.3,-1,11324.6,gcp_kvm_cxl_bpftime_node1,measured
3029,19200,10601.7,-1,10959.2,gcp_kvm_cxl_bpftime_node1,measured
3030,19200,10790.8,-1,11167.7,gcp_kvm_cxl_bpftime_node1,measured
3031,19200,10684.1,-1,11048.2,gcp_kvm_cxl_bpftime_node1,measured
3032,19200,10549.1,-1,10884.9,gcp_kvm_cxl_bpftime_node1,measured
3033,19200,11288.7,-1,11699.0,gcp_kvm_cxl_bpftime_node1,measured
3034,19200,10966.0,-1,11398.8,gcp_kvm_cxl_bpftime_node1,measured
3035,19200,10844.3,-1,11319.3,gcp_kvm_cxl_bpftime_node1,measured
3036,19200,11195.5,-1,11724.6,gcp_kvm_cxl_bpftime_node1,measured
3037,19200,11511.2,-1,11782.9,gcp_kvm_cxl_bpftime_node1,measured
3038,19200,11054.3,-1,11369.8,gcp_kvm_cxl_bpftime_node1,measured
3039,19200,10999.6,-1,11227.7,gcp_kvm_cxl_bpftime_node1,measured
3040,19200,11287.9,-1,11669.1,gcp_kvm_cxl_bpftime_node1,measured
3041,19200,10662.8,-1,11096.4,gcp_kvm_cxl_bpftime_node1,measured
3042,19200,10932.3,-1,11311.8,gcp_kvm_cxl_bpftime_node1,measured
3043,19200,11246.7,-1,11643.1,gcp_kvm_cxl_bpftime_node1,measured
3044,19200,11147.8,-1,11677.6,gcp_kvm_cxl_bpftime_node1,measured
3045,19200,10767.8,-1,11291.1,gcp_kvm_cxl_bpftime_node1,measured
3046,19200,11057.3,-1,11430.5,gcp_kvm_cxl_bpftime_node1,measured
3047,19200,11140.5,-1,11434.7,gcp_kvm_cxl_bpftime_node1,measured
3048,19200,10761.6,-1,11014.8,gcp_kvm_cxl_bpftime_node1,measured
3049,19200,10518.8,-1,10983.9,gcp_kvm_cxl_bpftime_node1,measured
3050,19200,11014.4,-1,11477.7,gcp_kvm_cxl_bpftime_node1,measured
3051,19200,11011.2,-1,11312.2,gcp_kvm_cxl_bpftime_node1,measured
3052,19200,10657.0,-1,10932.3,gcp_kvm_cxl_bpftime_node1,measured
3053,19200,11232.3,-1,11628.5,gcp_kvm_cxl_bpftime_node1,measured
3054,19200,11179.5,-1,11555.3,gcp_kvm_cxl_bpftime_node1,measured
3055,19200,10487.0,-1,10781.2,gcp_kvm_cxl_bpftime_node1,measured
3056,19200,11084.9,-1,11554.0,gcp_kvm_cxl_bpftime_node1,measured
3057,19200,11022.0,-1,11471.8,gcp_kvm_cxl_bpftime_node1,measured
3058,19200,10929.0,-1,11453.3,gcp_kvm_cxl_bpftime_node1,measured
3059,19200,11042.8,-1,11371.8,gcp_kvm_cxl_bpftime_node1,measured
3060,19200,11305.8,-1,11721.1,gcp_kvm_cxl_bpftime_node1,measured
3061,19200,10984.7,-1,11408.1,gcp_kvm_cxl_bpftime_node1,measured
3062,19200,10978.8,-1,11517.5,gcp_kvm_cxl_bpftime_node1,measured
3063,19200,11253.1,-1,11688.1,gcp_kvm_cxl_bpftime_node1,measured
3064,19200,11260.7,-1,11706.3,gcp_kvm_cxl_bpftime_node1,measured
3065,19200,10801.4,-1,11340.3,gcp_kvm_cxl_bpftime_node1,measured
3066,19200,11110.5,-1,11574.3,gcp_kvm_cxl_bpftime_node1,measured
3067,19200,10888.1,-1,11101.2,gcp_kvm_cxl_bpftime_node1,measured
3068,19200,11375.8,-1,11773.8,gcp_kvm_cxl_bpftime_node1,measured
3069,19200,11207.3,-1,11634.2,gcp_kvm_cxl_bpftime_node1,measured
3070,19200,10870.9,-1,11284.3,gcp_kvm_cxl_bpftime_node1,measured
3071,19200,10875.5,-1,11241.0,gcp_kvm_cxl_bpftime_node1,measured
3072,19200,11308.2,-1,11748.6,gcp_kvm_cxl_bpftime_node1,measured
3073,19200,11214.5,-1,11573.3,gcp_kvm_cxl_bpftime_node1,measured
3074,19200,11072.7,-1,11263.9,gcp_kvm_cxl_bpftime_node1,measured
3075,19200,11066.5,-1,11492.1,gcp_kvm_cxl_bpftime_node1,measured
3076,19200,10587.5,-1,10958.7,gcp_kvm_cxl_bpftime_node1,measured
3077,19200,11181.2,-1,11641.1,gcp_kvm_cxl_bpftime_node1,measured
3078,19200,11325.7,-1,11747.9,gcp_kvm_cxl_bpftime_node1,measured
3079,19200,11330.0,-1,11707.9,gcp_kvm_cxl_bpftime_node1,measured
3080,19200,11234.0,-1,11670.4,gcp_kvm_cxl_bpftime_node1,measured
3081,19200,10943.7,-1,11366.7,gcp_kvm_cxl_bpftime_node1,measured
3082,19200,11186.5,-1,11575.4,gcp_kvm_cxl_bpftime_node1,measured
3083,19200,11068.1,-1,11533.2,gcp_kvm_cxl_bpftime_node1,measured
3084,19200,10468.1,-1,10794.9,gcp_kvm_cxl_bpftime_node1,measured
3085,19200,10576.4,-1,10904.5,gcp_kvm_cxl_bpftime_node1,measured
3086,19200,10754.1,-1,11101.3,gcp_kvm_cxl_bpftime_node1,measured
3087,19200,10963.4,-1,11370.5,gcp_kvm_cxl_bpftime_node1,measured
3088,19200,10569.7,-1,10890.2,gcp_kvm_cxl_bpftime_node1,measured
3089,19200,11200.1,-1,11620.4,gcp_kvm_cxl_bpftime_node1,measured
3090,19200,11168.1,-1,11542.4,gcp_kvm_cxl_bpftime_node1,measured
3091,19200,11011.8,-1,11568.2,gcp_kvm_cxl_bpftime_node1,measured
3092,19200,10987.5,-1,11343.7,gcp_kvm_cxl_bpftime_node1,measured
3093,19200,10851.2,-1,11496.4,gcp_kvm_cxl_bpftime_node1,measured
3094,19200,11206.0,-1,11499.3,gcp_kvm_cxl_bpftime_node1,measured
3095,19200,10834.7,-1,11287.3,gcp_kvm_cxl_bpftime_node1,measured
3096,19200,10832.7,-1,11222.0,gcp_kvm_cxl_bpftime_node1,measured
3097,19200,11362.3,-1,11788.6,gcp_kvm_cxl_bpftime_node1,measured
3098,19200,11190.7,-1,11533.2,gcp_kvm_cxl_bpftime_node1,measured
3099,19200,11165.2,-1,11586.3,gcp_kvm_cxl_bpftime_node1,measured
3100,19200,10982.1,-1,11124.5,gcp_kvm_cxl_bpftime_node1,measured
3101,19200,11591.8,-1,12011.6,gcp_kvm_cxl_bpftime_node1,measured
3102,19200,10827.5,-1,11263.1,gcp_kvm_cxl_bpftime_node1,measured
3103,19200,10746.3,-1,11082.4,gcp_kvm_cxl_bpftime_node1,measured
3104,19200,11216.7,-1,11762.1,gcp_kvm_cxl_bpftime_node1,measured
3105,19200,11116.3,-1,11682.6,gcp_kvm_cxl_bpftime_node1,measured
3106,19200,10873.6,-1,11096.1,gcp_kvm_cxl_bpftime_node1,measured
3107,19200,10763.4,-1,11126.0,gcp_kvm_cxl_bpftime_node1,measured
3108,19200,10827.0,-1,11364.0,gcp_kvm_cxl_bpftime_node1,measured
3109,19200,11125.4,-1,11510.9,gcp_kvm_cxl_bpftime_node1,measured
3110,19200,11231.0,-1,11650.8,gcp_kvm_cxl_bpftime_node1,measured
3111,19200,11001.6,-1,11450.0,gcp_kvm_cxl_bpftime_node1,measured
3112,19200,11182.0,-1,11653.8,gcp_kvm_cxl_bpftime_node1,measured
3113,19200,10905.1,-1,11325.2,gcp_kvm_cxl_bpftime_node1,measured
3114,19200,11024.5,-1,11225.5,gcp_kvm_cxl_bpftime_node1,measured
3115,19200,11220.4,-1,11728.6,gcp_kvm_cxl_bpftime_node1,measured
3116,19200,11291.2,-1,11855.8,gcp_kvm_cxl_bpftime_node1,measured
3117,19200,11272.6,-1,11581.8,gcp_kvm_cxl_bpftime_node1,measured
3118,19200,11133.3,-1,11568.0,gcp_kvm_cxl_bpftime_node1,measured
3119,19200,11151.2,-1,11593.4,gcp_kvm_cxl_bpftime_node1,measured
3120,19200,10863.7,-1,11298.7,gcp_kvm_cxl_bpftime_node1,measured
3121,19200,10881.7,-1,11160.1,gcp_kvm_cxl_bpftime_node1,measured
3122,19200,10666.5,-1,11143.9,gcp_kvm_cxl_bpftime_node1,measured
3123,19200,11237.7,-1,11706.4,gcp_kvm_cxl_bpftime_node1,measured
3124,19200,11169.3,-1,11726.9,gcp_kvm_cxl_bpftime_node1,measured
3125,19200,10903.8,-1,11278.5,gcp_kvm_cxl_bpftime_node1,measured
3126,19200,11189.0,-1,11616.4,gcp_kvm_cxl_bpftime_node1,measured
3127,19200,10976.8,-1,11385.3,gcp_kvm_cxl_bpftime_node1,measured
3128,19200,10681.3,-1,10878.6,gcp_kvm_cxl_bpftime_node1,measured
3129,19200,10627.8,-1,10909.9,gcp_kvm_cxl_bpftime_node1,measured
3130,19200,11274.1,-1,11694.2,gcp_kvm_cxl_bpftime_node1,measured
3131,19200,11433.8,-1,11865.7,gcp_kvm_cxl_bpftime_node1,measured
3132,19200,11006.2,-1,11392.6,gcp_kvm_cxl_bpftime_node1,measured
3133,19200,11379.2,-1,11791.2,gcp_kvm_cxl_bpftime_node1,measured
3134,19200,10739.6,-1,11176.7,gcp_kvm_cxl_bpftime_node1,measured
3135,19200,11285.2,-1,11717.6,gcp_kvm_cxl_bpftime_node1,measured
3136,19200,11212.7,-1,11483.9,gcp_kvm_cxl_bpftime_node1,measured
3137,19200,10572.7,-1,11045.9,gcp_kvm_cxl_bpftime_node1,measured
3138,19200,11230.8,-1,11427.1,gcp_kvm_cxl_bpftime_node1,measured
3139,19200,10451.8,-1,10818.3,gcp_kvm_cxl_bpftime_node1,measured
3140,19200,10971.8,-1,11252.6,gcp_kvm_cxl_bpftime_node1,measured
3141,19200,11109.9,-1,11505.3,gcp_kvm_cxl_bpftime_node1,measured
3142,19200,11097.9,-1,11558.0,gcp_kvm_cxl_bpftime_node1,measured
3143,19200,10883.9,-1,11245.8,gcp_kvm_cxl_bpftime_node1,measured
3144,19200,11201.2,-1,11743.8,gcp_kvm_cxl_bpftime_node1,measured
3145,19200,11170.0,-1,11447.6,gcp_kvm_cxl_bpftime_node1,measured
3146,19200,11323.0,-1,11713.5,gcp_kvm_cxl_bpftime_node1,measured
3147,19200,11140.8,-1,11603.2,gcp_kvm_cxl_bpftime_node1,measured
3148,19200,11095.9,-1,11458.7,gcp_kvm_cxl_bpftime_node1,measured
3149,19200,11194.9,-1,11652.5,gcp_kvm_cxl_bpftime_node1,measured
3150,19200,11326.9,-1,11788.1,gcp_kvm_cxl_bpftime_node1,measured
3151,19200,11118.3,-1,11493.2,gcp_kvm_cxl_bpftime_node1,measured
3152,19200,11248.2,-1,11758.7,gcp_kvm_cxl_bpftime_node1,measured
3153,19200,11212.5,-1,11655.9,gcp_kvm_cxl_bpftime_node1,measured
3154,19200,11092.3,-1,11481.4,gcp_kvm_cxl_bpftime_node1,measured
3155,19200,11097.6,-1,11568.8,gcp_kvm_cxl_bpftime_node1,measured
3156,19200,11013.8,-1,11423.7,gcp_kvm_cxl_bpftime_node1,measured
3157,19200,11142.2,-1,11676.8,gcp_kvm_cxl_bpftime_node1,measured
3158,19200,10760.6,-1,11184.2,gcp_kvm_cxl_bpftime_node1,measured
3159,19200,10570.2,-1,10873.3,gcp_kvm_cxl_bpftime_node1,measured
3160,19200,11346.9,-1,11760.6,gcp_kvm_cxl_bpftime_node1,measured
3161,19200,10878.8,-1,11313.2,gcp_kvm_cxl_bpftime_node1,measured
3162,19200,11037.2,-1,11568.0,gcp_kvm_cxl_bpftime_node1,measured
3163,19200,11166.7,-1,11615.2,gcp_kvm_cxl_bpftime_node1,measured
3164,19200,11140.9,-1,11411.2,gcp_kvm_cxl_bpftime_node1,measured
3165,19200,10915.6,-1,11371.6,gcp_kvm_cxl_bpftime_node1,measured
3166,19200,11137.5,-1,11474.8,gcp_kvm_cxl_bpftime_node1,measured
3167,19200,11035.4,-1,11437.6,gcp_kvm_cxl_bpftime_node1,measured
3168,19200,11194.0,-1,11582.9,gcp_kvm_cxl_bpftime_node1,measured
3169,19200,10818.5,-1,11242.5,gcp_kvm_cxl_bpftime_node1,measured
3170,19200,10533.6,-1,10814.8,gcp_kvm_cxl_bpftime_node1,measured
3171,19200,11088.6,-1,11449.8,gcp_kvm_cxl_bpftime_node1,measured
3172,19200,11114.9,-1,11465.8,gcp_kvm_cxl_bpftime_node1,measured
3173,19200,11149.0,-1,11558.3,gcp_kvm_cxl_bpftime_node1,measured
3174,19200,11064.8,-1,11411.8,gcp_kvm_cxl_bpftime_node1,measured
3175,19200,11195.4,-1,11589.3,gcp_kvm_cxl_bpftime_node1,measured
3176,19200,10669.8,-1,11117.2,gcp_kvm_cxl_bpftime_node1,measured
3177,19200,10494.1,-1,10872.8,gcp_kvm_cxl_bpftime_node1,measured
3178,19200,10491.5,-1,10947.7,gcp_kvm_cxl_bpftime_node1,measured
3179,19200,11169.2,-1,11586.8,gcp_kvm_cxl_bpftime_node1,measured
3180,19200,11368.8,-1,11726.0,gcp_kvm_cxl_bpftime_node1,measured
3181,19200,10909.2,-1,11358.8,gcp_kvm_cxl_bpftime_node1,measured
3182,19200,10710.5,-1,10995.2,gcp_kvm_cxl_bpftime_node1,measured
3183,19200,11090.4,-1,11324.4,gcp_kvm_cxl_bpftime_node1,measured
3184,19200,10683.8,-1,11023.5,gcp_kvm_cxl_bpftime_node1,measured
3185,19200,10642.9,-1,10851.5,gcp_kvm_cxl_bpftime_node1,measured
3186,19200,11122.1,-1,11314.6,gcp_kvm_cxl_bpftime_node1,measured
3187,19200,10804.1,-1,11093.6,gcp_kvm_cxl_bpftime_node1,measured
3188,19200,10575.0,-1,10913.8,gcp_kvm_cxl_bpftime_node1,measured
3189,19200,10509.3,-1,10792.2,gcp_kvm_cxl_bpftime_node1,measured
3190,19200,10792.2,-1,11310.2,gcp_kvm_cxl_bpftime_node1,measured
3191,19200,10960.3,-1,11401.3,gcp_kvm_cxl_bpftime_node1,measured
3192,19200,10712.8,-1,11251.6,gcp_kvm_cxl_bpftime_node1,measured
3193,19200,11102.5,-1,11477.2,gcp_kvm_cxl_bpftime_node1,measured
3194,19200,10748.2,-1,11093.5,gcp_kvm_cxl_bpftime_node1,measured
3195,19200,11427.5,-1,11889.4,gcp_kvm_cxl_bpftime_node1,measured
3196,19200,11205.7,-1,11424.9,gcp_kvm_cxl_bpftime_node1,measured
3197,19200,11162.7,-1,11614.2,gcp_kvm_cxl_bpftime_node1,measured
3198,19200,10823.8,-1,11271.0,gcp_kvm_cxl_bpftime_node1,measured
3199,19200,10629.4,-1,11066.0,gcp_kvm_cxl_bpftime_node1,measured
3200,19200,11255.8,-1,11768.6,gcp_kvm_cxl_bpftime_node1,measured
3201,19200,11275.2,-1,11769.8,gcp_kvm_cxl_bpftime_node1,measured
3202,19200,11519.8,-1,11937.6,gcp_kvm_cxl_bpftime_node1,measured
3203,19200,10946.6,-1,11332.4,gcp_kvm_cxl_bpftime_node1,measured
3204,19200,10866.3,-1,11144.8,gcp_kvm_cxl_bpftime_node1,measured
3205,19200,11233.8,-1,11658.1,gcp_kvm_cxl_bpftime_node1,measured
3206,19200,11216.2,-1,11677.8,gcp_kvm_cxl_bpftime_node1,measured
3207,19200,10610.2,-1,10997.0,gcp_kvm_cxl_bpftime_node1,measured
3208,19200,10733.3,-1,11162.3,gcp_kvm_cxl_bpftime_node1,measured
3209,19200,10537.8,-1,10829.1,gcp_kvm_cxl_bpftime_node1,measured
3210,19200,11016.0,-1,11322.4,gcp_kvm_cxl_bpftime_node1,measured
3211,19200,11353.5,-1,11635.2,gcp_kvm_cxl_bpftime_node1,measured
3212,19200,10737.0,-1,11141.4,gcp_kvm_cxl_bpftime_node1,measured
3213,19200,11361.7,-1,11785.1,gcp_kvm_cxl_bpftime_node1,measured
3214,19200,10952.3,-1,11415.2,gcp_kvm_cxl_bpftime_node1,measured
3215,19200,10712.6,-1,11100.1,gcp_kvm_cxl_bpftime_node1,measured
3216,19200,11165.2,-1,11617.2,gcp_kvm_cxl_bpftime_node1,measured
3217,19200,11093.1,-1,11471.5,gcp_kvm_cxl_bpftime_node1,measured
3218,19200,11249.3,-1,11735.3,gcp_kvm_cxl_bpftime_node1,measured
3219,19200,11146.8,-1,11677.8,gcp_kvm_cxl_bpftime_node1,measured
3220,19200,11178.1,-1,11579.3,gcp_kvm_cxl_bpftime_node1,measured
3221,19200,11342.9,-1,11779.7,gcp_kvm_cxl_bpftime_node1,measured
3222,19200,10675.3,-1,11160.4,gcp_kvm_cxl_bpftime_node1,measured
3223,19200,11317.6,-1,11847.2,gcp_kvm_cxl_bpftime_node1,measured
3224,19200,11166.2,-1,11656.6,gcp_kvm_cxl_bpftime_node1,measured
3225,19200,11388.2,-1,11801.0,gcp_kvm_cxl_bpftime_node1,measured
3226,19200,11022.5,-1,11340.4,gcp_kvm_cxl_bpftime_node1,measured
3227,19200,13953.0,-1,14514.3,gcp_kvm_cxl_bpftime_node1,measured
3228,19200,11083.1,-1,11409.0,gcp_kvm_cxl_bpftime_node1,measured
3229,19200,11272.4,-1,11814.3,gcp_kvm_cxl_bpftime_node1,measured
3230,19200,11210.7,-1,11575.2,gcp_kvm_cxl_bpftime_node1,measured
3231,19200,11268.9,-1,11685.6,gcp_kvm_cxl_bpftime_node1,measured
3232,19200,11128.9,-1,11411.2,gcp_kvm_cxl_bpftime_node1,measured
3233,19200,11062.6,-1,11509.8,gcp_kvm_cxl_bpftime_node1,measured
3234,19200,10589.2,-1,11045.3,gcp_kvm_cxl_bpftime_node1,measured
3235,19200,10626.6,-1,11073.1,gcp_kvm_cxl_bpftime_node1,measured
3236,19200,11229.5,-1,11688.9,gcp_kvm_cxl_bpftime_node1,measured
3237,19200,11240.9,-1,11605.1,gcp_kvm_cxl_bpftime_node1,measured
3238,19200,11407.9,-1,11839.7,gcp_kvm_cxl_bpftime_node1,measured
3239,19200,11219.5,-1,11607.2,gcp_kvm_cxl_bpftime_node1,measured
3240,19200,11167.8,-1,11642.8,gcp_kvm_cxl_bpftime_node1,measured
3241,19200,11193.9,-1,11630.6,gcp_kvm_cxl_bpftime_node1,measured
3242,19200,11167.1,-1,11499.2,gcp_kvm_cxl_bpftime_node1,measured
3243,19200,11084.0,-1,11612.2,gcp_kvm_cxl_bpftime_node1,measured
3244,19200,11141.2,-1,11491.6,gcp_kvm_cxl_bpftime_node1,measured
3245,19200,10619.2,-1,11063.4,gcp_kvm_cxl_bpftime_node1,measured
3246,19200,11539.4,-1,11979.3,gcp_kvm_cxl_bpftime_node1,measured
3247,19200,11167.5,-1,11437.4,gcp_kvm_cxl_bpftime_node1,measured
3248,19200,10954.3,-1,11270.9,gcp_kvm_cxl_bpftime_node1,measured
3249,19200,11149.5,-1,11677.6,gcp_kvm_cxl_bpftime_node1,measured
3250,19200,11164.3,-1,11480.5,gcp_kvm_cxl_bpftime_node1,measured
3251,19200,10639.2,-1,11109.2,gcp_kvm_cxl_bpftime_node1,measured
3252,19200,11031.8,-1,11369.2,gcp_kvm_cxl_bpftime_node1,measured
3253,19200,11097.2,-1,11403.5,gcp_kvm_cxl_bpftime_node1,measured
3254,19200,11282.5,-1,11748.3,gcp_kvm_cxl_bpftime_node1,measured
3255,19200,10885.5,-1,11236.3,gcp_kvm_cxl_bpftime_node1,measured
3256,19200,11225.7,-1,11776.2,gcp_kvm_cxl_bpftime_node1,measured
3257,19200,11320.7,-1,11747.7,gcp_kvm_cxl_bpftime_node1,measured
3258,19200,10931.7,-1,11387.3,gcp_kvm_cxl_bpftime_node1,measured
3259,19200,11144.9,-1,11580.2,gcp_kvm_cxl_bpftime_node1,measured
3260,19200,11363.5,-1,11785.8,gcp_kvm_cxl_bpftime_node1,measured
3261,19200,11111.8,-1,11392.1,gcp_kvm_cxl_bpftime_node1,measured
3262,19200,11573.1,-1,11989.7,gcp_kvm_cxl_bpftime_node1,measured
3263,19200,11134.5,-1,11518.9,gcp_kvm_cxl_bpftime_node1,measured
3264,19200,11233.7,-1,11692.1,gcp_kvm_cxl_bpftime_node1,measured
3265,19200,10942.4,-1,11355.4,gcp_kvm_cxl_bpftime_node1,measured
3266,19200,11104.3,-1,11558.0,gcp_kvm_cxl_bpftime_node1,measured
3267,19200,11343.8,-1,11633.1,gcp_kvm_cxl_bpftime_node1,measured
3268,19200,10865.1,-1,11294.7,gcp_kvm_cxl_bpftime_node1,measured
3269,19200,11206.0,-1,11762.8,gcp_kvm_cxl_bpftime_node1,measured
3270,19200,10912.5,-1,11138.1,gcp_kvm_cxl_bpftime_node1,measured
3271,19200,11092.1,-1,11586.8,gcp_kvm_cxl_bpftime_node1,measured
3272,19200,11231.3,-1,11510.5,gcp_kvm_cxl_bpftime_node1,measured
3273,19200,10880.3,-1,11268.2,gcp_kvm_cxl_bpftime_node1,measured
3274,19200,10537.4,-1,10945.5,gcp_kvm_cxl_bpftime_node1,measured
3275,19200,10775.8,-1,11052.1,gcp_kvm_cxl_bpftime_node1,measured
3276,19200,10717.4,-1,11004.2,gcp_kvm_cxl_bpftime_node1,measured
3277,19200,10964.8,-1,11240.3,gcp_kvm_cxl_bpftime_node1,measured
3278,19200,10760.7,-1,11065.4,gcp_kvm_cxl_bpftime_node1,measured
3279,19200,10843.1,-1,11142.6,gcp_kvm_cxl_bpftime_node1,measured
3280,19200,11011.1,-1,11294.8,gcp_kvm_cxl_bpftime_node1,measured
3281,19200,11121.6,-1,11585.7,gcp_kvm_cxl_bpftime_node1,measured
3282,19200,11085.2,-1,11531.2,gcp_kvm_cxl_bpftime_node1,measured
3283,19200,11157.9,-1,11594.5,gcp_kvm_cxl_bpftime_node1,measured
3284,19200,10783.6,-1,11078.9,gcp_kvm_cxl_bpftime_node1,measured
3285,19200,10542.1,-1,10981.8,gcp_kvm_cxl_bpftime_node1,measured
3286,19200,10673.0,-1,11137.5,gcp_kvm_cxl_bpftime_node1,measured
3287,19200,11322.7,-1,11825.4,gcp_kvm_cxl_bpftime_node1,measured
3288,19200,10719.2,-1,11167.1,gcp_kvm_cxl_bpftime_node1,measured
3289,19200,10814.1,-1,11167.8,gcp_kvm_cxl_bpftime_node1,measured
3290,19200,11003.8,-1,11395.0,gcp_kvm_cxl_bpftime_node1,measured
3291,19200,11312.7,-1,11719.7,gcp_kvm_cxl_bpftime_node1,measured
3292,19200,10784.4,-1,11206.8,gcp_kvm_cxl_bpftime_node1,measured
3293,19200,11222.2,-1,11654.5,gcp_kvm_cxl_bpftime_node1,measured
3294,19200,11598.8,-1,12046.5,gcp_kvm_cxl_bpftime_node1,measured
3295,19200,10902.0,-1,11320.2,gcp_kvm_cxl_bpftime_node1,measured
3296,19200,11253.2,-1,11649.4,gcp_kvm_cxl_bpftime_node1,measured
3297,19200,11178.5,-1,11500.7,gcp_kvm_cxl_bpftime_node1,measured
3298,19200,10638.2,-1,11096.9,gcp_kvm_cxl_bpftime_node1,measured
3299,19200,10820.0,-1,11244.4,gcp_kvm_cxl_bpftime_node1,measured
3300,19200,11572.8,-1,11684.3,gcp_kvm_cxl_bpftime_node1,measured
3301,19200,10873.6,-1,11335.7,gcp_kvm_cxl_bpftime_node1,measured
3302,19200,11265.8,-1,11699.0,gcp_kvm_cxl_bpftime_node1,measured
3303,19200,11130.0,-1,11497.9,gcp_kvm_cxl_bpftime_node1,measured
3304,19200,11371.8,-1,11771.6,gcp_kvm_cxl_bpftime_node1,measured
3305,19200,10821.3,-1,11175.0,gcp_kvm_cxl_bpftime_node1,measured
3306,19200,10804.5,-1,11147.1,gcp_kvm_cxl_bpftime_node1,measured
3307,19200,10888.5,-1,11253.1,gcp_kvm_cxl_bpftime_node1,measured
3308,19200,11103.9,-1,11613.0,gcp_kvm_cxl_bpftime_node1,measured
3309,19200,10550.6,-1,10967.4,gcp_kvm_cxl_bpftime_node1,measured
3310,19200,10867.7,-1,11232.7,gcp_kvm_cxl_bpftime_node1,measured
3311,19200,11012.3,-1,11353.4,gcp_kvm_cxl_bpftime_node1,measured
3312,19200,11081.1,-1,11436.4,gcp_kvm_cxl_bpftime_node1,measured
3313,19200,10804.0,-1,11084.5,gcp_kvm_cxl_bpftime_node1,measured
3314,19200,11205.8,-1,11599.1,gcp_kvm_cxl_bpftime_node1,measured
3315,19200,10660.9,-1,10953.3,gcp_kvm_cxl_bpftime_node1,measured
3316,19200,10584.4,-1,10854.8,gcp_kvm_cxl_bpftime_node1,measured
3317,19200,11056.5,-1,11335.6,gcp_kvm_cxl_bpftime_node1,measured
3318,19200,11125.2,-1,11471.0,gcp_kvm_cxl_bpftime_node1,measured
3319,19200,10985.3,-1,11453.9,gcp_kvm_cxl_bpftime_node1,measured
3320,19200,10786.8,-1,11189.4,gcp_kvm_cxl_bpftime_node1,measured
3321,19200,10804.5,-1,11002.2,gcp_kvm_cxl_bpftime_node1,measured
3322,19200,11003.5,-1,11470.5,gcp_kvm_cxl_bpftime_node1,measured
3323,19200,10959.3,-1,11394.0,gcp_kvm_cxl_bpftime_node1,measured
3324,19200,10597.1,-1,10934.0,gcp_kvm_cxl_bpftime_node1,measured
3325,19200,11342.4,-1,11703.6,gcp_kvm_cxl_bpftime_node1,measured
3326,19200,11273.4,-1,11700.2,gcp_kvm_cxl_bpftime_node1,measured
3327,19200,10981.1,-1,11409.0,gcp_kvm_cxl_bpftime_node1,measured
3328,19200,11240.9,-1,11681.9,gcp_kvm_cxl_bpftime_node1,measured
3329,19200,11133.0,-1,11556.1,gcp_kvm_cxl_bpftime_node1,measured
3330,19200,11015.1,-1,11477.8,gcp_kvm_cxl_bpftime_node1,measured
3331,19200,11391.8,-1,11835.6,gcp_kvm_cxl_bpftime_node1,measured
3332,19200,11240.2,-1,11680.5,gcp_kvm_cxl_bpftime_node1,measured
3333,19200,11430.7,-1,11849.3,gcp_kvm_cxl_bpftime_node1,measured
3334,19200,11384.1,-1,11818.6,gcp_kvm_cxl_bpftime_node1,measured
3335,19200,11153.1,-1,11466.9,gcp_kvm_cxl_bpftime_node1,measured
3336,19200,10691.6,-1,11159.6,gcp_kvm_cxl_bpftime_node1,measured
3337,19200,10500.5,-1,10841.8,gcp_kvm_cxl_bpftime_node1,measured
3338,19200,10531.3,-1,10999.2,gcp_kvm_cxl_bpftime_node1,measured
3339,19200,10523.0,-1,10902.1,gcp_kvm_cxl_bpftime_node1,measured
3340,19200,10475.9,-1,10934.1,gcp_kvm_cxl_bpftime_node1,measured
3341,19200,10624.1,-1,11088.2,gcp_kvm_cxl_bpftime_node1,measured
3342,19200,10866.7,-1,11433.7,gcp_kvm_cxl_bpftime_node1,measured
3343,19200,11153.2,-1,11526.0,gcp_kvm_cxl_bpftime_node1,measured
3344,19200,10954.3,-1,11334.3,gcp_kvm_cxl_bpftime_node1,measured
3345,19200,10916.4,-1,11246.8,gcp_kvm_cxl_bpftime_node1,measured
3346,19200,10806.6,-1,11176.4,gcp_kvm_cxl_bpftime_node1,measured
3347,19200,10734.0,-1,10995.7,gcp_kvm_cxl_bpftime_node1,measured
3348,19200,10821.0,-1,11338.7,gcp_kvm_cxl_bpftime_node1,measured
3349,19200,11405.4,-1,11789.5,gcp_kvm_cxl_bpftime_node1,measured
3350,19200,10838.4,-1,11293.7,gcp_kvm_cxl_bpftime_node1,measured
3351,19200,11238.1,-1,11575.0,gcp_kvm_cxl_bpftime_node1,measured
3352,19200,10669.5,-1,11053.9,gcp_kvm_cxl_bpftime_node1,measured
3353,19200,10894.3,-1,11347.9,gcp_kvm_cxl_bpftime_node1,measured
3354,19200,10960.1,-1,11382.2,gcp_kvm_cxl_bpftime_node1,measured
3355,19200,10699.9,-1,11209.5,gcp_kvm_cxl_bpftime_node1,measured
3356,19200,11213.4,-1,11685.1,gcp_kvm_cxl_bpftime_node1,measured
3357,19200,11418.7,-1,11733.7,gcp_kvm_cxl_bpftime_node1,measured
3358,19200,10859.3,-1,11168.5,gcp_kvm_cxl_bpftime_node1,measured
3359,19200,11331.0,-1,11611.0,gcp_kvm_cxl_bpftime_node1,measured
3360,19200,10866.4,-1,11154.9,gcp_kvm_cxl_bpftime_node1,measured
3361,19200,11208.8,-1,11655.2,gcp_kvm_cxl_bpftime_node1,measured
3362,19200,11185.6,-1,11602.0,gcp_kvm_cxl_bpftime_node1,measured
3363,19200,11105.8,-1,11528.2,gcp_kvm_cxl_bpftime_node1,measured
3364,19200,11119.9,-1,11538.1,gcp_kvm_cxl_bpftime_node1,measured
3365,19200,10589.7,-1,11034.2,gcp_kvm_cxl_bpftime_node1,measured
3366,19200,10635.3,-1,11065.4,gcp_kvm_cxl_bpftime_node1,measured
3367,19200,11037.2,-1,11491.6,gcp_kvm_cxl_bpftime_node1,measured
3368,19200,10943.2,-1,11238.3,gcp_kvm_cxl_bpftime_node1,measured
3369,19200,10944.8,-1,11461.5,gcp_kvm_cxl_bpftime_node1,measured
3370,19200,11353.3,-1,11715.3,gcp_kvm_cxl_bpftime_node1,measured
3371,19200,11144.4,-1,11491.4,gcp_kvm_cxl_bpftime_node1,measured
3372,19200,10988.9,-1,11331.3,gcp_kvm_cxl_bpftime_node1,measured
3373,19200,11499.8,-1,12007.3,gcp_kvm_cxl_bpftime_node1,measured
3374,19200,10600.2,-1,11076.6,gcp_kvm_cxl_bpftime_node1,measured
3375,19200,11224.2,-1,11664.1,gcp_kvm_cxl_bpftime_node1,measured
3376,19200,11378.7,-1,11844.4,gcp_kvm_cxl_bpftime_node1,measured
3377,19200,11019.0,-1,11373.0,gcp_kvm_cxl_bpftime_node1,measured
3378,19200,11091.0,-1,11423.4,gcp_kvm_cxl_bpftime_node1,measured
3379,19200,11305.9,-1,11593.8,gcp_kvm_cxl_bpftime_node1,measured
3380,19200,10924.9,-1,11377.0,gcp_kvm_cxl_bpftime_node1,measured
3381,19200,10592.9,-1,10927.8,gcp_kvm_cxl_bpftime_node1,measured
3382,19200,10531.3,-1,10865.3,gcp_kvm_cxl_bpftime_node1,measured
3383,19200,10590.2,-1,10862.0,gcp_kvm_cxl_bpftime_node1,measured
3384,19200,11009.9,-1,11356.7,gcp_kvm_cxl_bpftime_node1,measured
3385,19200,10856.2,-1,11054.1,gcp_kvm_cxl_bpftime_node1,measured
3386,19200,10941.8,-1,11294.4,gcp_kvm_cxl_bpftime_node1,measured
3387,19200,10798.2,-1,11315.4,gcp_kvm_cxl_bpftime_node1,measured
3388,19200,10547.9,-1,10878.2,gcp_kvm_cxl_bpftime_node1,measured
3389,19200,10952.0,-1,11372.3,gcp_kvm_cxl_bpftime_node1,measured
3390,19200,11335.0,-1,11625.9,gcp_kvm_cxl_bpftime_node1,measured
3391,19200,11396.5,-1,11802.0,gcp_kvm_cxl_bpftime_node1,measured
3392,19200,10653.6,-1,11077.9,gcp_kvm_cxl_bpftime_node1,measured
3393,19200,10867.0,-1,11200.0,gcp_kvm_cxl_bpftime_node1,measured
3394,19200,11346.2,-1,11755.7,gcp_kvm_cxl_bpftime_node1,measured
3395,19200,10779.9,-1,11008.9,gcp_kvm_cxl_bpftime_node1,measured
3396,19200,10677.1,-1,11099.6,gcp_kvm_cxl_bpftime_node1,measured
3397,19200,10785.8,-1,11180.1,gcp_kvm_cxl_bpftime_node1,measured
3398,19200,11133.9,-1,11467.0,gcp_kvm_cxl_bpftime_node1,measured
3399,19200,11136.7,-1,11598.6,gcp_kvm_cxl_bpftime_node1,measured
3400,19200,11105.5,-1,11429.9,gcp_kvm_cxl_bpftime_node1,measured
3401,19200,10632.1,-1,11081.9,gcp_kvm_cxl_bpftime_node1,measured
3402,19200,10663.9,-1,10874.1,gcp_kvm_cxl_bpftime_node1,measured
3403,19200,10944.5,-1,11348.2,gcp_kvm_cxl_bpftime_node1,measured
3404,19200,11091.7,-1,11489.6,gcp_kvm_cxl_bpftime_node1,measured
3405,19200,11174.5,-1,11525.7,gcp_kvm_cxl_bpftime_node1,measured
3406,19200,11293.5,-1,11592.5,gcp_kvm_cxl_bpftime_node1,measured
3407,19200,10565.3,-1,11027.6,gcp_kvm_cxl_bpftime_node1,measured
3408,19200,10460.9,-1,10920.5,gcp_kvm_cxl_bpftime_node1,measured
3409,19200,10661.1,-1,11013.7,gcp_kvm_cxl_bpftime_node1,measured
3410,19200,10612.6,-1,11071.8,gcp_kvm_cxl_bpftime_node1,measured
3411,19200,10970.5,-1,11424.9,gcp_kvm_cxl_bpftime_node1,measured
3412,19200,11082.7,-1,11518.8,gcp_kvm_cxl_bpftime_node1,measured
3413,19200,10546.7,-1,10982.0,gcp_kvm_cxl_bpftime_node1,measured
3414,19200,10693.9,-1,10976.7,gcp_kvm_cxl_bpftime_node1,measured
3415,19200,10650.7,-1,11083.8,gcp_kvm_cxl_bpftime_node1,measured
3416,19200,11345.4,-1,11888.8,gcp_kvm_cxl_bpftime_node1,measured
3417,19200,11157.9,-1,11439.0,gcp_kvm_cxl_bpftime_node1,measured
3418,19200,11243.5,-1,11620.0,gcp_kvm_cxl_bpftime_node1,measured
3419,19200,11042.3,-1,11484.7,gcp_kvm_cxl_bpftime_node1,measured
3420,19200,11192.1,-1,11565.0,gcp_kvm_cxl_bpftime_node1,measured
3421,19200,10688.5,-1,10978.3,gcp_kvm_cxl_bpftime_node1,measured
3422,19200,11079.9,-1,11499.8,gcp_kvm_cxl_bpftime_node1,measured
3423,19200,11109.7,-1,11646.9,gcp_kvm_cxl_bpftime_node1,measured
3424,19200,10867.7,-1,11313.7,gcp_kvm_cxl_bpftime_node1,measured
3425,19200,11166.8,-1,11651.5,gcp_kvm_cxl_bpftime_node1,measured
3426,19200,11426.3,-1,11848.0,gcp_kvm_cxl_bpftime_node1,measured
3427,19200,10994.6,-1,11446.3,gcp_kvm_cxl_bpftime_node1,measured
3428,19200,10673.8,-1,11018.4,gcp_kvm_cxl_bpftime_node1,measured
3429,19200,11237.4,-1,11518.9,gcp_kvm_cxl_bpftime_node1,measured
3430,19200,10977.9,-1,11406.0,gcp_kvm_cxl_bpftime_node1,measured
3431,19200,10927.5,-1,11344.9,gcp_kvm_cxl_bpftime_node1,measured
3432,19200,11147.7,-1,11484.5,gcp_kvm_cxl_bpftime_node1,measured
3433,19200,10914.1,-1,11206.9,gcp_kvm_cxl_bpftime_node1,measured
3434,19200,10945.0,-1,11487.6,gcp_kvm_cxl_bpftime_node1,measured
3435,19200,11166.0,-1,11523.9,gcp_kvm_cxl_bpftime_node1,measured
3436,19200,10855.8,-1,11260.4,gcp_kvm_cxl_bpftime_node1,measured
3437,19200,10674.5,-1,11095.7,gcp_kvm_cxl_bpftime_node1,measured
3438,19200,11038.7,-1,11315.6,gcp_kvm_cxl_bpftime_node1,measured
3439,19200,10626.6,-1,10929.1,gcp_kvm_cxl_bpftime_node1,measured
3440,19200,10972.2,-1,11278.6,gcp_kvm_cxl_bpftime_node1,measured
3441,19200,11087.0,-1,11651.0,gcp_kvm_cxl_bpftime_node1,measured
3442,19200,11174.3,-1,11589.4,gcp_kvm_cxl_bpftime_node1,measured
3443,19200,11175.7,-1,11692.9,gcp_kvm_cxl_bpftime_node1,measured
3444,19200,10734.7,-1,11286.1,gcp_kvm_cxl_bpftime_node1,measured
3445,19200,11174.5,-1,11687.3,gcp_kvm_cxl_bpftime_node1,measured
3446,19200,11066.2,-1,11343.6,gcp_kvm_cxl_bpftime_node1,measured
3447,19200,10959.9,-1,11370.6,gcp_kvm_cxl_bpftime_node1,measured
3448,19200,10540.4,-1,10914.2,gcp_kvm_cxl_bpftime_node1,measured
3449,19200,11221.3,-1,11523.5,gcp_kvm_cxl_bpftime_node1,measured
3450,19200,11132.4,-1,11595.6,gcp_kvm_cxl_bpftime_node1,measured
3451,19200,11296.9,-1,11742.3,gcp_kvm_cxl_bpftime_node1,measured
3452,19200,10791.9,-1,11226.6,gcp_kvm_cxl_bpftime_node1,measured
3453,19200,10876.9,-1,11173.8,gcp_kvm_cxl_bpftime_node1,measured
3454,19200,11028.6,-1,11518.3,gcp_kvm_cxl_bpftime_node1,measured
3455,19200,10914.8,-1,11366.5,gcp_kvm_cxl_bpftime_node1,measured
3456,19200,10879.6,-1,11327.7,gcp_kvm_cxl_bpftime_node1,measured
3457,19200,10595.3,-1,11054.1,gcp_kvm_cxl_bpftime_node1,measured
3458,19200,11195.8,-1,11530.8,gcp_kvm_cxl_bpftime_node1,measured
3459,19200,10739.2,-1,11096.8,gcp_kvm_cxl_bpftime_node1,measured
3460,19200,10803.0,-1,11171.9,gcp_kvm_cxl_bpftime_node1,measured
3461,19200,10605.7,-1,11073.8,gcp_kvm_cxl_bpftime_node1,measured
3462,19200,10828.7,-1,11062.3,gcp_kvm_cxl_bpftime_node1,measured
3463,19200,11201.3,-1,11740.7,gcp_kvm_cxl_bpftime_node1,measured
3464,19200,10790.6,-1,11273.7,gcp_kvm_cxl_bpftime_node1,measured
3465,19200,11702.6,-1,12085.1,gcp_kvm_cxl_bpftime_node1,measured
3466,19200,11185.7,-1,11585.3,gcp_kvm_cxl_bpftime_node1,measured
3467,19200,11221.6,-1,11783.0,gcp_kvm_cxl_bpftime_node1,measured
3468,19200,11400.1,-1,11815.1,gcp_kvm_cxl_bpftime_node1,measured
3469,19200,10690.0,-1,11118.1,gcp_kvm_cxl_bpftime_node1,measured
3470,19200,11302.0,-1,11725.8,gcp_kvm_cxl_bpftime_node1,measured
3471,19200,11111.5,-1,11543.7,gcp_kvm_cxl_bpftime_node1,measured
3472,19200,10537.8,-1,10882.1,gcp_kvm_cxl_bpftime_node1,measured
3473,19200,10839.1,-1,11178.9,gcp_kvm_cxl_bpftime_node1,measured
3474,19200,11344.2,-1,11798.7,gcp_kvm_cxl_bpftime_node1,measured
3475,19200,10741.0,-1,11289.4,gcp_kvm_cxl_bpftime_node1,measured
3476,19200,11407.8,-1,11838.7,gcp_kvm_cxl_bpftime_node1,measured
3477,19200,11227.2,-1,11634.7,gcp_kvm_cxl_bpftime_node1,measured
3478,19200,11219.3,-1,11578.6,gcp_kvm_cxl_bpftime_node1,measured
3479,19200,11049.4,-1,11398.9,gcp_kvm_cxl_bpftime_node1,measured
3480,19200,11340.7,-1,11765.7,gcp_kvm_cxl_bpftime_node1,measured
3481,19200,11169.3,-1,11556.8,gcp_kvm_cxl_bpftime_node1,measured
3482,19200,10520.9,-1,10980.5,gcp_kvm_cxl_bpftime_node1,measured
3483,19200,10550.6,-1,11034.0,gcp_kvm_cxl_bpftime_node1,measured
3484,19200,11009.8,-1,11391.4,gcp_kvm_cxl_bpftime_node1,measured
3485,19200,11182.4,-1,11602.2,gcp_kvm_cxl_bpftime_node1,measured
3486,19200,10759.1,-1,11231.9,gcp_kvm_cxl_bpftime_node1,measured
3487,19200,11566.4,-1,12015.5,gcp_kvm_cxl_bpftime_node1,measured
3488,19200,11190.6,-1,11605.0,gcp_kvm_cxl_bpftime_node1,measured
3489,19200,10838.9,-1,11376.1,gcp_kvm_cxl_bpftime_node1,measured
3490,19200,10819.3,-1,11186.8,gcp_kvm_cxl_bpftime_node1,measured
3491,19200,11372.5,-1,11787.7,gcp_kvm_cxl_bpftime_node1,measured
3492,19200,10942.4,-1,11225.1,gcp_kvm_cxl_bpftime_node1,measured
3493,19200,11221.9,-1,11638.8,gcp_kvm_cxl_bpftime_node1,measured
3494,19200,11193.6,-1,11558.0,gcp_kvm_cxl_bpftime_node1,measured
3495,19200,11112.4,-1,11491.3,gcp_kvm_cxl_bpftime_node1,measured
3496,19200,11179.8,-1,11466.2,gcp_kvm_cxl_bpftime_node1,measured
3497,19200,11219.4,-1,11608.5,gcp_kvm_cxl_bpftime_node1,measured
3498,19200,10855.3,-1,11157.1,gcp_kvm_cxl_bpftime_node1,measured
3499,19200,11264.7,-1,11557.8,gcp_kvm_cxl_bpftime_node1,measured
3500,19200,11334.5,-1,11473.7,gcp_kvm_cxl_bpftime_node1,measured
3501,19200,11094.8,-1,11377.9,gcp_kvm_cxl_bpftime_node1,measured
3502,19200,11108.5,-1,11415.2,gcp_kvm_cxl_bpftime_node1,measured
3503,19200,11302.3,-1,11731.8,gcp_kvm_cxl_bpftime_node1,measured
3504,19200,11090.6,-1,11564.5,gcp_kvm_cxl_bpftime_node1,measured
3505,19200,11222.5,-1,11681.8,gcp_kvm_cxl_bpftime_node1,measured
3506,19200,10594.7,-1,10933.9,gcp_kvm_cxl_bpftime_node1,measured
3507,19200,10635.8,-1,10987.9,gcp_kvm_cxl_bpftime_node1,measured
3508,19200,11231.2,-1,11581.7,gcp_kvm_cxl_bpftime_node1,measured
3509,19200,11224.8,-1,11639.3,gcp_kvm_cxl_bpftime_node1,measured
3510,19200,10673.1,-1,11117.6,gcp_kvm_cxl_bpftime_node1,measured
3511,19200,10832.7,-1,11259.8,gcp_kvm_cxl_bpftime_node1,measured
3512,19200,10694.8,-1,11041.5,gcp_kvm_cxl_bpftime_node1,measured
3513,19200,10989.6,-1,11346.3,gcp_kvm_cxl_bpftime_node1,measured
3514,19200,10561.9,-1,10905.9,gcp_kvm_cxl_bpftime_node1,measured
3515,19200,11193.8,-1,11638.9,gcp_kvm_cxl_bpftime_node1,measured
3516,19200,11172.6,-1,11568.4,gcp_kvm_cxl_bpftime_node1,measured
3517,19200,10793.9,-1,11210.4,gcp_kvm_cxl_bpftime_node1,measured
3518,19200,10984.5,-1,11351.2,gcp_kvm_cxl_bpftime_node1,measured
3519,19200,11037.4,-1,11266.4,gcp_kvm_cxl_bpftime_node1,measured
3520,19200,10916.2,-1,11256.2,gcp_kvm_cxl_bpftime_node1,measured
3521,19200,11222.7,-1,11691.0,gcp_kvm_cxl_bpftime_node1,measured
3522,19200,10998.3,-1,11335.9,gcp_kvm_cxl_bpftime_node1,measured
3523,19200,11022.7,-1,11369.1,gcp_kvm_cxl_bpftime_node1,measured
3524,19200,11214.1,-1,11583.7,gcp_kvm_cxl_bpftime_node1,measured
3525,19200,11117.2,-1,11587.2,gcp_kvm_cxl_bpftime_node1,measured
3526,19200,11307.5,-1,11767.2,gcp_kvm_cxl_bpftime_node1,measured
3527,19200,10507.0,-1,10877.7,gcp_kvm_cxl_bpftime_node1,measured
3528,19200,10912.4,-1,11245.2,gcp_kvm_cxl_bpftime_node1,measured
3529,19200,11151.1,-1,11590.3,gcp_kvm_cxl_bpftime_node1,measured
3530,19200,11118.7,-1,11541.9,gcp_kvm_cxl_bpftime_node1,measured
3531,19200,10713.5,-1,11048.8,gcp_kvm_cxl_bpftime_node1,measured
3532,19200,11410.1,-1,11914.1,gcp_kvm_cxl_bpftime_node1,measured
3533,19200,11246.4,-1,11788.4,gcp_kvm_cxl_bpftime_node1,measured
3534,19200,10697.3,-1,11060.5,gcp_kvm_cxl_bpftime_node1,measured
3535,19200,10951.7,-1,11325.9,gcp_kvm_cxl_bpftime_node1,measured
3536,19200,10655.6,-1,11105.9,gcp_kvm_cxl_bpftime_node1,measured
3537,19200,10549.8,-1,10993.4,gcp_kvm_cxl_bpftime_node1,measured
3538,19200,11047.4,-1,11493.5,gcp_kvm_cxl_bpftime_node1,measured
3539,19200,10793.6,-1,11003.8,gcp_kvm_cxl_bpftime_node1,measured
3540,19200,10575.8,-1,10941.0,gcp_kvm_cxl_bpftime_node1,measured
3541,19200,10766.5,-1,11204.4,gcp_kvm_cxl_bpftime_node1,measured
3542,19200,10983.6,-1,11510.8,gcp_kvm_cxl_bpftime_node1,measured
3543,19200,10773.6,-1,11134.6,gcp_kvm_cxl_bpftime_node1,measured
3544,19200,10852.1,-1,11288.7,gcp_kvm_cxl_bpftime_node1,measured
3545,19200,11168.4,-1,11367.5,gcp_kvm_cxl_bpftime_node1,measured
3546,19200,10860.0,-1,11057.4,gcp_kvm_cxl_bpftime_node1,measured
3547,19200,10803.1,-1,11188.1,gcp_kvm_cxl_bpftime_node1,measured
3548,19200,11220.9,-1,11651.1,gcp_kvm_cxl_bpftime_node1,measured
3549,19200,11315.6,-1,11758.3,gcp_kvm_cxl_bpftime_node1,measured
3550,19200,11292.4,-1,11684.3,gcp_kvm_cxl_bpftime_node1,measured
3551,19200,11161.7,-1,11370.2,gcp_kvm_cxl_bpftime_node1,measured
3552,19200,11416.4,-1,11871.0,gcp_kvm_cxl_bpftime_node1,measured
3553,19200,11356.4,-1,11739.2,gcp_kvm_cxl_bpftime_node1,measured
3554,19200,10988.6,-1,11531.8,gcp_kvm_cxl_bpftime_node1,measured
3555,19200,11215.7,-1,11647.0,gcp_kvm_cxl_bpftime_node1,measured
3556,19200,10848.5,-1,11134.4,gcp_kvm_cxl_bpftime_node1,measured
3557,19200,11059.3,-1,11451.5,gcp_kvm_cxl_bpftime_node1,measured
3558,19200,10578.6,-1,10951.7,gcp_kvm_cxl_bpftime_node1,measured
3559,19200,10705.3,-1,11085.9,gcp_kvm_cxl_bpftime_node1,measured
3560,19200,10755.1,-1,11139.5,gcp_kvm_cxl_bpftime_node1,measured
3561,19200,11124.2,-1,11453.2,gcp_kvm_cxl_bpftime_node1,measured
3562,19200,11202.7,-1,11612.7,gcp_kvm_cxl_bpftime_node1,measured
3563,19200,11208.0,-1,11729.4,gcp_kvm_cxl_bpftime_node1,measured
3564,19200,11610.4,-1,11989.7,gcp_kvm_cxl_bpftime_node1,measured
3565,19200,10845.2,-1,11096.4,gcp_kvm_cxl_bpftime_node1,measured
3566,19200,11280.6,-1,11635.1,gcp_kvm_cxl_bpftime_node1,measured
3567,19200,11095.2,-1,11467.5,gcp_kvm_cxl_bpftime_node1,measured
3568,19200,10915.5,-1,11360.1,gcp_kvm_cxl_bpftime_node1,measured
3569,19200,11165.3,-1,11582.0,gcp_kvm_cxl_bpftime_node1,measured
3570,19200,10820.9,-1,11114.1,gcp_kvm_cxl_bpftime_node1,measured
3571,19200,10698.9,-1,10977.5,gcp_kvm_cxl_bpftime_node1,measured
3572,19200,10909.2,-1,11179.6,gcp_kvm_cxl_bpftime_node1,measured
3573,19200,11086.9,-1,11514.5,gcp_kvm_cxl_bpftime_node1,measured
3574,19200,11119.6,-1,11412.3,gcp_kvm_cxl_bpftime_node1,measured
3575,19200,11150.1,-1,11452.6,gcp_kvm_cxl_bpftime_node1,measured
3576,19200,11013.3,-1,11350.6,gcp_kvm_cxl_bpftime_node1,measured
3577,19200,11184.7,-1,11721.2,gcp_kvm_cxl_bpftime_node1,measured
3578,19200,11381.7,-1,11668.5,gcp_kvm_cxl_bpftime_node1,measured
3579,19200,10878.0,-1,11310.7,gcp_kvm_cxl_bpftime_node1,measured
3580,19200,11207.1,-1,11677.4,gcp_kvm_cxl_bpftime_node1,measured
3581,19200,10823.7,-1,11204.6,gcp_kvm_cxl_bpftime_node1,measured
3582,19200,11343.7,-1,11642.1,gcp_kvm_cxl_bpftime_node1,measured
3583,19200,11217.5,-1,11649.9,gcp_kvm_cxl_bpftime_node1,measured
3584,19200,10763.7,-1,11290.3,gcp_kvm_cxl_bpftime_node1,measured
3585,19200,11154.4,-1,11531.7,gcp_kvm_cxl_bpftime_node1,measured
3586,19200,10525.8,-1,10867.4,gcp_kvm_cxl_bpftime_node1,measured
3587,19200,11103.9,-1,11439.8,gcp_kvm_cxl_bpftime_node1,measured
3588,19200,11357.4,-1,11758.3,gcp_kvm_cxl_bpftime_node1,measured
3589,19200,11101.9,-1,11635.7,gcp_kvm_cxl_bpftime_node1,measured
3590,19200,10765.0,-1,11198.8,gcp_kvm_cxl_bpftime_node1,measured
3591,19200,10894.5,-1,11304.8,gcp_kvm_cxl_bpftime_node1,measured
3592,19200,10501.6,-1,10751.8,gcp_kvm_cxl_bpftime_node1,measured
3593,19200,10518.7,-1,10974.6,gcp_kvm_cxl_bpftime_node1,measured
3594,19200,10536.7,-1,10983.9,gcp_kvm_cxl_bpftime_node1,measured
3595,19200,10837.6,-1,11275.7,gcp_kvm_cxl_bpftime_node1,measured
3596,19200,11128.3,-1,11403.0,gcp_kvm_cxl_bpftime_node1,measured
3597,19200,10769.3,-1,11134.0,gcp_kvm_cxl_bpftime_node1,measured
3598,19200,10930.2,-1,11454.6,gcp_kvm_cxl_bpftime_node1,measured
3599,19200,11232.3,-1,11576.9,gcp_kvm_cxl_bpftime_node1,measured
3600,19200,11375.8,-1,11541.8,gcp_kvm_cxl_bpftime_node1,measured
3601,19200,11181.4,-1,11623.5,gcp_kvm_cxl_bpftime_node1,measured
3602,19200,11227.8,-1,11675.9,gcp_kvm_cxl_bpftime_node1,measured
3603,19200,11102.6,-1,11668.0,gcp_kvm_cxl_bpftime_node1,measured
3604,19200,11097.5,-1,11326.4,gcp_kvm_cxl_bpftime_node1,measured
3605,19200,11288.0,-1,11573.0,gcp_kvm_cxl_bpftime_node1,measured
3606,19200,10769.7,-1,11206.8,gcp_kvm_cxl_bpftime_node1,measured
3607,19200,11357.4,-1,11794.3,gcp_kvm_cxl_bpftime_node1,measured
3608,19200,10720.5,-1,11168.1,gcp_kvm_cxl_bpftime_node1,measured
3609,19200,10886.0,-1,11327.7,gcp_kvm_cxl_bpftime_node1,measured
3610,19200,11122.5,-1,11553.2,gcp_kvm_cxl_bpftime_node1,measured
3611,19200,11100.4,-1,11408.3,gcp_kvm_cxl_bpftime_node1,measured
3612,19200,10511.4,-1,10893.8,gcp_kvm_cxl_bpftime_node1,measured
3613,19200,10712.1,-1,11068.5,gcp_kvm_cxl_bpftime_node1,measured
3614,19200,10485.1,-1,10766.5,gcp_kvm_cxl_bpftime_node1,measured
3615,19200,11012.3,-1,11295.9,gcp_kvm_cxl_bpftime_node1,measured
3616,19200,10788.2,-1,11302.5,gcp_kvm_cxl_bpftime_node1,measured
3617,19200,11102.2,-1,11388.1,gcp_kvm_cxl_bpftime_node1,measured
3618,19200,11143.5,-1,11631.2,gcp_kvm_cxl_bpftime_node1,measured
3619,19200,11020.4,-1,11411.3,gcp_kvm_cxl_bpftime_node1,measured
3620,19200,10746.9,-1,11231.2,gcp_kvm_cxl_bpftime_node1,measured
3621,19200,10718.0,-1,11097.6,gcp_kvm_cxl_bpftime_node1,measured
3622,19200,11277.6,-1,11548.9,gcp_kvm_cxl_bpftime_node1,measured
3623,19200,11215.0,-1,11688.7,gcp_kvm_cxl_bpftime_node1,measured
3624,19200,10842.3,-1,11289.2,gcp_kvm_cxl_bpftime_node1,measured
3625,19200,11386.9,-1,11741.7,gcp_kvm_cxl_bpftime_node1,measured
3626,19200,10600.3,-1,10951.7,gcp_kvm_cxl_bpftime_node1,measured
3627,19200,11301.9,-1,11648.2,gcp_kvm_cxl_bpftime_node1,measured
3628,19200,11269.2,-1,11662.0,gcp_kvm_cxl_bpftime_node1,measured
3629,19200,10746.4,-1,11161.2,gcp_kvm_cxl_bpftime_node1,measured
3630,19200,11114.7,-1,11540.2,gcp_kvm_cxl_bpftime_node1,measured
3631,19200,10767.1,-1,11148.1,gcp_kvm_cxl_bpftime_node1,measured
3632,19200,10804.2,-1,11269.4,gcp_kvm_cxl_bpftime_node1,measured
3633,19200,11086.5,-1,11525.8,gcp_kvm_cxl_bpftime_node1,measured
3634,19200,11235.5,-1,11653.7,gcp_kvm_cxl_bpftime_node1,measured
3635,19200,11146.2,-1,11494.5,gcp_kvm_cxl_bpftime_node1,measured
3636,19200,11289.4,-1,11702.9,gcp_kvm_cxl_bpftime_node1,measured
3637,19200,11676.3,-1,12217.8,gcp_kvm_cxl_bpftime_node1,measured
3638,19200,11320.7,-1,11802.4,gcp_kvm_cxl_bpftime_node1,measured
3639,19200,10968.0,-1,11187.4,gcp_kvm_cxl_bpftime_node1,measured
3640,19200,11449.5,-1,11749.0,gcp_kvm_cxl_bpftime_node1,measured
3641,19200,11052.8,-1,11424.7,gcp_kvm_cxl_bpftime_node1,measured
3642,19200,10507.7,-1,10908.7,gcp_kvm_cxl_bpftime_node1,measured
3643,19200,10761.9,-1,11198.6,gcp_kvm_cxl_bpftime_node1,measured
3644,19200,10917.0,-1,11389.3,gcp_kvm_cxl_bpftime_node1,measured
3645,19200,10581.2,-1,10865.3,gcp_kvm_cxl_bpftime_node1,measured
3646,19200,10880.6,-1,11156.5,gcp_kvm_cxl_bpftime_node1,measured
3647,19200,11330.3,-1,11779.7,gcp_kvm_cxl_bpftime_node1,measured
3648,19200,11324.8,-1,11710.0,gcp_kvm_cxl_bpftime_node1,measured
3649,19200,11381.2,-1,11772.6,gcp_kvm_cxl_bpftime_node1,measured
3650,19200,11018.2,-1,11459.2,gcp_kvm_cxl_bpftime_node1,measured
3651,19200,11337.2,-1,11784.6,gcp_kvm_cxl_bpftime_node1,measured
3652,19200,10961.0,-1,11180.3,gcp_kvm_cxl_bpftime_node1,measured
3653,19200,11154.2,-1,11573.0,gcp_kvm_cxl_bpftime_node1,measured
3654,19200,11099.5,-1,11524.8,gcp_kvm_cxl_bpftime_node1,measured
3655,19200,10803.0,-1,11154.4,gcp_kvm_cxl_bpftime_node1,measured
3656,19200,11415.5,-1,11701.6,gcp_kvm_cxl_bpftime_node1,measured
3657,19200,10865.9,-1,11316.9,gcp_kvm_cxl_bpftime_node1,measured
3658,19200,10504.2,-1,10939.2,gcp_kvm_cxl_bpftime_node1,measured
3659,19200,10547.4,-1,10894.2,gcp_kvm_cxl_bpftime_node1,measured
3660,19200,11099.4,-1,11462.9,gcp_kvm_cxl_bpftime_node1,measured
3661,19200,11136.6,-1,11469.9,gcp_kvm_cxl_bpftime_node1,measured
3662,19200,11339.3,-1,11770.0,gcp_kvm_cxl_bpftime_node1,measured
3663,19200,10910.2,-1,11360.4,gcp_kvm_cxl_bpftime_node1,measured
3664,19200,10958.0,-1,11501.1,gcp_kvm_cxl_bpftime_node1,measured
3665,19200,10871.6,-1,11301.6,gcp_kvm_cxl_bpftime_node1,measured
3666,19200,11192.1,-1,11564.9,gcp_kvm_cxl_bpftime_node1,measured
3667,19200,11231.8,-1,11629.2,gcp_kvm_cxl_bpftime_node1,measured
3668,19200,11146.8,-1,11710.4,gcp_kvm_cxl_bpftime_node1,measured
3669,19200,10683.9,-1,11058.6,gcp_kvm_cxl_bpftime_node1,measured
3670,19200,11046.0,-1,11476.5,gcp_kvm_cxl_bpftime_node1,measured
3671,19200,11200.1,-1,11664.1,gcp_kvm_cxl_bpftime_node1,measured
3672,19200,11208.9,-1,11659.5,gcp_kvm_cxl_bpftime_node1,measured
3673,19200,11108.9,-1,11456.2,gcp_kvm_cxl_bpftime_node1,measured
3674,19200,10638.1,-1,11118.0,gcp_kvm_cxl_bpftime_node1,measured
3675,19200,10753.3,-1,11131.6,gcp_kvm_cxl_bpftime_node1,measured
3676,19200,11336.0,-1,11649.0,gcp_kvm_cxl_bpftime_node1,measured
3677,19200,11251.2,-1,11736.4,gcp_kvm_cxl_bpftime_node1,measured
3678,19200,11265.3,-1,11685.5,gcp_kvm_cxl_bpftime_node1,measured
3679,19200,11393.4,-1,11766.1,gcp_kvm_cxl_bpftime_node1,measured
3680,19200,11072.3,-1,11480.4,gcp_kvm_cxl_bpftime_node1,measured
3681,19200,10951.3,-1,11230.3,gcp_kvm_cxl_bpftime_node1,measured
3682,19200,10846.5,-1,11286.4,gcp_kvm_cxl_bpftime_node1,measured
3683,19200,11188.5,-1,11523.7,gcp_kvm_cxl_bpftime_node1,measured
3684,19200,11266.8,-1,11811.0,gcp_kvm_cxl_bpftime_node1,measured
3685,19200,10872.0,-1,11167.9,gcp_kvm_cxl_bpftime_node1,measured
3686,19200,10868.0,-1,11409.8,gcp_kvm_cxl_bpftime_node1,measured
3687,19200,11051.6,-1,11391.7,gcp_kvm_cxl_bpftime_node1,measured
3688,19200,10761.7,-1,11108.7,gcp_kvm_cxl_bpftime_node1,measured
3689,19200,10691.7,-1,11021.3,gcp_kvm_cxl_bpftime_node1,measured
3690,19200,10888.1,-1,11162.9,gcp_kvm_cxl_bpftime_node1,measured
3691,19200,10993.5,-1,11276.8,gcp_kvm_cxl_bpftime_node1,measured
3692,19200,11309.8,-1,11718.3,gcp_kvm_cxl_bpftime_node1,measured
3693,19200,11148.9,-1,11450.1,gcp_kvm_cxl_bpftime_node1,measured
3694,19200,11056.9,-1,11366.7,gcp_kvm_cxl_bpftime_node1,measured
3695,19200,10573.2,-1,10965.4,gcp_kvm_cxl_bpftime_node1,measured
3696,19200,11043.4,-1,11511.0,gcp_kvm_cxl_bpftime_node1,measured
3697,19200,11466.1,-1,11900.3,gcp_kvm_cxl_bpftime_node1,measured
3698,19200,11218.6,-1,11560.2,gcp_kvm_cxl_bpftime_node1,measured
3699,19200,11182.3,-1,11706.7,gcp_kvm_cxl_bpftime_node1,measured
3700,19200,11048.5,-1,11168.1,gcp_kvm_cxl_bpftime_node1,measured
3701,19200,11333.4,-1,11623.7,gcp_kvm_cxl_bpftime_node1,measured
3702,19200,11257.9,-1,11680.1,gcp_kvm_cxl_bpftime_node1,measured
3703,19200,11058.8,-1,11441.7,gcp_kvm_cxl_bpftime_node1,measured
3704,19200,11298.7,-1,11647.0,gcp_kvm_cxl_bpftime_node1,measured
3705,19200,11186.5,-1,11531.2,gcp_kvm_cxl_bpftime_node1,measured
3706,19200,10831.2,-1,11397.0,gcp_kvm_cxl_bpftime_node1,measured
3707,19200,11336.4,-1,11604.0,gcp_kvm_cxl_bpftime_node1,measured
3708,19200,11213.6,-1,11610.1,gcp_kvm_cxl_bpftime_node1,measured
3709,19200,10840.3,-1,11043.9,gcp_kvm_cxl_bpftime_node1,measured
3710,19200,10896.6,-1,11246.4,gcp_kvm_cxl_bpftime_node1,measured
3711,19200,11126.1,-1,11462.0,gcp_kvm_cxl_bpftime_node1,measured
3712,19200,10612.7,-1,10978.5,gcp_kvm_cxl_bpftime_node1,measured
3713,19200,10509.0,-1,10789.3,gcp_kvm_cxl_bpftime_node1,measured
3714,19200,10597.6,-1,10980.3,gcp_kvm_cxl_bpftime_node1,measured
3715,19200,10554.3,-1,10930.9,gcp_kvm_cxl_bpftime_node1,measured
3716,19200,11322.5,-1,11749.5,gcp_kvm_cxl_bpftime_node1,measured
3717,19200,11134.4,-1,11691.7,gcp_kvm_cxl_bpftime_node1,measured
3718,19200,10818.4,-1,11202.2,gcp_kvm_cxl_bpftime_node1,measured
3719,19200,11200.6,-1,11600.7,gcp_kvm_cxl_bpftime_node1,measured
3720,19200,11183.3,-1,11475.7,gcp_kvm_cxl_bpftime_node1,measured
3721,19200,11034.7,-1,11464.8,gcp_kvm_cxl_bpftime_node1,measured
3722,19200,11311.9,-1,11658.9,gcp_kvm_cxl_bpftime_node1,measured
3723,19200,11263.9,-1,11742.1,gcp_kvm_cxl_bpftime_node1,measured
3724,19200,10699.4,-1,10933.2,gcp_kvm_cxl_bpftime_node1,measured
3725,19200,11345.2,-1,11749.2,gcp_kvm_cxl_bpftime_node1,measured
3726,19200,11075.1,-1,11528.9,gcp_kvm_cxl_bpftime_node1,measured
3727,19200,11332.5,-1,11690.1,gcp_kvm_cxl_bpftime_node1,measured
3728,19200,11365.5,-1,11717.6,gcp_kvm_cxl_bpftime_node1,measured
3729,19200,11411.8,-1,11781.4,gcp_kvm_cxl_bpftime_node1,measured
3730,19200,11052.9,-1,11389.8,gcp_kvm_cxl_bpftime_node1,measured
3731,19200,11392.9,-1,11749.2,gcp_kvm_cxl_bpftime_node1,measured
3732,19200,11216.4,-1,11517.3,gcp_kvm_cxl_bpftime_node1,measured
3733,19200,11121.0,-1,11508.2,gcp_kvm_cxl_bpftime_node1,measured
3734,19200,10931.0,-1,11291.1,gcp_kvm_cxl_bpftime_node1,measured
3735,19200,11108.3,-1,11454.5,gcp_kvm_cxl_bpftime_node1,measured
3736,19200,10944.4,-1,11383.9,gcp_kvm_cxl_bpftime_node1,measured
3737,19200,11102.8,-1,11436.2,gcp_kvm_cxl_bpftime_node1,measured
3738,19200,11222.6,-1,11646.8,gcp_kvm_cxl_bpftime_node1,measured
3739,19200,11150.6,-1,11517.0,gcp_kvm_cxl_bpftime_node1,measured
3740,19200,11251.9,-1,11447.1,gcp_kvm_cxl_bpftime_node1,measured
3741,19200,10689.7,-1,11181.9,gcp_kvm_cxl_bpftime_node1,measured
3742,19200,11345.0,-1,11750.5,gcp_kvm_cxl_bpftime_node1,measured
3743,19200,11239.1,-1,11635.3,gcp_kvm_cxl_bpftime_node1,measured
3744,19200,10829.2,-1,11046.9,gcp_kvm_cxl_bpftime_node1,measured
3745,19200,10546.0,-1,10904.4,gcp_kvm_cxl_bpftime_node1,measured
3746,19200,10893.3,-1,11253.0,gcp_kvm_cxl_bpftime_node1,measured
3747,19200,10966.5,-1,11292.0,gcp_kvm_cxl_bpftime_node1,measured
3748,19200,11124.8,-1,11602.6,gcp_kvm_cxl_bpftime_node1,measured
3749,19200,11381.7,-1,11683.0,gcp_kvm_cxl_bpftime_node1,measured
3750,19200,10814.3,-1,11258.3,gcp_kvm_cxl_bpftime_node1,measured
3751,19200,11292.7,-1,11714.9,gcp_kvm_cxl_bpftime_node1,measured
3752,19200,10940.4,-1,11396.7,gcp_kvm_cxl_bpftime_node1,measured
3753,19200,10812.2,-1,11103.5,gcp_kvm_cxl_bpftime_node1,measured
3754,19200,10600.6,-1,11080.3,gcp_kvm_cxl_bpftime_node1,measured
3755,19200,10956.3,-1,11417.7,gcp_kvm_cxl_bpftime_node1,measured
3756,19200,10875.1,-1,11191.8,gcp_kvm_cxl_bpftime_node1,measured
3757,19200,11339.6,-1,11763.9,gcp_kvm_cxl_bpftime_node1,measured
3758,19200,10882.5,-1,11342.3,gcp_kvm_cxl_bpftime_node1,measured
3759,19200,10794.9,-1,11083.9,gcp_kvm_cxl_bpftime_node1,measured
3760,19200,11234.1,-1,11573.1,gcp_kvm_cxl_bpftime_node1,measured
3761,19200,10939.7,-1,11377.9,gcp_kvm_cxl_bpftime_node1,measured
3762,19200,11294.4,-1,11684.5,gcp_kvm_cxl_bpftime_node1,measured
3763,19200,11172.1,-1,11592.3,gcp_kvm_cxl_bpftime_node1,measured
3764,19200,11413.0,-1,11752.3,gcp_kvm_cxl_bpftime_node1,measured
3765,19200,11365.1,-1,11593.7,gcp_kvm_cxl_bpftime_node1,measured
3766,19200,11195.8,-1,11549.6,gcp_kvm_cxl_bpftime_node1,measured
3767,19200,11170.7,-1,11449.4,gcp_kvm_cxl_bpftime_node1,measured
3768,19200,11241.4,-1,11675.2,gcp_kvm_cxl_bpftime_node1,measured
3769,19200,10832.6,-1,11278.6,gcp_kvm_cxl_bpftime_node1,measured
3770,19200,11102.0,-1,11409.0,gcp_kvm_cxl_bpftime_node1,measured
3771,19200,11255.7,-1,11791.2,gcp_kvm_cxl_bpftime_node1,measured
3772,19200,11236.9,-1,11814.8,gcp_kvm_cxl_bpftime_node1,measured
3773,19200,11231.4,-1,11648.9,gcp_kvm_cxl_bpftime_node1,measured
3774,19200,11321.7,-1,11757.3,gcp_kvm_cxl_bpftime_node1,measured
3775,19200,11314.4,-1,11751.8,gcp_kvm_cxl_bpftime_node1,measured
3776,19200,10844.1,-1,11238.9,gcp_kvm_cxl_bpftime_node1,measured
3777,19200,10638.4,-1,11124.0,gcp_kvm_cxl_bpftime_node1,measured
3778,19200,11173.8,-1,11537.1,gcp_kvm_cxl_bpftime_node1,measured
3779,19200,11150.5,-1,11699.0,gcp_kvm_cxl_bpftime_node1,measured
3780,19200,11253.3,-1,11535.5,gcp_kvm_cxl_bpftime_node1,measured
3781,19200,10945.0,-1,11386.9,gcp_kvm_cxl_bpftime_node1,measured
3782,19200,10866.2,-1,11164.2,gcp_kvm_cxl_bpftime_node1,measured
3783,19200,11335.6,-1,11792.1,gcp_kvm_cxl_bpftime_node1,measured
3784,19200,11346.8,-1,11662.8,gcp_kvm_cxl_bpftime_node1,measured
3785,19200,11134.6,-1,11345.1,gcp_kvm_cxl_bpftime_node1,measured
3786,19200,10735.2,-1,11038.3,gcp_kvm_cxl_bpftime_node1,measured
3787,19200,11413.7,-1,11765.4,gcp_kvm_cxl_bpftime_node1,measured
3788,19200,10937.0,-1,11329.9,gcp_kvm_cxl_bpftime_node1,measured
3789,19200,10692.1,-1,11160.7,gcp_kvm_cxl_bpftime_node1,measured
3790,19200,10927.0,-1,11212.7,gcp_kvm_cxl_bpftime_node1,measured
3791,19200,11066.7,-1,11398.0,gcp_kvm_cxl_bpftime_node1,measured
3792,19200,10872.4,-1,11166.5,gcp_kvm_cxl_bpftime_node1,measured
3793,19200,11277.3,-1,11483.9,gcp_kvm_cxl_bpftime_node1,measured
3794,19200,10904.6,-1,11116.4,gcp_kvm_cxl_bpftime_node1,measured
3795,19200,11052.2,-1,11246.0,gcp_kvm_cxl_bpftime_node1,measured
3796,19200,11309.2,-1,11748.3,gcp_kvm_cxl_bpftime_node1,measured
3797,19200,10861.6,-1,11302.5,gcp_kvm_cxl_bpftime_node1,measured
3798,19200,10736.5,-1,11285.2,gcp_kvm_cxl_bpftime_node1,measured
3799,19200,10920.1,-1,11300.8,gcp_kvm_cxl_bpftime_node1,measured
3800,19200,11113.6,-1,11192.7,gcp_kvm_cxl_bpftime_node1,measured
3801,19200,10508.9,-1,10878.3,gcp_kvm_cxl_bpftime_node1,measured
3802,19200,10755.5,-1,11101.1,gcp_kvm_cxl_bpftime_node1,measured
3803,19200,10768.0,-1,11061.6,gcp_kvm_cxl_bpftime_node1,measured
3804,19200,10871.5,-1,11389.8,gcp_kvm_cxl_bpftime_node1,measured
3805,19200,10865.0,-1,11325.9,gcp_kvm_cxl_bpftime_node1,measured
3806,19200,11139.4,-1,11439.1,gcp_kvm_cxl_bpftime_node1,measured
3807,19200,11306.7,-1,11835.7,gcp_kvm_cxl_bpftime_node1,measured
3808,19200,11241.3,-1,11658.7,gcp_kvm_cxl_bpftime_node1,measured
3809,19200,11078.6,-1,11524.7,gcp_kvm_cxl_bpftime_node1,measured
3810,19200,11060.7,-1,11438.4,gcp_kvm_cxl_bpftime_node1,measured
3811,19200,11157.9,-1,11453.2,gcp_kvm_cxl_bpftime_node1,measured
3812,19200,10757.2,-1,10965.1,gcp_kvm_cxl_bpftime_node1,measured
3813,19200,10794.3,-1,11248.7,gcp_kvm_cxl_bpftime_node1,measured
3814,19200,11290.7,-1,11759.8,gcp_kvm_cxl_bpftime_node1,measured
3815,19200,11326.5,-1,11880.7,gcp_kvm_cxl_bpftime_node1,measured
3816,19200,10651.0,-1,10913.4,gcp_kvm_cxl_bpftime_node1,measured
3817,19200,10636.4,-1,11131.0,gcp_kvm_cxl_bpftime_node1,measured
3818,19200,11226.4,-1,11611.4,gcp_kvm_cxl_bpftime_node1,measured
3819,19200,11209.3,-1,11650.9,gcp_kvm_cxl_bpftime_node1,measured
3820,19200,10998.9,-1,11428.9,gcp_kvm_cxl_bpftime_node1,measured
3821,19200,10994.5,-1,11457.0,gcp_kvm_cxl_bpftime_node1,measured
3822,19200,11038.1,-1,11397.2,gcp_kvm_cxl_bpftime_node1,measured
3823,19200,11301.6,-1,11759.9,gcp_kvm_cxl_bpftime_node1,measured
3824,19200,10785.5,-1,11209.2,gcp_kvm_cxl_bpftime_node1,measured
3825,19200,11265.1,-1,11693.8,gcp_kvm_cxl_bpftime_node1,measured
3826,19200,10502.3,-1,10872.1,gcp_kvm_cxl_bpftime_node1,measured
3827,19200,11171.4,-1,11502.6,gcp_kvm_cxl_bpftime_node1,measured
3828,19200,11184.3,-1,11729.5,gcp_kvm_cxl_bpftime_node1,measured
3829,19200,10872.7,-1,11270.6,gcp_kvm_cxl_bpftime_node1,measured
3830,19200,11121.9,-1,11588.5,gcp_kvm_cxl_bpftime_node1,measured
3831,19200,10959.2,-1,11415.4,gcp_kvm_cxl_bpftime_node1,measured
3832,19200,11202.1,-1,11650.6,gcp_kvm_cxl_bpftime_node1,measured
3833,19200,11148.8,-1,11607.0,gcp_kvm_cxl_bpftime_node1,measured
3834,19200,10737.2,-1,11165.4,gcp_kvm_cxl_bpftime_node1,measured
3835,19200,10922.6,-1,11364.0,gcp_kvm_cxl_bpftime_node1,measured
3836,19200,11499.5,-1,11803.5,gcp_kvm_cxl_bpftime_node1,measured
3837,19200,10901.1,-1,11267.2,gcp_kvm_cxl_bpftime_node1,measured
3838,19200,11036.5,-1,11407.8,gcp_kvm_cxl_bpftime_node1,measured
3839,19200,11182.5,-1,11581.2,gcp_kvm_cxl_bpftime_node1,measured
3840,19200,10713.0,-1,11261.2,gcp_kvm_cxl_bpftime_node1,measured
3841,19200,10595.9,-1,11050.3,gcp_kvm_cxl_bpftime_node1,measured
3842,19200,11240.8,-1,11728.0,gcp_kvm_cxl_bpftime_node1,measured
3843,19200,10678.0,-1,11041.6,gcp_kvm_cxl_bpftime_node1,measured
3844,19200,10723.4,-1,11185.8,gcp_kvm_cxl_bpftime_node1,measured
3845,19200,11095.5,-1,11512.7,gcp_kvm_cxl_bpftime_node1,measured
3846,19200,11347.7,-1,11753.5,gcp_kvm_cxl_bpftime_node1,measured
3847,19200,11025.7,-1,11321.5,gcp_kvm_cxl_bpftime_node1,measured
3848,19200,11230.2,-1,11701.6,gcp_kvm_cxl_bpftime_node1,measured
3849,19200,10787.9,-1,11163.5,gcp_kvm_cxl_bpftime_node1,measured
3850,19200,11328.4,-1,11745.3,gcp_kvm_cxl_bpftime_node1,measured
3851,19200,11247.3,-1,11671.1,gcp_kvm_cxl_bpftime_node1,measured
3852,19200,11076.2,-1,11536.3,gcp_kvm_cxl_bpftime_node1,measured
3853,19200,11242.3,-1,11658.0,gcp_kvm_cxl_bpftime_node1,measured
3854,19200,11307.0,-1,11758.3,gcp_kvm_cxl_bpftime_node1,measured
3855,19200,10608.5,-1,10999.0,gcp_kvm_cxl_bpftime_node1,measured
3856,19200,11268.8,-1,11784.9,gcp_kvm_cxl_bpftime_node1,measured
3857,19200,10558.2,-1,10891.6,gcp_kvm_cxl_bpftime_node1,measured
3858,19200,11280.1,-1,11611.8,gcp_kvm_cxl_bpftime_node1,measured
3859,19200,10861.7,-1,11306.6,gcp_kvm_cxl_bpftime_node1,measured
3860,19200,11118.6,-1,11654.1,gcp_kvm_cxl_bpftime_node1,measured
3861,19200,11394.2,-1,11540.9,gcp_kvm_cxl_bpftime_node1,measured
3862,19200,10979.5,-1,11471.1,gcp_kvm_cxl_bpftime_node1,measured
3863,19200,10935.2,-1,11241.2,gcp_kvm_cxl_bpftime_node1,measured
3864,19200,11225.9,-1,11778.5,gcp_kvm_cxl_bpftime_node1,measured
3865,19200,11288.8,-1,11742.8,gcp_kvm_cxl_bpftime_node1,measured
3866,19200,11187.2,-1,11384.8,gcp_kvm_cxl_bpftime_node1,measured
3867,19200,11098.8,-1,11446.2,gcp_kvm_cxl_bpftime_node1,measured
3868,19200,10962.8,-1,11158.2,gcp_kvm_cxl_bpftime_node1,measured
3869,19200,11188.2,-1,11465.4,gcp_kvm_cxl_bpftime_node1,measured
3870,19200,11049.1,-1,11554.4,gcp_kvm_cxl_bpftime_node1,measured
3871,19200,10802.3,-1,11224.9,gcp_kvm_cxl_bpftime_node1,measured
3872,19200,11332.8,-1,11728.6,gcp_kvm_cxl_bpftime_node1,measured
3873,19200,10992.8,-1,11435.0,gcp_kvm_cxl_bpftime_node1,measured
3874,19200,10947.1,-1,11300.7,gcp_kvm_cxl_bpftime_node1,measured
3875,19200,10819.0,-1,11172.9,gcp_kvm_cxl_bpftime_node1,measured
3876,19200,11314.1,-1,11727.0,gcp_kvm_cxl_bpftime_node1,measured
3877,19200,11132.6,-1,11667.7,gcp_kvm_cxl_bpftime_node1,measured
3878,19200,11113.9,-1,11542.4,gcp_kvm_cxl_bpftime_node1,measured
3879,19200,11083.9,-1,11440.6,gcp_kvm_cxl_bpftime_node1,measured
3880,19200,11288.3,-1,11562.6,gcp_kvm_cxl_bpftime_node1,measured
3881,19200,11166.4,-1,11603.5,gcp_kvm_cxl_bpftime_node1,measured
3882,19200,11430.2,-1,11949.9,gcp_kvm_cxl_bpftime_node1,measured
3883,19200,11313.0,-1,11768.6,gcp_kvm_cxl_bpftime_node1,measured
3884,19200,11188.3,-1,11745.4,gcp_kvm_cxl_bpftime_node1,measured
3885,19200,10742.6,-1,11113.9,gcp_kvm_cxl_bpftime_node1,measured
3886,19200,10831.6,-1,11263.8,gcp_kvm_cxl_bpftime_node1,measured
3887,19200,10612.7,-1,11073.8,gcp_kvm_cxl_bpftime_node1,measured
3888,19200,11102.2,-1,11574.6,gcp_kvm_cxl_bpftime_node1,measured
3889,19200,11350.4,-1,11771.7,gcp_kvm_cxl_bpftime_node1,measured
3890,19200,11218.6,-1,11597.8,gcp_kvm_cxl_bpftime_node1,measured
3891,19200,10820.0,-1,11249.7,gcp_kvm_cxl_bpftime_node1,measured
3892,19200,10775.5,-1,11116.0,gcp_kvm_cxl_bpftime_node1,measured
3893,19200,11032.7,-1,11339.6,gcp_kvm_cxl_bpftime_node1,measured
3894,19200,11209.1,-1,11683.1,gcp_kvm_cxl_bpftime_node1,measured
3895,19200,11146.6,-1,11597.1,gcp_kvm_cxl_bpftime_node1,measured
3896,19200,10823.1,-1,11181.1,gcp_kvm_cxl_bpftime_node1,measured
3897,19200,10883.9,-1,11240.2,gcp_kvm_cxl_bpftime_node1,measured
3898,19200,10662.3,-1,11024.4,gcp_kvm_cxl_bpftime_node1,measured
3899,19200,11186.6,-1,11571.0,gcp_kvm_cxl_bpftime_node1,measured
3900,19200,11097.4,-1,11252.8,gcp_kvm_cxl_bpftime_node1,measured
3901,19200,11127.3,-1,11518.0,gcp_kvm_cxl_bpftime_node1,measured
3902,19200,11260.5,-1,11688.6,gcp_kvm_cxl_bpftime_node1,measured
3903,19200,11208.0,-1,11599.3,gcp_kvm_cxl_bpftime_node1,measured
3904,19200,10878.3,-1,11300.7,gcp_kvm_cxl_bpftime_node1,measured
3905,19200,10986.1,-1,11456.2,gcp_kvm_cxl_bpftime_node1,measured
3906,19200,11198.7,-1,11612.0,gcp_kvm_cxl_bpftime_node1,measured
3907,19200,10875.3,-1,11345.6,gcp_kvm_cxl_bpftime_node1,measured
3908,19200,10847.0,-1,11176.1,gcp_kvm_cxl_bpftime_node1,measured
3909,19200,10774.8,-1,11204.4,gcp_kvm_cxl_bpftime_node1,measured
3910,19200,11360.2,-1,11758.8,gcp_kvm_cxl_bpftime_node1,measured
3911,19200,10795.9,-1,11214.7,gcp_kvm_cxl_bpftime_node1,measured
3912,19200,11014.0,-1,11232.5,gcp_kvm_cxl_bpftime_node1,measured
3913,19200,10995.6,-1,11351.6,gcp_kvm_cxl_bpftime_node1,measured
3914,19200,11292.9,-1,11581.3,gcp_kvm_cxl_bpftime_node1,measured
3915,19200,10785.7,-1,11198.4,gcp_kvm_cxl_bpftime_node1,measured
3916,19200,11062.8,-1,11527.0,gcp_kvm_cxl_bpftime_node1,measured
3917,19200,10738.5,-1,11149.8,gcp_kvm_cxl_bpftime_node1,measured
3918,19200,11006.1,-1,11465.8,gcp_kvm_cxl_bpftime_node1,measured
3919,19200,11086.7,-1,11540.4,gcp_kvm_cxl_bpftime_node1,measured
3920,19200,11262.8,-1,11658.2,gcp_kvm_cxl_bpftime_node1,measured
3921,19200,10773.0,-1,11073.3,gcp_kvm_cxl_bpftime_node1,measured
3922,19200,11226.2,-1,11674.4,gcp_kvm_cxl_bpftime_node1,measured
3923,19200,11134.3,-1,11547.5,gcp_kvm_cxl_bpftime_node1,measured
3924,19200,11140.5,-1,11498.3,gcp_kvm_cxl_bpftime_node1,measured
3925,19200,10878.8,-1,11241.6,gcp_kvm_cxl_bpftime_node1,measured
3926,19200,10703.0,-1,11007.3,gcp_kvm_cxl_bpftime_node1,measured
3927,19200,11244.3,-1,11691.9,gcp_kvm_cxl_bpftime_node1,measured
3928,19200,11308.6,-1,11751.4,gcp_kvm_cxl_bpftime_node1,measured
3929,19200,11175.6,-1,11623.1,gcp_kvm_cxl_bpftime_node1,measured
3930,19200,10891.2,-1,11234.6,gcp_kvm_cxl_bpftime_node1,measured
3931,19200,11379.0,-1,11846.5,gcp_kvm_cxl_bpftime_node1,measured
3932,19200,11029.5,-1,11420.1,gcp_kvm_cxl_bpftime_node1,measured
3933,19200,11073.5,-1,11494.3,gcp_kvm_cxl_bpftime_node1,measured
3934,19200,11125.2,-1,11663.5,gcp_kvm_cxl_bpftime_node1,measured
3935,19200,10782.8,-1,11188.9,gcp_kvm_cxl_bpftime_node1,measured
3936,19200,11303.1,-1,11639.0,gcp_kvm_cxl_bpftime_node1,measured
3937,19200,10816.4,-1,11109.4,gcp_kvm_cxl_bpftime_node1,measured
3938,19200,11335.7,-1,11786.7,gcp_kvm_cxl_bpftime_node1,measured
3939,19200,10801.4,-1,11162.3,gcp_kvm_cxl_bpftime_node1,measured
3940,19200,10988.0,-1,11278.3,gcp_kvm_cxl_bpftime_node1,measured
3941,19200,11178.2,-1,11514.4,gcp_kvm_cxl_bpftime_node1,measured
3942,19200,10800.5,-1,11234.5,gcp_kvm_cxl_bpftime_node1,measured
3943,19200,11135.1,-1,11428.1,gcp_kvm_cxl_bpftime_node1,measured
3944,19200,10887.5,-1,11352.6,gcp_kvm_cxl_bpftime_node1,measured
3945,19200,11261.0,-1,11702.6,gcp_kvm_cxl_bpftime_node1,measured
3946,19200,11368.4,-1,11865.7,gcp_kvm_cxl_bpftime_node1,measured
3947,19200,11127.1,-1,11402.1,gcp_kvm_cxl_bpftime_node1,measured
3948,19200,10861.3,-1,11302.7,gcp_kvm_cxl_bpftime_node1,measured
3949,19200,11215.6,-1,11600.2,gcp_kvm_cxl_bpftime_node1,measured
3950,19200,10801.0,-1,11229.9,gcp_kvm_cxl_bpftime_node1,measured
3951,19200,11255.7,-1,11556.9,gcp_kvm_cxl_bpftime_node1,measured
3952,19200,11413.7,-1,11903.8,gcp_kvm_cxl_bpftime_node1,measured
3953,19200,11163.8,-1,11481.8,gcp_kvm_cxl_bpftime_node1,measured
3954,19200,11406.2,-1,11761.6,gcp_kvm_cxl_bpftime_node1,measured
3955,19200,11253.6,-1,11669.5,gcp_kvm_cxl_bpftime_node1,measured
3956,19200,11296.0,-1,11746.6,gcp_kvm_cxl_bpftime_node1,measured
3957,19200,10626.4,-1,10886.8,gcp_kvm_cxl_bpftime_node1,measured
3958,19200,11093.4,-1,11428.5,gcp_kvm_cxl_bpftime_node1,measured
3959,19200,10784.9,-1,11136.9,gcp_kvm_cxl_bpftime_node1,measured
3960,19200,11173.2,-1,11600.0,gcp_kvm_cxl_bpftime_node1,measured
3961,19200,11143.8,-1,11418.9,gcp_kvm_cxl_bpftime_node1,measured
3962,19200,10955.5,-1,11401.3,gcp_kvm_cxl_bpftime_node1,measured
3963,19200,10813.4,-1,11233.8,gcp_kvm_cxl_bpftime_node1,measured
3964,19200,10776.7,-1,11059.1,gcp_kvm_cxl_bpftime_node1,measured
3965,19200,11046.1,-1,11423.4,gcp_kvm_cxl_bpftime_node1,measured
3966,19200,10574.7,-1,10945.2,gcp_kvm_cxl_bpftime_node1,measured
3967,19200,10545.7,-1,10906.4,gcp_kvm_cxl_bpftime_node1,measured
3968,19200,10850.7,-1,11299.8,gcp_kvm_cxl_bpftime_node1,measured
3969,19200,11322.0,-1,11696.1,gcp_kvm_cxl_bpftime_node1,measured
3970,19200,11303.6,-1,11669.9,gcp_kvm_cxl_bpftime_node1,measured
3971,19200,11047.2,-1,11517.9,gcp_kvm_cxl_bpftime_node1,measured
3972,19200,10571.3,-1,10863.0,gcp_kvm_cxl_bpftime_node1,measured
3973,19200,11261.5,-1,11670.2,gcp_kvm_cxl_bpftime_node1,measured
3974,19200,10880.1,-1,11286.7,gcp_kvm_cxl_bpftime_node1,measured
3975,19200,11202.0,-1,11610.1,gcp_kvm_cxl_bpftime_node1,measured
3976,19200,11087.3,-1,11560.4,gcp_kvm_cxl_bpftime_node1,measured
3977,19200,11357.8,-1,11784.7,gcp_kvm_cxl_bpftime_node1,measured
3978,19200,11304.7,-1,11681.6,gcp_kvm_cxl_bpftime_node1,measured
3979,19200,11263.0,-1,11746.1,gcp_kvm_cxl_bpftime_node1,measured
3980,19200,10589.4,-1,10954.8,gcp_kvm_cxl_bpftime_node1,measured
3981,19200,11178.1,-1,11699.7,gcp_kvm_cxl_bpftime_node1,measured
3982,19200,10783.7,-1,11201.6,gcp_kvm_cxl_bpftime_node1,measured
3983,19200,11292.1,-1,11632.4,gcp_kvm_cxl_bpftime_node1,measured
3984,19200,11251.8,-1,11572.6,gcp_kvm_cxl_bpftime_node1,measured
3985,19200,11270.5,-1,11664.1,gcp_kvm_cxl_bpftime_node1,measured
3986,19200,11309.3,-1,11713.0,gcp_kvm_cxl_bpftime_node1,measured
3987,19200,11316.6,-1,11636.7,gcp_kvm_cxl_bpftime_node1,measured
3988,19200,11372.5,-1,11781.3,gcp_kvm_cxl_bpftime_node1,measured
3989,19200,10680.2,-1,11141.1,gcp_kvm_cxl_bpftime_node1,measured
3990,19200,11254.3,-1,11734.7,gcp_kvm_cxl_bpftime_node1,measured
3991,19200,11348.2,-1,11803.0,gcp_kvm_cxl_bpftime_node1,measured
3992,19200,11308.0,-1,11679.4,gcp_kvm_cxl_bpftime_node1,measured
3993,19200,11286.6,-1,11736.5,gcp_kvm_cxl_bpftime_node1,measured
3994,19200,11287.3,-1,11681.0,gcp_kvm_cxl_bpftime_node1,measured
3995,19200,11407.0,-1,11680.8,gcp_kvm_cxl_bpftime_node1,measured
3996,19200,10749.1,-1,11106.6,gcp_kvm_cxl_bpftime_node1,measured
3997,19200,10990.7,-1,11312.0,gcp_kvm_cxl_bpftime_node1,measured
3998,19200,10544.4,-1,11025.1,gcp_kvm_cxl_bpftime_node1,measured
3999,19200,10496.7,-1,10971.7,gcp_kvm_cxl_bpftime_node1,measured
